season,week,team,opponent,player_id,player_name,completions,pass_attempts,passing_tds,passing_yards,receiving_yards,receptions,rushing_attempts,rushing_yards
2026,2,Abilene Christian,Stephen F. Austin,4685342,Cristian Driver,0.0,0.0,0.0,0.0,75.0,5.0,0.0,0.0
2026,2,Abilene Christian,Stephen F. Austin,4690984,Jayden York,0.0,0.0,0.0,0.0,6.0,1.0,0.0,0.0
2026,2,Abilene Christian,Stephen F. Austin,5078014,Brandon Johnson,0.0,0.0,0.0,0.0,0.0,0.0,5.0,13.0
2026,2,Abilene Christian,Stephen F. Austin,5089179,Brian Henry,0.0,0.0,0.0,0.0,12.0,2.0,0.0,0.0
2026,2,Abilene Christian,Stephen F. Austin,5150786,Makenzie McGill,0.0,0.0,0.0,0.0,0.0,0.0,1.0,9.0
2026,2,Abilene Christian,Stephen F. Austin,5222189,Seth Weller,0.0,0.0,0.0,0.0,25.0,1.0,0.0,0.0
2026,2,Abilene Christian,Stephen F. Austin,5226080,John David Black,21.0,38.0,1.0,267.0,0.0,0.0,5.0,-25.0
2026,2,Abilene Christian,Stephen F. Austin,5231153,Raydrian Baltrip,0.0,0.0,0.0,0.0,50.0,3.0,0.0,0.0
2026,2,Abilene Christian,Stephen F. Austin,5231157,Deonte Dean,0.0,0.0,0.0,0.0,22.0,3.0,13.0,36.0
2026,2,Abilene Christian,Stephen F. Austin,5441620,Romelo Boykin,0.0,0.0,0.0,0.0,77.0,6.0,0.0,0.0
2026,2,Air Force,North Dakota State,5223112,Kemper Hodges,0.0,0.0,0.0,0.0,0.0,0.0,6.0,24.0
2026,2,Air Force,North Dakota State,5223119,Owen Allen,0.0,0.0,0.0,0.0,0.0,0.0,13.0,53.0
2026,2,Air Force,North Dakota State,5223131,Rocco Conti,0.0,0.0,0.0,0.0,21.0,1.0,4.0,9.0
2026,2,Air Force,North Dakota State,5223147,Simon Kibbee,0.0,0.0,0.0,0.0,27.0,2.0,0.0,0.0
2026,2,Air Force,North Dakota State,5223149,Adam Hrynciw,0.0,0.0,0.0,0.0,42.0,2.0,0.0,0.0
2026,2,Air Force,North Dakota State,5238868,Liam Szarka,5.0,10.0,0.0,103.0,0.0,0.0,21.0,88.0
2026,2,Air Force,North Dakota State,5238869,Matt Long,0.0,0.0,0.0,0.0,55.0,2.0,1.0,2.0
2026,2,Air Force,North Dakota State,5295013,Mason Hayes,1.0,1.0,1.0,29.0,0.0,0.0,0.0,0.0
2026,2,Air Force,North Dakota State,5306440,Evan Medders,3.0,4.0,1.0,47.0,0.0,0.0,6.0,31.0
2026,2,Air Force,North Dakota State,5309672,Sylas Maiava-Alaimalo,0.0,0.0,0.0,0.0,34.0,2.0,0.0,0.0
2026,2,Akron,Robert Morris,4871050,Marquese Williams,0.0,0.0,0.0,0.0,0.0,0.0,2.0,6.0
2026,2,Akron,Robert Morris,4912281,Taven Curry,0.0,0.0,0.0,0.0,0.0,0.0,1.0,3.0
2026,2,Akron,Robert Morris,5076653,Brandon Hills,0.0,0.0,0.0,0.0,26.0,2.0,1.0,2.0
2026,2,Akron,Robert Morris,5084582,Jordan Gant,0.0,0.0,0.0,0.0,20.0,4.0,12.0,81.0
2026,2,Akron,Robert Morris,5110019,Kyan Mason,0.0,0.0,0.0,0.0,2.0,1.0,0.0,0.0
2026,2,Akron,Robert Morris,5146708,Sean Patrick,0.0,0.0,0.0,0.0,65.0,4.0,8.0,67.0
2026,2,Akron,Robert Morris,5146903,Brayden Roggow,5.0,6.0,0.0,55.0,0.0,0.0,2.0,11.0
2026,2,Akron,Robert Morris,5157315,Connor Cravaack,0.0,0.0,0.0,0.0,13.0,1.0,0.0,0.0
2026,2,Akron,Robert Morris,5157316,Paul Davis,0.0,0.0,0.0,0.0,13.0,1.0,0.0,0.0
2026,2,Akron,Robert Morris,5157324,Jean Louis III,0.0,0.0,0.0,0.0,48.0,2.0,0.0,0.0
2026,2,Akron,Robert Morris,5193102,Miles Burris,0.0,0.0,0.0,0.0,0.0,3.0,0.0,0.0
2026,2,Akron,Robert Morris,5193341,Marcel Williams,0.0,0.0,0.0,0.0,31.0,4.0,0.0,0.0
2026,2,Akron,Robert Morris,5198324,Cibastian Broughton,23.0,27.0,4.0,227.0,0.0,0.0,13.0,71.0
2026,2,Akron,Robert Morris,5295925,Titus Myers,0.0,0.0,0.0,0.0,9.0,1.0,0.0,0.0
2026,2,Akron,Robert Morris,5397589,Elijah Alexander,0.0,0.0,0.0,0.0,55.0,5.0,0.0,0.0
2026,2,Alabama,Kentucky,5079506,Daniel Hill,0.0,0.0,0.0,0.0,12.0,2.0,18.0,104.0
2026,2,Alabama,Kentucky,5079714,Rico Scott,0.0,0.0,0.0,0.0,44.0,3.0,0.0,0.0
2026,2,Alabama,Kentucky,5136836,Rydarrius Morgan,0.0,0.0,0.0,0.0,0.0,0.0,4.0,18.0
2026,2,Alabama,Kentucky,5141394,Lotzeir Brooks,0.0,0.0,0.0,0.0,54.0,5.0,1.0,3.0
2026,2,Alabama,Kentucky,5141629,Keelon Russell,16.0,23.0,1.0,188.0,0.0,0.0,8.0,-9.0
2026,2,Alabama,Kentucky,5141711,Ryan Williams,0.0,0.0,0.0,0.0,43.0,4.0,0.0,0.0
2026,2,Alabama,Kentucky,5164343,Marshall Pritchett,0.0,0.0,0.0,0.0,27.0,1.0,1.0,0.0
2026,2,Alabama,Kentucky,5264688,EJ Crowell,0.0,0.0,0.0,0.0,0.0,0.0,3.0,17.0
2026,2,Alabama,Kentucky,5327659,Trae'shawn Brown,0.0,0.0,0.0,0.0,8.0,1.0,5.0,22.0
2026,2,Alabama A&M,Tennessee State,4568411,Cornelious Brown,24.0,38.0,3.0,326.0,0.0,0.0,2.0,-12.0
2026,2,Alabama A&M,Tennessee State,4806381,Jarel Williams,0.0,0.0,0.0,0.0,175.0,8.0,0.0,0.0
2026,2,Alabama A&M,Tennessee State,5152667,Troy Bruce,0.0,0.0,0.0,0.0,0.0,0.0,5.0,9.0
2026,2,Alabama A&M,Tennessee State,5160663,Ty'Jarian Williams,0.0,0.0,0.0,0.0,0.0,0.0,5.0,50.0
2026,2,Alabama A&M,Tennessee State,5160687,Jaxson Davis,0.0,0.0,0.0,0.0,6.0,1.0,0.0,0.0
2026,2,Alabama A&M,Tennessee State,5162978,Devin Herring,0.0,0.0,0.0,0.0,3.0,1.0,0.0,0.0
2026,2,Alabama A&M,Tennessee State,5220552,Jaylan Bean,0.0,0.0,0.0,0.0,71.0,5.0,0.0,0.0
2026,2,Alabama A&M,Tennessee State,5227917,Kolton Nero,0.0,0.0,0.0,0.0,8.0,2.0,10.0,52.0
2026,2,Alabama A&M,Tennessee State,5227933,Donovan Price,0.0,0.0,0.0,0.0,34.0,2.0,0.0,0.0
2026,2,Alabama A&M,Tennessee State,5299986,Jordan Chambers-Smith,0.0,0.0,0.0,0.0,23.0,3.0,0.0,0.0
2026,2,Alabama A&M,Tennessee State,5299988,Mekhi Maddox,0.0,0.0,0.0,0.0,4.0,1.0,0.0,0.0
2026,2,Alabama A&M,Tennessee State,5441219,Mac Armstrong,0.0,0.0,0.0,0.0,0.0,0.0,1.0,7.0
2026,2,Alabama A&M,Tennessee State,5441225,Imari Conely,0.0,0.0,0.0,0.0,2.0,1.0,0.0,0.0
2026,2,Alabama A&M,Tennessee State,5441226,Byron Perrilliat,0.0,0.0,0.0,0.0,0.0,0.0,6.0,20.0
2026,2,Alabama State,Troy,-5160, Team,0.0,0.0,0.0,0.0,0.0,0.0,1.0,-2.0
2026,2,Alabama State,Troy,4887151,Andrew Body,13.0,23.0,1.0,105.0,0.0,0.0,12.0,13.0
2026,2,Alabama State,Troy,5154351,Eric Horn,0.0,0.0,0.0,0.0,0.0,1.0,0.0,0.0
2026,2,Alabama State,Troy,5222936,Franck Pierre,0.0,0.0,0.0,0.0,27.0,1.0,0.0,0.0
2026,2,Alabama State,Troy,5227061,Jamarie Hostzclaw,0.0,0.0,0.0,0.0,10.0,2.0,12.0,80.0
2026,2,Alabama State,Troy,5238619,Kareem Keye,0.0,0.0,0.0,0.0,19.0,2.0,0.0,0.0
2026,2,Alabama State,Troy,5302416,Nehemiah Hixon,0.0,0.0,0.0,0.0,24.0,2.0,1.0,-2.0
2026,2,Alabama State,Troy,5421924,Jareese Howard,0.0,0.0,0.0,0.0,-1.0,1.0,4.0,9.0
2026,2,Alabama State,Troy,5434670,Tj Ramsey,0.0,0.0,0.0,0.0,3.0,2.0,1.0,1.0
2026,2,Alabama State,Troy,5441396,Aaron Frye,0.0,1.0,0.0,0.0,0.0,0.0,3.0,17.0
2026,2,Alabama State,Troy,5441413,John Austin,0.0,0.0,0.0,0.0,23.0,2.0,0.0,0.0
2026,2,Alcorn State,Arkansas-Pine Bluff,4878822,Jaylon Tolbert,32.0,45.0,5.0,485.0,0.0,0.0,7.0,36.0
2026,2,Alcorn State,Arkansas-Pine Bluff,5089300,Elijah Griffin,0.0,0.0,0.0,0.0,30.0,3.0,0.0,0.0
2026,2,Alcorn State,Arkansas-Pine Bluff,5125850,Tyree Kelly,0.0,0.0,0.0,0.0,151.0,6.0,0.0,0.0
2026,2,Alcorn State,Arkansas-Pine Bluff,5154269,Jamarr Ebron,0.0,0.0,0.0,0.0,16.0,2.0,0.0,0.0
2026,2,Alcorn State,Arkansas-Pine Bluff,5159983,Omarion Blakes,0.0,0.0,0.0,0.0,0.0,1.0,0.0,0.0
2026,2,Alcorn State,Arkansas-Pine Bluff,5164609,Damien Jones,0.0,0.0,0.0,0.0,59.0,4.0,0.0,0.0
2026,2,Alcorn State,Arkansas-Pine Bluff,5193224,Fred Robertson,0.0,0.0,0.0,0.0,34.0,1.0,9.0,22.0
2026,2,Alcorn State,Arkansas-Pine Bluff,5207912,Malachi Augustus,0.0,0.0,0.0,0.0,21.0,1.0,0.0,0.0
2026,2,Alcorn State,Arkansas-Pine Bluff,5227005,Armon Wright,0.0,0.0,0.0,0.0,60.0,6.0,1.0,12.0
2026,2,Alcorn State,Arkansas-Pine Bluff,5231332,Jamar Kaho,0.0,0.0,0.0,0.0,8.0,1.0,0.0,0.0
2026,2,Alcorn State,Arkansas-Pine Bluff,5299368,Ernest Temple,0.0,0.0,0.0,0.0,56.0,5.0,28.0,144.0
2026,2,Alcorn State,Arkansas-Pine Bluff,5300389,Carl McDonald,0.0,0.0,0.0,0.0,27.0,1.0,0.0,0.0
2026,2,Alcorn State,Arkansas-Pine Bluff,5441652,Nolan Chambers,0.0,0.0,0.0,0.0,23.0,1.0,0.0,0.0
2026,2,App State,East Carolina,-5223, Team,0.0,0.0,0.0,0.0,0.0,0.0,1.0,1.0
2026,2,App State,East Carolina,4700811,Ja'Quez Cross,0.0,0.0,0.0,0.0,8.0,1.0,7.0,19.0
2026,2,App State,East Carolina,4870999,Malachi Singleton,20.0,28.0,0.0,267.0,0.0,0.0,11.0,8.0
2026,2,App State,East Carolina,4871065,Treyaun Webb,0.0,0.0,0.0,0.0,0.0,0.0,6.0,20.0
2026,2,App State,East Carolina,4885469,Darrin Fugitt,0.0,0.0,0.0,0.0,66.0,7.0,0.0,0.0
2026,2,App State,East Carolina,5077670,Jackson Grier,0.0,0.0,0.0,0.0,12.0,1.0,0.0,0.0
2026,2,App State,East Carolina,5092352,Chris Lofton,0.0,0.0,0.0,0.0,33.0,3.0,0.0,0.0
2026,2,App State,East Carolina,5146664,Henry Hasselbeck,0.0,0.0,0.0,0.0,0.0,0.0,2.0,8.0
2026,2,App State,East Carolina,5156152,Jaquari Lewis,0.0,0.0,0.0,0.0,0.0,0.0,17.0,73.0
2026,2,App State,East Carolina,5199951,Alex Sanchez,0.0,0.0,0.0,0.0,13.0,1.0,0.0,0.0
2026,2,App State,East Carolina,5218246,Luke Douglas,0.0,0.0,0.0,0.0,4.0,1.0,0.0,0.0
2026,2,App State,East Carolina,5224355,Nate Branch,0.0,0.0,0.0,0.0,45.0,2.0,0.0,0.0
2026,2,App State,East Carolina,5300543,Sam Pickett III,0.0,0.0,0.0,0.0,86.0,4.0,0.0,0.0
2026,2,Arizona,BYU,4709804,Cole Rusk,0.0,0.0,0.0,0.0,48.0,2.0,0.0,0.0
2026,2,Arizona,BYU,4801717,Noah Fifita,23.0,31.0,1.0,230.0,0.0,0.0,11.0,38.0
2026,2,Arizona,BYU,4804879,Quincy Craig,0.0,0.0,0.0,0.0,22.0,3.0,3.0,6.0
2026,2,Arizona,BYU,4870754,Rodney Gallagher,0.0,0.0,0.0,0.0,26.0,5.0,0.0,0.0
2026,2,Arizona,BYU,4891198,Tre Spivey,0.0,0.0,0.0,0.0,14.0,2.0,1.0,1.0
2026,2,Arizona,BYU,4899361,Kedrick Reescano,0.0,0.0,0.0,0.0,4.0,1.0,15.0,49.0
2026,2,Arizona,BYU,5093837,Chris Hunter,0.0,0.0,0.0,0.0,12.0,1.0,1.0,3.0
2026,2,Arizona,BYU,5121936,Brandon Phelps,0.0,0.0,0.0,0.0,30.0,1.0,0.0,0.0
2026,2,Arizona,BYU,5214651,Caleb Smith,0.0,0.0,0.0,0.0,5.0,1.0,0.0,0.0
2026,2,Arizona,BYU,5217700,Gio Richardson,0.0,0.0,0.0,0.0,48.0,5.0,0.0,0.0
2026,2,Arizona,BYU,5236393,Shane King,0.0,0.0,0.0,0.0,21.0,2.0,0.0,0.0
2026,2,Arizona State,Texas A&M,-5234, Team,0.0,0.0,0.0,0.0,0.0,0.0,1.0,-2.0
2026,2,Arizona State,Texas A&M,4870850,Omarion Miller,0.0,0.0,0.0,0.0,29.0,9.0,0.0,0.0
2026,2,Arizona State,Texas A&M,4900771,Marquis Gillis,0.0,0.0,0.0,0.0,0.0,0.0,4.0,14.0
2026,2,Arizona State,Texas A&M,4917619,Khamari Anderson,0.0,0.0,0.0,0.0,21.0,1.0,0.0,0.0
2026,2,Arizona State,Texas A&M,5031157,Reed Harris,0.0,0.0,0.0,0.0,189.0,9.0,0.0,0.0
2026,2,Arizona State,Texas A&M,5110535,Kyson Brown,0.0,0.0,0.0,0.0,2.0,1.0,13.0,66.0
2026,2,Arizona State,Texas A&M,5141378,Cutter Boley,21.0,34.0,2.0,254.0,0.0,0.0,6.0,31.0
2026,2,Arizona State,Texas A&M,5147330,James Giggey,0.0,0.0,0.0,0.0,0.0,0.0,1.0,0.0
2026,2,Arizona State,Texas A&M,5164362,Raiden Vines-Bright,0.0,0.0,0.0,0.0,13.0,1.0,0.0,0.0
2026,2,Arizona State,Texas A&M,5209382,Cardae Mack,0.0,0.0,0.0,0.0,0.0,0.0,1.0,2.0
2026,2,Arizona State,Texas A&M,5257046,Grayson Rigdon,0.0,0.0,0.0,0.0,0.0,0.0,3.0,4.0
2026,2,Arkansas,Utah,3116099,Monte Harrison,0.0,0.0,0.0,0.0,18.0,3.0,0.0,0.0
2026,2,Arkansas,Utah,4717430,Chris Marshall,0.0,0.0,0.0,0.0,63.0,5.0,0.0,0.0
2026,2,Arkansas,Utah,4805256,Sutton Smith,0.0,0.0,0.0,0.0,-2.0,1.0,7.0,13.0
2026,2,Arkansas,Utah,4870870,Ty Lockwood,0.0,0.0,0.0,0.0,41.0,4.0,0.0,0.0
2026,2,Arkansas,Utah,4917349,Jamari Hawkins,0.0,0.0,0.0,0.0,47.0,3.0,0.0,0.0
2026,2,Arkansas,Utah,5079516,KJ Jackson,14.0,34.0,0.0,139.0,0.0,0.0,7.0,34.0
2026,2,Arkansas,Utah,5079589,Braylen Russell,0.0,0.0,0.0,0.0,0.0,0.0,5.0,13.0
2026,2,Arkansas,Utah,5079759,Jelani Watkins,0.0,0.0,0.0,0.0,8.0,1.0,0.0,0.0
2026,2,Arkansas,Utah,5120970,Ismael Cisse,0.0,0.0,0.0,0.0,35.0,2.0,0.0,0.0
2026,2,Arkansas,Utah,5141473,AJ Hill,8.0,14.0,1.0,105.0,0.0,0.0,3.0,-24.0
2026,2,Arkansas,Utah,5159139,Donovan Faupel,0.0,0.0,0.0,0.0,23.0,1.0,0.0,0.0
2026,2,Arkansas,Utah,5201871,Antonio Jordan,0.0,0.0,0.0,0.0,10.0,1.0,0.0,0.0
2026,2,Arkansas,Utah,5222564,Cam Settles,0.0,0.0,0.0,0.0,1.0,1.0,6.0,25.0
2026,2,Arkansas State,West Georgia,4432669,Joshua Burrell,0.0,0.0,0.0,0.0,8.0,1.0,0.0,0.0
2026,2,Arkansas State,West Georgia,4713649,Drew Dickey,0.0,0.0,0.0,0.0,0.0,0.0,1.0,4.0
2026,2,Arkansas State,West Georgia,4870601,Jaylen Bonelli,0.0,0.0,0.0,0.0,41.0,2.0,0.0,0.0
2026,2,Arkansas State,West Georgia,4877014,Nazeviah Burris,0.0,0.0,0.0,0.0,0.0,0.0,1.0,8.0
2026,2,Arkansas State,West Georgia,4888886,Kenyon Clay,0.0,0.0,0.0,0.0,4.0,2.0,12.0,49.0
2026,2,Arkansas State,West Georgia,5085496,Chauncy Cobb,0.0,0.0,0.0,0.0,54.0,4.0,1.0,17.0
2026,2,Arkansas State,West Georgia,5121571,Ezell Jolly,0.0,0.0,0.0,0.0,6.0,2.0,8.0,55.0
2026,2,Arkansas State,West Georgia,5121601,Hunter Summers,0.0,0.0,0.0,0.0,9.0,1.0,0.0,0.0
2026,2,Arkansas State,West Georgia,5123665,Trey Owens,13.0,17.0,2.0,135.0,0.0,0.0,3.0,-9.0
2026,2,Arkansas State,West Georgia,5156215,Timothy Carter,0.0,0.0,0.0,0.0,0.0,0.0,3.0,5.0
2026,2,Arkansas State,West Georgia,5291661,Dallas Boozer,0.0,0.0,0.0,0.0,13.0,1.0,0.0,0.0
2026,2,Arkansas State,West Georgia,5327235,Solomon Baggett,0.0,0.0,0.0,0.0,0.0,0.0,8.0,70.0
2026,2,Arkansas State,West Georgia,5446579,James Lee,0.0,0.0,0.0,0.0,0.0,0.0,3.0,57.0
2026,2,Arkansas-Pine Bluff,Alcorn State,3149911,Jordan Jackson,0.0,0.0,0.0,0.0,43.0,3.0,0.0,0.0
2026,2,Arkansas-Pine Bluff,Alcorn State,5121763,Za'Marion Webber,0.0,0.0,0.0,0.0,0.0,0.0,10.0,85.0
2026,2,Arkansas-Pine Bluff,Alcorn State,5229495,D'Avery Robinson,0.0,0.0,0.0,0.0,89.0,4.0,0.0,0.0
2026,2,Arkansas-Pine Bluff,Alcorn State,5295046,Demetric Whitlock Jr.,0.0,0.0,0.0,0.0,28.0,4.0,1.0,8.0
2026,2,Arkansas-Pine Bluff,Alcorn State,5303364,Garrison Davis,12.0,24.0,4.0,167.0,0.0,0.0,11.0,67.0
2026,2,Arkansas-Pine Bluff,Alcorn State,5303367,Jaylen Jennings,0.0,0.0,0.0,0.0,0.0,0.0,16.0,98.0
2026,2,Arkansas-Pine Bluff,Alcorn State,5310001,Paul Summers,0.0,0.0,0.0,0.0,7.0,1.0,0.0,0.0
2026,2,Arkansas-Pine Bluff,Alcorn State,5441850,Jalen Williams,0.0,0.0,0.0,0.0,0.0,0.0,2.0,0.0
2026,2,Army,South Florida,5082118,Zach Mundell,1.0,1.0,0.0,37.0,47.0,3.0,3.0,45.0
2026,2,Army,South Florida,5150297,Cale Hellums,9.0,10.0,2.0,91.0,0.0,0.0,18.0,55.0
2026,2,Army,South Florida,5150316,Samari Howard,0.0,0.0,0.0,0.0,10.0,2.0,3.0,3.0
2026,2,Army,South Florida,5150328,Brady Mott,0.0,0.0,0.0,0.0,0.0,0.0,1.0,-4.0
2026,2,Army,South Florida,5150329,Jake Rendina,0.0,0.0,0.0,0.0,0.0,0.0,6.0,26.0
2026,2,Army,South Florida,5150333,Parker Poloskey,0.0,0.0,0.0,0.0,22.0,2.0,0.0,0.0
2026,2,Army,South Florida,5150373,Tobi Olawole,0.0,0.0,0.0,0.0,37.0,1.0,0.0,0.0
2026,2,Army,South Florida,5219436,Bradyn Anderson,0.0,0.0,0.0,0.0,8.0,1.0,0.0,0.0
2026,2,Army,South Florida,5293685,Godspower Nwawuihe,0.0,0.0,0.0,0.0,4.0,1.0,20.0,94.0
2026,2,Auburn,Southern Miss,4683912,Hunter Herring,0.0,0.0,0.0,0.0,14.0,1.0,0.0,0.0
2026,2,Auburn,Southern Miss,4702556,Arlis Boardingham,0.0,0.0,0.0,0.0,18.0,1.0,0.0,0.0
2026,2,Auburn,Southern Miss,4870642,Jeremiah Cobb,0.0,0.0,0.0,0.0,11.0,1.0,12.0,85.0
2026,2,Auburn,Southern Miss,4880272,Byrum Brown,17.0,28.0,2.0,223.0,5.0,1.0,13.0,88.0
2026,2,Auburn,Southern Miss,4880395,Tae Meadows,0.0,0.0,0.0,0.0,0.0,0.0,3.0,18.0
2026,2,Auburn,Southern Miss,4954455,Bryson Washington,0.0,0.0,0.0,0.0,0.0,0.0,7.0,44.0
2026,2,Auburn,Southern Miss,5079382,Jonathan Echols,0.0,0.0,0.0,0.0,22.0,1.0,0.0,0.0
2026,2,Auburn,Southern Miss,5081367,Chas Nimrod,0.0,0.0,0.0,0.0,52.0,7.0,0.0,0.0
2026,2,Auburn,Southern Miss,5121879,Keshaun Singleton,0.0,0.0,0.0,0.0,42.0,3.0,0.0,0.0
2026,2,Auburn,Southern Miss,5209337,DeShawn Spencer,0.0,0.0,0.0,0.0,21.0,2.0,0.0,0.0
2026,2,Auburn,Southern Miss,5209679,Jeremiah Koger,0.0,0.0,0.0,0.0,57.0,2.0,0.0,0.0
2026,2,Auburn,Southern Miss,5210501,Tristan Ti'a,2.0,4.0,0.0,39.0,0.0,0.0,1.0,0.0
2026,2,Auburn,Southern Miss,5217041,Omar Mabson Ii,0.0,0.0,0.0,0.0,0.0,0.0,15.0,108.0
2026,2,Auburn,Southern Miss,5270869,Brian Williams Jr.,0.0,0.0,0.0,0.0,25.0,1.0,0.0,0.0
2026,2,Auburn,Southern Miss,5296027,Christian Neptune,1.0,1.0,1.0,5.0,0.0,0.0,0.0,0.0
2026,2,Austin Peay,Morehead State,-5298, Team,0.0,0.0,0.0,0.0,0.0,0.0,1.0,-1.0
2026,2,Austin Peay,Morehead State,4870889,Chris Parson,12.0,15.0,3.0,260.0,0.0,0.0,2.0,17.0
2026,2,Austin Peay,Morehead State,5095114,Nate Garnett,0.0,0.0,0.0,0.0,4.0,1.0,0.0,0.0
2026,2,Austin Peay,Morehead State,5114310,Chance Fitzgerald,0.0,0.0,0.0,0.0,12.0,1.0,0.0,0.0
2026,2,Austin Peay,Morehead State,5147872,Matthew Wilson,5.0,8.0,0.0,57.0,0.0,0.0,5.0,103.0
2026,2,Austin Peay,Morehead State,5152864,Jackson Head,0.0,0.0,0.0,0.0,12.0,2.0,0.0,0.0
2026,2,Austin Peay,Morehead State,5153736,Kaden Williams,0.0,0.0,0.0,0.0,0.0,0.0,2.0,120.0
2026,2,Austin Peay,Morehead State,5162646,Marvin Sims,0.0,0.0,0.0,0.0,78.0,3.0,0.0,0.0
2026,2,Austin Peay,Morehead State,5194625,Jaden Robinson,0.0,0.0,0.0,0.0,42.0,3.0,0.0,0.0
2026,2,Austin Peay,Morehead State,5214404,Isaiah Groves,0.0,0.0,0.0,0.0,8.0,1.0,6.0,34.0
2026,2,Austin Peay,Morehead State,5224121,Corey Richardson,0.0,0.0,0.0,0.0,0.0,0.0,6.0,28.0
2026,2,Austin Peay,Morehead State,5257034,Denver Harper,0.0,0.0,0.0,0.0,124.0,3.0,1.0,8.0
2026,2,Austin Peay,Morehead State,5439814,Kelvin Perkins III,0.0,0.0,0.0,0.0,0.0,0.0,6.0,43.0
2026,2,Austin Peay,Morehead State,5439818,Ni'Kel Lewis,0.0,0.0,0.0,0.0,5.0,1.0,5.0,24.0
2026,2,Austin Peay,Morehead State,5439833,Isaac Kareem-Maman,0.0,0.0,0.0,0.0,27.0,1.0,0.0,0.0
2026,2,Austin Peay,Morehead State,5439834,Xzavier Webber,0.0,0.0,0.0,0.0,5.0,1.0,0.0,0.0
2026,2,BYU,Arizona,-5439, Team,0.0,0.0,0.0,0.0,0.0,0.0,2.0,-3.0
2026,2,BYU,Arizona,4870876,Kyler Kasper,0.0,0.0,0.0,0.0,51.0,4.0,0.0,0.0
2026,2,BYU,Arizona,4918126,LJ Martin,0.0,0.0,0.0,0.0,27.0,2.0,20.0,98.0
2026,2,BYU,Arizona,5092200,Preston Rex,0.0,0.0,0.0,0.0,8.0,1.0,1.0,11.0
2026,2,BYU,Arizona,5130407,Roger Saleapaga,0.0,0.0,0.0,0.0,5.0,1.0,0.0,0.0
2026,2,BYU,Arizona,5141367,Bear Bachmeier,16.0,26.0,3.0,217.0,0.0,0.0,6.0,37.0
2026,2,BYU,Arizona,5160955,Jojo Phillips,0.0,0.0,0.0,0.0,5.0,1.0,0.0,0.0
2026,2,BYU,Arizona,5221043,Walker Lyons,0.0,0.0,0.0,0.0,22.0,3.0,0.0,0.0
2026,2,BYU,Arizona,5279329,Legend Glasker,0.0,0.0,0.0,0.0,74.0,3.0,1.0,5.0
2026,2,BYU,Arizona,5296269,Reggie Frischknecht,0.0,0.0,0.0,0.0,25.0,1.0,0.0,0.0
2026,2,Ball State,Stony Brook,-5317, Team,0.0,0.0,0.0,0.0,0.0,0.0,2.0,-4.0
2026,2,Ball State,Stony Brook,4899137,Johnny Thompson Jr.,0.0,0.0,0.0,0.0,0.0,0.0,4.0,6.0
2026,2,Ball State,Stony Brook,5075392,Keldric Luster,27.0,32.0,3.0,256.0,0.0,0.0,11.0,14.0
2026,2,Ball State,Stony Brook,5077876,TJ Horton,0.0,0.0,0.0,0.0,-4.0,3.0,9.0,125.0
2026,2,Ball State,Stony Brook,5078053,Isaiah Thacker,0.0,0.0,0.0,0.0,31.0,5.0,2.0,7.0
2026,2,Ball State,Stony Brook,5078533,Jabari Smith,0.0,0.0,0.0,0.0,72.0,6.0,0.0,0.0
2026,2,Ball State,Stony Brook,5082283,Alex Scherle,0.0,0.0,0.0,0.0,12.0,1.0,0.0,0.0
2026,2,Ball State,Stony Brook,5089182,CJ Nelson,0.0,0.0,0.0,0.0,6.0,1.0,0.0,0.0
2026,2,Ball State,Stony Brook,5141434,Elisha Durham,0.0,0.0,0.0,0.0,21.0,1.0,0.0,0.0
2026,2,Ball State,Stony Brook,5152153,Tyler Mizzell,0.0,0.0,0.0,0.0,0.0,0.0,1.0,0.0
2026,2,Ball State,Stony Brook,5191056,Donovan Hamilton,0.0,0.0,0.0,0.0,40.0,4.0,0.0,0.0
2026,2,Ball State,Stony Brook,5222761,Jamarion McDougle,0.0,0.0,0.0,0.0,52.0,4.0,0.0,0.0
2026,2,Ball State,Stony Brook,5265528,Jalen Bonds,0.0,0.0,0.0,0.0,23.0,1.0,6.0,77.0
2026,2,Ball State,Stony Brook,5295205,Tate Hoover,0.0,0.0,0.0,0.0,3.0,1.0,0.0,0.0
2026,2,Ball State,Stony Brook,5385742,Ace Cooper,0.0,0.0,0.0,0.0,0.0,0.0,1.0,1.0
2026,2,Baylor,Prairie View A&M,-5327, Team,0.0,1.0,0.0,0.0,0.0,0.0,1.0,-4.0
2026,2,Baylor,Prairie View A&M,4883774,Jayden McGowan,0.0,0.0,0.0,0.0,67.0,3.0,1.0,13.0
2026,2,Baylor,Prairie View A&M,4896289,Gavin Freeman,0.0,0.0,0.0,0.0,104.0,10.0,0.0,0.0
2026,2,Baylor,Prairie View A&M,4896389,Louis Brown,0.0,0.0,0.0,0.0,21.0,1.0,0.0,0.0
2026,2,Baylor,Prairie View A&M,4910222,Hawkins Polley,0.0,0.0,0.0,0.0,4.0,1.0,0.0,0.0
2026,2,Baylor,Prairie View A&M,4921305,Matthew Klopfenstein,0.0,0.0,0.0,0.0,9.0,1.0,0.0,0.0
2026,2,Baylor,Prairie View A&M,4921517,Dawson Pendergrass,0.0,0.0,0.0,0.0,19.0,2.0,15.0,69.0
2026,2,Baylor,Prairie View A&M,5079612,Drelon Miller,0.0,0.0,0.0,0.0,22.0,1.0,0.0,0.0
2026,2,Baylor,Prairie View A&M,5121893,Tony Livingston,0.0,0.0,0.0,0.0,19.0,1.0,0.0,0.0
2026,2,Baylor,Prairie View A&M,5145459,Nate Bennett,23.0,35.0,2.0,301.0,0.0,0.0,2.0,13.0
2026,2,Baylor,Prairie View A&M,5159106,Ryelan Morris,0.0,0.0,0.0,0.0,25.0,2.0,5.0,32.0
2026,2,Baylor,Prairie View A&M,5213685,Edward Griffin,2.0,6.0,0.0,19.0,0.0,0.0,1.0,2.0
2026,2,Baylor,Prairie View A&M,5268748,Parker Almanza,0.0,0.0,0.0,0.0,12.0,1.0,0.0,0.0
2026,2,Baylor,Prairie View A&M,5295723,Caden Knighten,0.0,0.0,0.0,0.0,11.0,1.0,12.0,66.0
2026,2,Baylor,Prairie View A&M,5295724,Michael Turner,0.0,0.0,0.0,0.0,7.0,1.0,5.0,41.0
2026,2,Bethune-Cookman,Stetson,4683665,Zuberi Mobley,0.0,0.0,0.0,0.0,0.0,0.0,2.0,0.0
2026,2,Bethune-Cookman,Stetson,4710861,Kobe Stewart,0.0,0.0,0.0,0.0,24.0,1.0,0.0,0.0
2026,2,Bethune-Cookman,Stetson,4837469,Amari Jones,7.0,10.0,1.0,93.0,0.0,0.0,0.0,0.0
2026,2,Bethune-Cookman,Stetson,4870848,Tyler Jefferson,9.0,18.0,0.0,78.0,0.0,0.0,10.0,7.0
2026,2,Bethune-Cookman,Stetson,5159018,Joel Morris,0.0,1.0,0.0,0.0,0.0,0.0,2.0,5.0
2026,2,Bethune-Cookman,Stetson,5194620,Josh Evans,0.0,0.0,0.0,0.0,75.0,3.0,0.0,0.0
2026,2,Bethune-Cookman,Stetson,5229571,Tarell Short Jr.,0.0,0.0,0.0,0.0,18.0,2.0,0.0,0.0
2026,2,Bethune-Cookman,Stetson,5229575,Micheal Walker,0.0,0.0,0.0,0.0,7.0,1.0,0.0,0.0
2026,2,Bethune-Cookman,Stetson,5278426,Gerian Traynor,0.0,0.0,0.0,0.0,0.0,0.0,1.0,1.0
2026,2,Bethune-Cookman,Stetson,5304323,Willie Anderson,0.0,0.0,0.0,0.0,46.0,7.0,0.0,0.0
2026,2,Bethune-Cookman,Stetson,5304325,Rashon Brown,0.0,0.0,0.0,0.0,-3.0,1.0,12.0,60.0
2026,2,Bethune-Cookman,Stetson,5304333,Deanwar Johnson,0.0,0.0,0.0,0.0,0.0,0.0,3.0,31.0
2026,2,Bethune-Cookman,Stetson,5443047,Isaiah Daniel,0.0,0.0,0.0,0.0,3.0,1.0,9.0,46.0
2026,2,Boise State,Memphis,-5405, Team,0.0,0.0,0.0,0.0,0.0,0.0,1.0,-2.0
2026,2,Boise State,Memphis,4832824,Austin Terry,0.0,0.0,0.0,0.0,4.0,1.0,0.0,0.0
2026,2,Boise State,Memphis,4870513,Maddux Madsen,17.0,28.0,1.0,221.0,0.0,0.0,3.0,10.0
2026,2,Boise State,Memphis,5080888,Matt Wagner,0.0,0.0,0.0,0.0,22.0,2.0,0.0,0.0
2026,2,Boise State,Memphis,5120669,Akeem Wright,0.0,0.0,0.0,0.0,84.0,4.0,0.0,0.0
2026,2,Boise State,Memphis,5124975,Juelz Goff,0.0,0.0,0.0,0.0,0.0,0.0,3.0,22.0
2026,2,Boise State,Memphis,5126514,Harry Stewart III,0.0,0.0,0.0,0.0,0.0,0.0,2.0,9.0
2026,2,Boise State,Memphis,5146712,Dylan Riley,0.0,0.0,0.0,0.0,11.0,2.0,19.0,206.0
2026,2,Boise State,Memphis,5147379,Sire Gaines,0.0,0.0,0.0,0.0,4.0,1.0,17.0,93.0
2026,2,Boise State,Memphis,5157187,Cameron Bates,0.0,0.0,0.0,0.0,24.0,3.0,0.0,0.0
2026,2,Boise State,Memphis,5252200,Qumonte Williams Jr.,0.0,0.0,0.0,0.0,11.0,1.0,0.0,0.0
2026,2,Boise State,Memphis,5290573,Rasean Jones,0.0,0.0,0.0,0.0,61.0,3.0,2.0,19.0
2026,2,Boston College,Rutgers,-5408, Team,0.0,0.0,0.0,0.0,0.0,0.0,3.0,-9.0
2026,2,Boston College,Rutgers,4921316,Nolan Ray,0.0,0.0,0.0,0.0,4.0,1.0,1.0,1.0
2026,2,Boston College,Rutgers,5076122,Evan Dickens,0.0,0.0,0.0,0.0,24.0,5.0,13.0,56.0
2026,2,Boston College,Rutgers,5144853,Landon Wright,0.0,0.0,0.0,0.0,60.0,2.0,0.0,0.0
2026,2,Boston College,Rutgers,5146747,Javarius Green,0.0,0.0,0.0,0.0,21.0,3.0,2.0,8.0
2026,2,Boston College,Rutgers,5152600,Reed Swanson,0.0,0.0,0.0,0.0,18.0,1.0,0.0,0.0
2026,2,Boston College,Rutgers,5214566,Dawson Pough,0.0,0.0,0.0,0.0,106.0,4.0,0.0,0.0
2026,2,Boston College,Rutgers,5222676,Brady Clough,0.0,0.0,0.0,0.0,19.0,2.0,0.0,0.0
2026,2,Boston College,Rutgers,5307005,Mason McKenzie,18.0,29.0,1.0,252.0,0.0,0.0,13.0,94.0
2026,2,Bowie State,Delaware State,4694416,Konner Blount-Foster,0.0,0.0,0.0,0.0,55.0,4.0,0.0,0.0
2026,2,Bowie State,Delaware State,5226771,Daniel Coles,0.0,0.0,0.0,0.0,0.0,0.0,11.0,45.0
2026,2,Bowie State,Delaware State,5303828,Kyle Hawkins,2.0,2.0,1.0,52.0,0.0,0.0,0.0,0.0
2026,2,Bowie State,Delaware State,5305157,Maximus Jones,0.0,0.0,0.0,0.0,0.0,0.0,12.0,25.0
2026,2,Bowie State,Delaware State,5305160,Carlos Smith,0.0,0.0,0.0,0.0,3.0,1.0,0.0,0.0
2026,2,Bowie State,Delaware State,5305168,Challenger Valentine,0.0,0.0,0.0,0.0,7.0,1.0,0.0,0.0
2026,2,Bowie State,Delaware State,5305192,Markeith Hines,0.0,0.0,0.0,0.0,0.0,0.0,7.0,12.0
2026,2,Bowie State,Delaware State,5305224,Devean Byrd,0.0,0.0,0.0,0.0,39.0,4.0,0.0,0.0
2026,2,Bowie State,Delaware State,5305229,John Thompson,0.0,0.0,0.0,0.0,56.0,3.0,0.0,0.0
2026,2,Bowie State,Delaware State,5446735,Jaylin Solomon,11.0,18.0,0.0,108.0,0.0,0.0,13.0,45.0
2026,2,Bowling Green,Nebraska,5147347,Austyn Dendy,0.0,0.0,0.0,0.0,0.0,0.0,11.0,29.0
2026,2,Bowling Green,Nebraska,5155089,Leo Kemp,0.0,0.0,0.0,0.0,19.0,1.0,0.0,0.0
2026,2,Bowling Green,Nebraska,5193300,Eli Jacon-Duffy,0.0,0.0,0.0,0.0,16.0,2.0,0.0,0.0
2026,2,Bowling Green,Nebraska,5207804,Jeremiah Scoby,0.0,0.0,0.0,0.0,19.0,2.0,0.0,0.0
2026,2,Bowling Green,Nebraska,5219017,Nakai Amachree,0.0,0.0,0.0,0.0,7.0,2.0,13.0,53.0
2026,2,Bowling Green,Nebraska,5226453,Brennan Ridley,0.0,0.0,0.0,0.0,8.0,2.0,1.0,-8.0
2026,2,Bowling Green,Nebraska,5231360,Nicholas Sowell,0.0,0.0,0.0,0.0,15.0,1.0,0.0,0.0
2026,2,Bowling Green,Nebraska,5296304,Tristin Blackmon,0.0,0.0,0.0,0.0,0.0,0.0,1.0,2.0
2026,2,Bowling Green,Nebraska,5385753,Jay Kastantin,10.0,16.0,1.0,84.0,0.0,0.0,4.0,12.0
2026,2,Bowling Green,Nebraska,5385754,Marceles Carey,0.0,0.0,0.0,0.0,0.0,0.0,2.0,-3.0
2026,2,Bryant,Hampton,-5454, Team,0.0,0.0,0.0,0.0,0.0,0.0,1.0,-1.0
2026,2,Bryant,Hampton,4896391,Sean Wilson,0.0,0.0,0.0,0.0,51.0,4.0,0.0,0.0
2026,2,Bryant,Hampton,5146751,Jose Leon,0.0,0.0,0.0,0.0,6.0,1.0,0.0,0.0
2026,2,Bryant,Hampton,5226265,Brennan Myer,15.0,29.0,2.0,216.0,0.0,0.0,6.0,25.0
2026,2,Bryant,Hampton,5298212,O'Shawn Ross Jr.,0.0,0.0,0.0,0.0,13.0,2.0,12.0,37.0
2026,2,Bryant,Hampton,5299148,Shamar Fowles,0.0,0.0,0.0,0.0,112.0,4.0,0.0,0.0
2026,2,Bryant,Hampton,5302825,Deshon Jenkins,0.0,0.0,0.0,0.0,0.0,0.0,3.0,11.0
2026,2,Bryant,Hampton,5405239,Kendrick Agenor,0.0,0.0,0.0,0.0,26.0,3.0,10.0,34.0
2026,2,Bryant,Hampton,5405241,Jordan Bennett,0.0,0.0,0.0,0.0,8.0,1.0,5.0,30.0
2026,2,Bucknell,VMI,-5457, Team,0.0,0.0,0.0,0.0,0.0,0.0,3.0,-5.0
2026,2,Bucknell,VMI,5147067,Chris Dietrich,22.0,30.0,1.0,221.0,0.0,0.0,1.0,-4.0
2026,2,Bucknell,VMI,5152277,Owen Garwood,0.0,0.0,0.0,0.0,29.0,4.0,0.0,0.0
2026,2,Bucknell,VMI,5152291,Sam Milligan,0.0,0.0,0.0,0.0,36.0,5.0,0.0,0.0
2026,2,Bucknell,VMI,5219439,Ty Brown-Stauffer,0.0,0.0,0.0,0.0,0.0,0.0,10.0,60.0
2026,2,Bucknell,VMI,5225392,Michael Cadden,0.0,0.0,0.0,0.0,3.0,1.0,14.0,70.0
2026,2,Bucknell,VMI,5225394,Jackson Nowinski,0.0,0.0,0.0,0.0,29.0,2.0,0.0,0.0
2026,2,Bucknell,VMI,5298552,Jack Sullivan,0.0,0.0,0.0,0.0,2.0,1.0,0.0,0.0
2026,2,Bucknell,VMI,5298556,JJ Gomez,0.0,0.0,0.0,0.0,11.0,2.0,0.0,0.0
2026,2,Bucknell,VMI,5298570,Kaleb Lampkins,0.0,0.0,0.0,0.0,46.0,1.0,0.0,0.0
2026,2,Bucknell,VMI,5402058,Jerry Harrison,0.0,0.0,0.0,0.0,45.0,5.0,0.0,0.0
2026,2,Bucknell,VMI,5402083,Tom Arth,0.0,0.0,0.0,0.0,20.0,1.0,0.0,0.0
2026,2,Buffalo,Florida International,4869601,Chance Morrow,0.0,0.0,0.0,0.0,173.0,11.0,0.0,0.0
2026,2,Buffalo,Florida International,5084704,Patrick Clacks III,0.0,0.0,0.0,0.0,7.0,1.0,0.0,0.0
2026,2,Buffalo,Florida International,5095138,Trevor Wilson,0.0,0.0,0.0,0.0,32.0,2.0,0.0,0.0
2026,2,Buffalo,Florida International,5150003,Terrance Shelton Jr.,0.0,0.0,0.0,0.0,0.0,1.0,9.0,34.0
2026,2,Buffalo,Florida International,5151369,Messiah Burch,0.0,0.0,0.0,0.0,6.0,2.0,10.0,16.0
2026,2,Buffalo,Florida International,5194659,James McNeil Jr.,0.0,0.0,0.0,0.0,0.0,0.0,2.0,8.0
2026,2,Buffalo,Florida International,5222591,Jason Wright,13.0,27.0,2.0,185.0,0.0,0.0,2.0,3.0
2026,2,Buffalo,Florida International,5236367,Michael Gelatko,0.0,0.0,0.0,0.0,15.0,1.0,0.0,0.0
2026,2,Buffalo,Florida International,5328086,Elijah Holmes,9.0,14.0,0.0,64.0,0.0,0.0,2.0,-2.0
2026,2,Buffalo,Florida International,5387611,Jaylen Andrews,0.0,0.0,0.0,0.0,11.0,3.0,0.0,0.0
2026,2,Buffalo,Florida International,5387612,Clint Walker,0.0,0.0,0.0,0.0,5.0,1.0,0.0,0.0
2026,2,Butler,Franklin,4906094,Nick Munson,0.0,0.0,0.0,0.0,41.0,2.0,1.0,11.0
2026,2,Butler,Franklin,5085508,Desmin Jackson,0.0,0.0,0.0,0.0,0.0,0.0,9.0,71.0
2026,2,Butler,Franklin,5152294,Landon Hochstein,0.0,0.0,0.0,0.0,8.0,1.0,0.0,0.0
2026,2,Butler,Franklin,5152316,Blake Matthews,0.0,0.0,0.0,0.0,36.0,2.0,0.0,0.0
2026,2,Butler,Franklin,5154767,Zac Willingham-Davis,0.0,0.0,0.0,0.0,0.0,0.0,3.0,12.0
2026,2,Butler,Franklin,5224464,Jarrin Alley,2.0,2.0,0.0,9.0,0.0,0.0,0.0,0.0
2026,2,Butler,Franklin,5224468,Gabe Passini,14.0,20.0,2.0,130.0,0.0,0.0,8.0,51.0
2026,2,Butler,Franklin,5224493,Chet Yardley,0.0,0.0,0.0,0.0,21.0,2.0,0.0,0.0
2026,2,Butler,Franklin,5298464,Drew Sullivan,0.0,0.0,0.0,0.0,20.0,3.0,0.0,0.0
2026,2,Butler,Franklin,5298466,Jonny Manor,0.0,0.0,0.0,0.0,5.0,1.0,0.0,0.0
2026,2,Butler,Franklin,5298468,Michael Dellumo,0.0,0.0,0.0,0.0,-4.0,2.0,10.0,79.0
2026,2,Butler,Franklin,5298471,Max Supe,0.0,0.0,0.0,0.0,3.0,1.0,0.0,0.0
2026,2,Butler,Franklin,5298480,Austin Stutz,0.0,0.0,0.0,0.0,5.0,2.0,0.0,0.0
2026,2,Butler,Franklin,5298481,Emmett Romeus,0.0,0.0,0.0,0.0,6.0,1.0,0.0,0.0
2026,2,Butler,Franklin,5403603,Christian Kramer,1.0,1.0,0.0,2.0,0.0,0.0,0.0,0.0
2026,2,Butler,Franklin,5403609,Spike Woods,0.0,0.0,0.0,0.0,0.0,0.0,5.0,30.0
2026,2,Butler,Franklin,5403611,Jack Linden,0.0,0.0,0.0,0.0,0.0,0.0,6.0,60.0
2026,2,Butler,Franklin,5403613,Sam Manna,0.0,0.0,0.0,0.0,0.0,0.0,8.0,57.0
2026,2,Cal Poly,San José State,-5505, Team,0.0,0.0,0.0,0.0,0.0,0.0,1.0,-1.0
2026,2,Cal Poly,San José State,5219586,Anthony Grigsby Jr.,24.0,40.0,1.0,249.0,0.0,0.0,9.0,1.0
2026,2,Cal Poly,San José State,5223909,Misa Paiau,0.0,0.0,0.0,0.0,8.0,1.0,8.0,37.0
2026,2,Cal Poly,San José State,5223933,Alek Marshall,0.0,0.0,0.0,0.0,12.0,3.0,0.0,0.0
2026,2,Cal Poly,San José State,5225868,Gavin Nelson,0.0,0.0,0.0,0.0,2.0,1.0,0.0,0.0
2026,2,Cal Poly,San José State,5225901,Jaden Green,0.0,0.0,0.0,0.0,15.0,3.0,10.0,52.0
2026,2,Cal Poly,San José State,5228031,Fidel Tau Pitts,0.0,0.0,0.0,0.0,103.0,5.0,1.0,2.0
2026,2,Cal Poly,San José State,5296173,Don-Ray Hall Jr.,0.0,0.0,0.0,0.0,44.0,4.0,0.0,0.0
2026,2,Cal Poly,San José State,5405077,Tayvion McCoy,0.0,0.0,0.0,0.0,65.0,7.0,0.0,0.0
2026,2,California,Syracuse,-5490, Team,0.0,0.0,0.0,0.0,0.0,0.0,2.0,-2.0
2026,2,California,Syracuse,4688541,Kyion Grayes,0.0,0.0,0.0,0.0,3.0,1.0,0.0,0.0
2026,2,California,Syracuse,4899704,Jordan King,0.0,0.0,0.0,0.0,6.0,2.0,0.0,0.0
2026,2,California,Syracuse,4921110,Chase Hendricks,0.0,0.0,0.0,0.0,31.0,5.0,1.0,-1.0
2026,2,California,Syracuse,5075390,Ian Strong,0.0,0.0,0.0,0.0,64.0,3.0,0.0,0.0
2026,2,California,Syracuse,5141597,Cooper Perry,0.0,0.0,0.0,0.0,12.0,1.0,0.0,0.0
2026,2,California,Syracuse,5147861,Adam Mohammed,0.0,0.0,0.0,0.0,14.0,5.0,19.0,74.0
2026,2,California,Syracuse,5164313,Jaron-Keawe Sagapolutele,21.0,34.0,2.0,182.0,0.0,0.0,2.0,-5.0
2026,2,California,Syracuse,5165154,Mason Mini,0.0,0.0,0.0,0.0,38.0,2.0,0.0,0.0
2026,2,California,Syracuse,5192899,Ashten Emory,0.0,0.0,0.0,0.0,0.0,0.0,2.0,1.0
2026,2,California,Syracuse,5217177,Taimane Purcell,0.0,0.0,0.0,0.0,14.0,2.0,0.0,0.0
2026,2,Campbell,Florida,4923300,Spencer Jones,0.0,0.0,0.0,0.0,28.0,4.0,0.0,0.0
2026,2,Campbell,Florida,5148887,Jyron Waiters,0.0,0.0,0.0,0.0,4.0,2.0,0.0,0.0
2026,2,Campbell,Florida,5154962,Kamden Sixkiller,16.0,30.0,0.0,127.0,0.0,0.0,2.0,-10.0
2026,2,Campbell,Florida,5157117,Barry Tate,0.0,0.0,0.0,0.0,3.0,2.0,0.0,0.0
2026,2,Campbell,Florida,5229543,JJ Cowan,0.0,0.0,0.0,0.0,-2.0,1.0,7.0,29.0
2026,2,Campbell,Florida,5299304,Grayson Harvey,5.0,8.0,0.0,21.0,0.0,0.0,3.0,10.0
2026,2,Campbell,Florida,5299307,Chinua Ezeigbo,0.0,0.0,0.0,0.0,21.0,3.0,0.0,0.0
2026,2,Campbell,Florida,5299313,Ethan Lawrence,0.0,0.0,0.0,0.0,0.0,0.0,2.0,8.0
2026,2,Campbell,Florida,5299326,Stevie Keener,0.0,0.0,0.0,0.0,57.0,2.0,0.0,0.0
2026,2,Campbell,Florida,5405465,Chandler Coe,0.0,0.0,0.0,0.0,14.0,1.0,0.0,0.0
2026,2,Campbell,Florida,5405473,Jon Gullette,0.0,0.0,0.0,0.0,15.0,3.0,3.0,3.0
2026,2,Campbell,Florida,5405477,Taeshon Martin,0.0,0.0,0.0,0.0,4.0,2.0,8.0,22.0
2026,2,Campbell,Florida,5405498,Christian Campbell,0.0,0.0,0.0,0.0,4.0,1.0,0.0,0.0
2026,2,Central Arkansas,Central Oklahoma,4685701,James Jointer,0.0,0.0,0.0,0.0,0.0,0.0,10.0,52.0
2026,2,Central Arkansas,Central Oklahoma,5084657,Dakarai Anderson,0.0,0.0,0.0,0.0,13.0,3.0,0.0,0.0
2026,2,Central Arkansas,Central Oklahoma,5147204,Jalen Washington,0.0,0.0,0.0,0.0,0.0,0.0,12.0,202.0
2026,2,Central Arkansas,Central Oklahoma,5151092,Chapman McKown,0.0,0.0,0.0,0.0,9.0,1.0,4.0,14.0
2026,2,Central Arkansas,Central Oklahoma,5227852,Cam Young,0.0,0.0,0.0,0.0,-3.0,1.0,7.0,31.0
2026,2,Central Arkansas,Central Oklahoma,5301842,Ty Durham,0.0,0.0,0.0,0.0,34.0,3.0,0.0,0.0
2026,2,Central Arkansas,Central Oklahoma,5301845,Tyrell Pollard,0.0,0.0,0.0,0.0,79.0,3.0,0.0,0.0
2026,2,Central Arkansas,Central Oklahoma,5416075,Donovyn Omolo,11.0,15.0,2.0,133.0,0.0,0.0,5.0,32.0
2026,2,Central Arkansas,Central Oklahoma,5439149,Tyler Dudden,1.0,2.0,1.0,4.0,0.0,0.0,2.0,9.0
2026,2,Central Arkansas,Central Oklahoma,5439150,Que Tillman,0.0,0.0,0.0,0.0,5.0,1.0,0.0,0.0
2026,2,Central Arkansas,Central Oklahoma,5439154,Tremayne Harris Jr.,0.0,0.0,0.0,0.0,0.0,0.0,2.0,3.0
2026,2,Central Arkansas,Central Oklahoma,5439155,Enoch Assan,0.0,0.0,0.0,0.0,0.0,0.0,3.0,64.0
2026,2,Central Connecticut,Toledo,239093,Jeff Logan,0.0,0.0,0.0,0.0,0.0,0.0,2.0,4.0
2026,2,Central Connecticut,Toledo,4711410,Brett Griffis,5.0,18.0,0.0,26.0,0.0,0.0,5.0,31.0
2026,2,Central Connecticut,Toledo,5105336,Conner Kenyon,8.0,15.0,0.0,40.0,0.0,0.0,1.0,-7.0
2026,2,Central Connecticut,Toledo,5152243,Amarri Pitts,0.0,0.0,0.0,0.0,6.0,1.0,0.0,0.0
2026,2,Central Connecticut,Toledo,5153892,Arturo Johnson Jr.,0.0,0.0,0.0,0.0,19.0,2.0,0.0,0.0
2026,2,Central Connecticut,Toledo,5159823,Isaac Stopke,0.0,0.0,0.0,0.0,6.0,2.0,8.0,25.0
2026,2,Central Connecticut,Toledo,5227043,Sean O'Brien,0.0,0.0,0.0,0.0,6.0,2.0,0.0,0.0
2026,2,Central Connecticut,Toledo,5234396,Austyn Howe,0.0,0.0,0.0,0.0,8.0,1.0,0.0,0.0
2026,2,Central Connecticut,Toledo,5298003,Davon Smith Jr.,0.0,0.0,0.0,0.0,0.0,0.0,7.0,21.0
2026,2,Central Connecticut,Toledo,5298008,John Manning IV,0.0,0.0,0.0,0.0,0.0,0.0,2.0,-1.0
2026,2,Central Connecticut,Toledo,5298018,Damani Williams,0.0,0.0,0.0,0.0,21.0,4.0,0.0,0.0
2026,2,Central Connecticut,Toledo,5442249,Gabriel Wiggins,0.0,0.0,0.0,0.0,0.0,1.0,0.0,0.0
2026,2,Central Michigan,Colgate,-5566, Team,0.0,0.0,0.0,0.0,0.0,0.0,1.0,-1.0
2026,2,Central Michigan,Colgate,4869694,Langston Lewis,0.0,0.0,0.0,0.0,13.0,3.0,3.0,19.0
2026,2,Central Michigan,Colgate,5084769,Angel H Flores,7.0,13.0,0.0,57.0,0.0,0.0,22.0,122.0
2026,2,Central Michigan,Colgate,5122147,Vaughn Blue,0.0,0.0,0.0,0.0,29.0,3.0,6.0,27.0
2026,2,Central Michigan,Colgate,5146689,Brock Townsend,0.0,0.0,0.0,0.0,0.0,0.0,1.0,3.0
2026,2,Central Michigan,Colgate,5149056,Jadyn Glasser,1.0,4.0,0.0,8.0,0.0,0.0,3.0,0.0
2026,2,Central Michigan,Colgate,5150658,Rusty VanWetzinga,0.0,0.0,0.0,0.0,8.0,1.0,0.0,0.0
2026,2,Central Michigan,Colgate,5151494,Tayte Vanderleest,0.0,0.0,0.0,0.0,3.0,1.0,0.0,0.0
2026,2,Central Michigan,Colgate,5157391,Jayden Clerveaux,0.0,0.0,0.0,0.0,0.0,0.0,5.0,25.0
2026,2,Central Michigan,Colgate,5216575,Braylen Naves,0.0,0.0,0.0,0.0,5.0,1.0,0.0,0.0
2026,2,Central Michigan,Colgate,5295480,Marcus Beamon,2.0,4.0,0.0,11.0,0.0,0.0,0.0,0.0
2026,2,Central Michigan,Colgate,5295488,Justin Ruffin Jr.,0.0,0.0,0.0,0.0,18.0,1.0,1.0,5.0
2026,2,Central Oklahoma,Central Arkansas,4880274,Javohn Thomas,1.0,1.0,0.0,26.0,0.0,0.0,0.0,0.0
2026,2,Central Oklahoma,Central Arkansas,5089181,Jett Huff,17.0,27.0,1.0,199.0,0.0,0.0,4.0,-38.0
2026,2,Central Oklahoma,Central Arkansas,5152399,Jaxon Laminack,0.0,0.0,0.0,0.0,22.0,3.0,0.0,0.0
2026,2,Central Oklahoma,Central Arkansas,5219399,Zayden Martinez,0.0,0.0,0.0,0.0,6.0,1.0,0.0,0.0
2026,2,Central Oklahoma,Central Arkansas,5400177,Ja'Daniel Nettles,0.0,0.0,0.0,0.0,26.0,1.0,7.0,-2.0
2026,2,Central Oklahoma,Central Arkansas,5400180,Makel Paiva,0.0,0.0,0.0,0.0,43.0,6.0,0.0,0.0
2026,2,Central Oklahoma,Central Arkansas,5400185,Clayton Creasey,4.0,5.0,0.0,15.0,0.0,0.0,2.0,6.0
2026,2,Central Oklahoma,Central Arkansas,5400189,Cruz Campbell,2.0,4.0,0.0,48.0,0.0,0.0,3.0,-26.0
2026,2,Central Oklahoma,Central Arkansas,5400195,Andrew Carney,0.0,0.0,0.0,0.0,63.0,6.0,0.0,0.0
2026,2,Central Oklahoma,Central Arkansas,5400196,Tahkari Bethel,0.0,0.0,0.0,0.0,105.0,5.0,0.0,0.0
2026,2,Central Oklahoma,Central Arkansas,5400248,Zane Zielny,0.0,0.0,0.0,0.0,1.0,1.0,0.0,0.0
2026,2,Central Oklahoma,Central Arkansas,5400282,Rod Sloan,0.0,0.0,0.0,0.0,0.0,0.0,6.0,43.0
2026,2,Central Oklahoma,Central Arkansas,5415525,Dev Matthews,0.0,0.0,0.0,0.0,22.0,1.0,5.0,49.0
2026,2,Charleston Southern,The Citadel,5099704,KD Dorsey,0.0,0.0,0.0,0.0,17.0,1.0,0.0,0.0
2026,2,Charleston Southern,The Citadel,5164751,Mehki Larronte Campfield,0.0,0.0,0.0,0.0,6.0,1.0,0.0,0.0
2026,2,Charleston Southern,The Citadel,5232063,Quay Kindell,0.0,0.0,0.0,0.0,24.0,2.0,0.0,0.0
2026,2,Charleston Southern,The Citadel,5298248,Lek Powell,8.0,16.0,0.0,84.0,0.0,0.0,14.0,-12.0
2026,2,Charleston Southern,The Citadel,5298252,Hakeem Watters,0.0,0.0,0.0,0.0,5.0,1.0,11.0,56.0
2026,2,Charleston Southern,The Citadel,5298260,Hunter Green,0.0,0.0,0.0,0.0,8.0,1.0,0.0,0.0
2026,2,Charleston Southern,The Citadel,5402476,TJ Smith,0.0,0.0,0.0,0.0,24.0,2.0,0.0,0.0
2026,2,Charleston Southern,The Citadel,5402478,Dwayne Wright,0.0,0.0,0.0,0.0,0.0,0.0,7.0,21.0
2026,2,Charleston Southern,The Citadel,5402482,Harry Smalls,0.0,0.0,0.0,0.0,0.0,0.0,11.0,39.0
2026,2,Charlotte,Ole Miss,4801306,Conner Harrell,5.0,6.0,0.0,50.0,0.0,0.0,1.0,-1.0
2026,2,Charlotte,Ole Miss,4879655,Henry Rutledge,0.0,0.0,0.0,0.0,7.0,2.0,5.0,11.0
2026,2,Charlotte,Ole Miss,4880358,Cam Pedro,0.0,0.0,0.0,0.0,7.0,3.0,0.0,0.0
2026,2,Charlotte,Ole Miss,5089540,Cole Gonzales,14.0,21.0,0.0,128.0,0.0,0.0,5.0,6.0
2026,2,Charlotte,Ole Miss,5089860,Chance Williams,0.0,0.0,0.0,0.0,6.0,1.0,9.0,74.0
2026,2,Charlotte,Ole Miss,5148741,Khamani Alexander,0.0,0.0,0.0,0.0,0.0,0.0,6.0,12.0
2026,2,Charlotte,Ole Miss,5151037,Jason Jeffares,0.0,0.0,0.0,0.0,27.0,2.0,0.0,0.0
2026,2,Charlotte,Ole Miss,5153730,Jaden Barnes,0.0,0.0,0.0,0.0,17.0,4.0,0.0,0.0
2026,2,Charlotte,Ole Miss,5156879,Jaylen Hampton,0.0,0.0,0.0,0.0,25.0,3.0,0.0,0.0
2026,2,Charlotte,Ole Miss,5212700,Jariel Cobb,0.0,0.0,0.0,0.0,0.0,0.0,2.0,8.0
2026,2,Charlotte,Ole Miss,5220007,Tank Boston,0.0,0.0,0.0,0.0,12.0,2.0,0.0,0.0
2026,2,Charlotte,Ole Miss,5226267,Zyheem Collick,0.0,0.0,0.0,0.0,22.0,1.0,0.0,0.0
2026,2,Charlotte,Ole Miss,5228760,Derrick Eley,0.0,0.0,0.0,0.0,56.0,2.0,0.0,0.0
2026,2,Charlotte,Ole Miss,5272738,Jaylen White,1.0,1.0,0.0,1.0,0.0,0.0,0.0,0.0
2026,2,Charlotte,Ole Miss,5295750,D'Mariun Perteet,0.0,0.0,0.0,0.0,0.0,0.0,5.0,33.0
2026,2,Chattanooga,Eastern Kentucky,5223980,Journey Wyche,0.0,0.0,0.0,0.0,10.0,1.0,10.0,17.0
2026,2,Chattanooga,Eastern Kentucky,5223983,Battle Alberson,12.0,27.0,0.0,135.0,0.0,0.0,4.0,4.0
2026,2,Chattanooga,Eastern Kentucky,5300341,Landon Strickland,0.0,0.0,0.0,0.0,10.0,1.0,0.0,0.0
2026,2,Chattanooga,Eastern Kentucky,5300342,TJ Briggs,0.0,0.0,0.0,0.0,8.0,1.0,0.0,0.0
2026,2,Chattanooga,Eastern Kentucky,5408456,Ashton Schumann,0.0,0.0,0.0,0.0,98.0,5.0,0.0,0.0
2026,2,Chattanooga,Eastern Kentucky,5426001,Kevin Lalin,0.0,0.0,0.0,0.0,9.0,4.0,17.0,98.0
2026,2,Chicago State,Kentucky Christian,-132305, Team,0.0,0.0,0.0,0.0,0.0,0.0,1.0,-1.0
2026,2,Chicago State,Kentucky Christian,5093815,Kymari Gray,0.0,0.0,0.0,0.0,111.0,7.0,0.0,0.0
2026,2,Chicago State,Kentucky Christian,5124516,Tre' Hartwell,0.0,0.0,0.0,0.0,36.0,2.0,11.0,70.0
2026,2,Chicago State,Kentucky Christian,5159024,Ashton Pannell,22.0,25.0,3.0,308.0,0.0,0.0,2.0,16.0
2026,2,Chicago State,Kentucky Christian,5160945,Chris Edmonds,0.0,0.0,0.0,0.0,24.0,2.0,9.0,52.0
2026,2,Chicago State,Kentucky Christian,5301140,Arshawn Powell,0.0,0.0,0.0,0.0,31.0,3.0,0.0,0.0
2026,2,Chicago State,Kentucky Christian,5440772,Develle Barksdale,0.0,0.0,0.0,0.0,92.0,5.0,0.0,0.0
2026,2,Chicago State,Kentucky Christian,5440773,DeArmond Mathews,0.0,0.0,0.0,0.0,7.0,2.0,0.0,0.0
2026,2,Chicago State,Kentucky Christian,5440776,Jacob Tiberi,9.0,11.0,1.0,98.0,0.0,0.0,2.0,3.0
2026,2,Chicago State,Kentucky Christian,5440778,Kaymen Coleman,0.0,0.0,0.0,0.0,13.0,2.0,0.0,0.0
2026,2,Chicago State,Kentucky Christian,5440780,Seth Myers,0.0,0.0,0.0,0.0,33.0,1.0,0.0,0.0
2026,2,Chicago State,Kentucky Christian,5440786,Michael Dabney Jr.,0.0,0.0,0.0,0.0,4.0,1.0,3.0,5.0
2026,2,Chicago State,Kentucky Christian,5440790,Calvin Lee,0.0,0.0,0.0,0.0,3.0,1.0,3.0,29.0
2026,2,Chicago State,Kentucky Christian,5440813,Markice Allen,0.0,0.0,0.0,0.0,3.0,1.0,0.0,0.0
2026,2,Chicago State,Kentucky Christian,5440815,Jack Roland,0.0,0.0,0.0,0.0,4.0,2.0,0.0,0.0
2026,2,Chicago State,Kentucky Christian,5449074,Keyonte Gray,0.0,0.0,0.0,0.0,45.0,2.0,0.0,0.0
2026,2,Cincinnati,Western Carolina,4685345,JC French,21.0,24.0,2.0,245.0,0.0,0.0,7.0,52.0
2026,2,Cincinnati,Western Carolina,4685509,Gi'Bran Payne,0.0,0.0,0.0,0.0,14.0,2.0,12.0,102.0
2026,2,Cincinnati,Western Carolina,4917310,Zylan Perry,0.0,0.0,0.0,0.0,0.0,0.0,5.0,76.0
2026,2,Cincinnati,Western Carolina,5079429,Gavin Grover,0.0,0.0,0.0,0.0,12.0,1.0,0.0,0.0
2026,2,Cincinnati,Western Carolina,5079474,Elijah Jones,0.0,0.0,0.0,0.0,5.0,1.0,0.0,0.0
2026,2,Cincinnati,Western Carolina,5084404,Liam O'Brien,5.0,5.0,0.0,18.0,0.0,0.0,4.0,23.0
2026,2,Cincinnati,Western Carolina,5089327,Samaj Jones,2.0,2.0,0.0,9.0,0.0,0.0,8.0,52.0
2026,2,Cincinnati,Western Carolina,5107875,Cole Tabb,0.0,0.0,0.0,0.0,0.0,0.0,5.0,72.0
2026,2,Cincinnati,Western Carolina,5141488,Zion Johnson,0.0,0.0,0.0,0.0,11.0,1.0,5.0,26.0
2026,2,Cincinnati,Western Carolina,5146995,Devyn Zahursky,0.0,0.0,0.0,0.0,9.0,1.0,0.0,0.0
2026,2,Cincinnati,Western Carolina,5152045,Malachi Henry,0.0,0.0,0.0,0.0,87.0,3.0,0.0,0.0
2026,2,Cincinnati,Western Carolina,5155062,Larenzo Fenner,0.0,0.0,0.0,0.0,2.0,2.0,0.0,0.0
2026,2,Cincinnati,Western Carolina,5161913,Jayzon Thompson,0.0,0.0,0.0,0.0,0.0,0.0,1.0,4.0
2026,2,Cincinnati,Western Carolina,5193274,Cade Wolford,0.0,0.0,0.0,0.0,18.0,4.0,0.0,0.0
2026,2,Cincinnati,Western Carolina,5219190,Lyviel Waters,0.0,0.0,0.0,0.0,2.0,1.0,0.0,0.0
2026,2,Cincinnati,Western Carolina,5225509,Isaiah Johnson,0.0,0.0,0.0,0.0,20.0,5.0,0.0,0.0
2026,2,Cincinnati,Western Carolina,5229489,JaVonnie Gibson,0.0,0.0,0.0,0.0,79.0,5.0,0.0,0.0
2026,2,Cincinnati,Western Carolina,5296155,Giyahni Kontosis,0.0,0.0,0.0,0.0,8.0,1.0,0.0,0.0
2026,2,Cincinnati,Western Carolina,5296159,Kellen Davis,0.0,0.0,0.0,0.0,5.0,1.0,0.0,0.0
2026,2,Cincinnati,Western Carolina,5381523,James Lewis,0.0,0.0,0.0,0.0,0.0,0.0,2.0,11.0
2026,2,Clemson,Georgia Southern,-5650, Team,0.0,1.0,0.0,0.0,0.0,0.0,2.0,-3.0
2026,2,Clemson,Georgia Southern,4379471,Tyler Brown,0.0,0.0,0.0,0.0,44.0,4.0,0.0,0.0
2026,2,Clemson,Georgia Southern,4899369,Christopher Vizzina,4.0,7.0,1.0,19.0,0.0,0.0,0.0,0.0
2026,2,Clemson,Georgia Southern,5079324,Christian Bentancur,0.0,0.0,0.0,0.0,9.0,1.0,0.0,0.0
2026,2,Clemson,Georgia Southern,5093141,Jarvis Green,0.0,0.0,0.0,0.0,0.0,0.0,2.0,0.0
2026,2,Clemson,Georgia Southern,5112674,Bryant Wesco Jr.,0.0,0.0,0.0,0.0,35.0,6.0,0.0,0.0
2026,2,Clemson,Georgia Southern,5141422,Gideon Davidson,0.0,0.0,0.0,0.0,0.0,0.0,14.0,62.0
2026,2,Clemson,Georgia Southern,5150561,Olsen Patt-Henry,0.0,0.0,0.0,0.0,6.0,2.0,0.0,0.0
2026,2,Clemson,Georgia Southern,5159078,Tait Reynolds,16.0,27.0,0.0,178.0,0.0,0.0,14.0,38.0
2026,2,Clemson,Georgia Southern,5159948,Chris Johnson Jr.,0.0,0.0,0.0,0.0,0.0,0.0,7.0,53.0
2026,2,Clemson,Georgia Southern,5218753,T.J. Moore,0.0,0.0,0.0,0.0,103.0,7.0,0.0,0.0
2026,2,Coastal Carolina,Fordham,-15591, Team,0.0,0.0,0.0,0.0,0.0,0.0,2.0,-2.0
2026,2,Coastal Carolina,Fordham,4870699,Karmello English,0.0,0.0,0.0,0.0,3.0,1.0,1.0,10.0
2026,2,Coastal Carolina,Fordham,4871022,Robby Washington,0.0,0.0,0.0,0.0,23.0,1.0,2.0,12.0
2026,2,Coastal Carolina,Fordham,5103798,Daelen Alexander,0.0,0.0,0.0,0.0,0.0,0.0,2.0,12.0
2026,2,Coastal Carolina,Fordham,5126470,Trever Jackson,0.0,0.0,0.0,0.0,0.0,0.0,1.0,11.0
2026,2,Coastal Carolina,Fordham,5150845,Goldie Lawrence,0.0,0.0,0.0,0.0,11.0,1.0,0.0,0.0
2026,2,Coastal Carolina,Fordham,5152029,Tre Guerra,1.0,3.0,0.0,6.0,0.0,0.0,1.0,-5.0
2026,2,Coastal Carolina,Fordham,5152669,Kente Edwards,0.0,0.0,0.0,0.0,0.0,0.0,4.0,21.0
2026,2,Coastal Carolina,Fordham,5153389,Colton Hinton,0.0,0.0,0.0,0.0,101.0,3.0,0.0,0.0
2026,2,Coastal Carolina,Fordham,5157282,Nathan Schuessler,0.0,0.0,0.0,0.0,6.0,1.0,0.0,0.0
2026,2,Coastal Carolina,Fordham,5193388,Jaden Allen-Hendrix,0.0,0.0,0.0,0.0,0.0,0.0,7.0,58.0
2026,2,Coastal Carolina,Fordham,5203477,Dominic Knicely,0.0,0.0,0.0,0.0,10.0,2.0,5.0,45.0
2026,2,Coastal Carolina,Fordham,5265325,Jevon Edwards,0.0,0.0,0.0,0.0,3.0,1.0,9.0,51.0
2026,2,Coastal Carolina,Fordham,5265446,Clayton Coppock,0.0,0.0,0.0,0.0,26.0,2.0,0.0,0.0
2026,2,Coastal Carolina,Fordham,5295756,Breyahn Townsend,0.0,0.0,0.0,0.0,0.0,0.0,3.0,17.0
2026,2,Coastal Carolina,Fordham,5296438,Tristian Gardner,0.0,0.0,0.0,0.0,26.0,1.0,0.0,0.0
2026,2,Coastal Carolina,Fordham,5296439,Deuce Bailey,12.0,25.0,3.0,203.0,0.0,0.0,4.0,21.0
2026,2,Colgate,Central Michigan,-5669, Team,0.0,0.0,0.0,0.0,0.0,0.0,1.0,-10.0
2026,2,Colgate,Central Michigan,5089309,Jake Stearney,16.0,31.0,0.0,124.0,0.0,0.0,6.0,16.0
2026,2,Colgate,Central Michigan,5150457,Daniel Shaban,0.0,0.0,0.0,0.0,12.0,3.0,22.0,87.0
2026,2,Colgate,Central Michigan,5152578,Winston Moore,0.0,0.0,0.0,0.0,35.0,5.0,0.0,0.0
2026,2,Colgate,Central Michigan,5225499,Kam Phillips,0.0,0.0,0.0,0.0,43.0,3.0,0.0,0.0
2026,2,Colgate,Central Michigan,5298843,Michael Stevenson,0.0,0.0,0.0,0.0,0.0,1.0,0.0,0.0
2026,2,Colgate,Central Michigan,5298846,Matt Fogler,0.0,0.0,0.0,0.0,33.0,3.0,0.0,0.0
2026,2,Colgate,Central Michigan,5402097,O'Shea Faison,0.0,0.0,0.0,0.0,1.0,1.0,2.0,2.0
2026,2,Colorado,Weber State,-5688, Team,0.0,0.0,0.0,0.0,0.0,0.0,1.0,-1.0
2026,2,Colorado,Weber State,4838549,Kamryn Perry,0.0,0.0,0.0,0.0,22.0,3.0,0.0,0.0
2026,2,Colorado,Weber State,4870860,DeAndre Moore Jr.,0.0,0.0,0.0,0.0,107.0,4.0,0.0,0.0
2026,2,Colorado,Weber State,4871081,Richard Young,0.0,0.0,0.0,0.0,0.0,0.0,1.0,3.0
2026,2,Colorado,Weber State,4918094,Damian Henderson II,0.0,0.0,0.0,0.0,0.0,0.0,5.0,23.0
2026,2,Colorado,Weber State,5079370,Ernest Campbell,0.0,0.0,0.0,0.0,48.0,1.0,0.0,0.0
2026,2,Colorado,Weber State,5079626,Micah Welch,0.0,0.0,0.0,0.0,13.0,1.0,11.0,106.0
2026,2,Colorado,Weber State,5079771,Isaac Wilson,2.0,2.0,0.0,-3.0,0.0,0.0,0.0,0.0
2026,2,Colorado,Weber State,5122077,Charlie Williams,0.0,0.0,0.0,0.0,23.0,1.0,0.0,0.0
2026,2,Colorado,Weber State,5152815,Danny Scudero,0.0,0.0,0.0,0.0,13.0,2.0,2.0,14.0
2026,2,Colorado,Weber State,5159016,Julian Lewis,17.0,23.0,4.0,366.0,0.0,0.0,4.0,-23.0
2026,2,Colorado,Weber State,5189530,Joseph Williams,0.0,0.0,0.0,0.0,123.0,4.0,0.0,0.0
2026,2,Colorado,Weber State,5214655,Kaneal Sweetwyne,7.0,10.0,0.0,35.0,0.0,0.0,4.0,25.0
2026,2,Colorado,Weber State,5224715,Bryce Hicks,0.0,0.0,0.0,0.0,-2.0,1.0,2.0,7.0
2026,2,Colorado,Weber State,5230274,Titus Bautista,0.0,0.0,0.0,0.0,0.0,0.0,1.0,7.0
2026,2,Colorado,Weber State,5239157,Quentin Gibson,0.0,0.0,0.0,0.0,24.0,5.0,1.0,0.0
2026,2,Colorado,Weber State,5259971,Zach Atkins,0.0,0.0,0.0,0.0,28.0,3.0,0.0,0.0
2026,2,Colorado,Weber State,5280400,Alex Ward,0.0,0.0,0.0,0.0,-1.0,1.0,0.0,0.0
2026,2,Colorado,Weber State,5301028,Jaquail Smith,0.0,0.0,0.0,0.0,0.0,0.0,6.0,19.0
2026,2,Colorado State,Southern Utah,-5691, Team,0.0,0.0,0.0,0.0,0.0,0.0,2.0,-4.0
2026,2,Colorado State,Southern Utah,4871061,Pearce Spurlin III,0.0,0.0,0.0,0.0,29.0,1.0,0.0,0.0
2026,2,Colorado State,Southern Utah,4894661,Durell Robinson,0.0,0.0,0.0,0.0,0.0,0.0,10.0,25.0
2026,2,Colorado State,Southern Utah,4899418,Javonte Vereen,0.0,0.0,0.0,0.0,10.0,2.0,0.0,0.0
2026,2,Colorado State,Southern Utah,4920896,Lavon Brown,0.0,0.0,0.0,0.0,19.0,1.0,0.0,0.0
2026,2,Colorado State,Southern Utah,5077803,Jackson Harper,0.0,0.0,0.0,0.0,102.0,6.0,0.0,0.0
2026,2,Colorado State,Southern Utah,5079443,Hauss Hejny,18.0,30.0,4.0,325.0,0.0,0.0,5.0,85.0
2026,2,Colorado State,Southern Utah,5095078,Jayden Brown,0.0,0.0,0.0,0.0,3.0,1.0,9.0,171.0
2026,2,Colorado State,Southern Utah,5193168,Terrence Smith Jr.,0.0,0.0,0.0,0.0,90.0,4.0,0.0,0.0
2026,2,Colorado State,Southern Utah,5193222,Oliver Lundberg-Coleman,0.0,0.0,0.0,0.0,0.0,0.0,3.0,1.0
2026,2,Colorado State,Southern Utah,5212610,Ksaan Farrar,4.0,7.0,0.0,57.0,0.0,0.0,0.0,0.0
2026,2,Colorado State,Southern Utah,5232343,Reginald Vick Jr,0.0,0.0,0.0,0.0,33.0,3.0,0.0,0.0
2026,2,Colorado State,Southern Utah,5290862,Cedric Ross,0.0,0.0,0.0,0.0,87.0,2.0,1.0,6.0
2026,2,Colorado State,Southern Utah,5296864,Malichi Greaves,0.0,0.0,0.0,0.0,5.0,1.0,2.0,12.0
2026,2,Colorado State,Southern Utah,5327618,Isaiah Watson,0.0,0.0,0.0,0.0,4.0,1.0,0.0,0.0
2026,2,Davidson,Dickinson,-5786, Team,0.0,0.0,0.0,0.0,0.0,0.0,3.0,-3.0
2026,2,Davidson,Dickinson,5152328,Andrew Frazier,0.0,0.0,0.0,0.0,0.0,0.0,2.0,10.0
2026,2,Davidson,Dickinson,5152333,Jacary Lightsey,0.0,0.0,0.0,0.0,96.0,11.0,0.0,0.0
2026,2,Davidson,Dickinson,5152356,Alani Ajigbotosho,0.0,0.0,0.0,0.0,32.0,3.0,0.0,0.0
2026,2,Davidson,Dickinson,5224535,Casey Bullock,29.0,41.0,0.0,293.0,0.0,0.0,8.0,44.0
2026,2,Davidson,Dickinson,5224536,AJ Adams,0.0,0.0,0.0,0.0,109.0,6.0,0.0,0.0
2026,2,Davidson,Dickinson,5224540,Brodey Berg,0.0,0.0,0.0,0.0,15.0,2.0,11.0,32.0
2026,2,Davidson,Dickinson,5224545,Will Jones,0.0,0.0,0.0,0.0,10.0,2.0,14.0,77.0
2026,2,Davidson,Dickinson,5298586,Tristan Hollins,0.0,0.0,0.0,0.0,6.0,1.0,0.0,0.0
2026,2,Davidson,Dickinson,5298600,Xavier Vela,0.0,0.0,0.0,0.0,8.0,1.0,0.0,0.0
2026,2,Davidson,Dickinson,5298602,Caden Glenn,0.0,0.0,0.0,0.0,14.0,2.0,0.0,0.0
2026,2,Davidson,Dickinson,5438935,Brendan Ravin,0.0,0.0,0.0,0.0,3.0,1.0,0.0,0.0
2026,2,Dayton,Thomas More,5154881,Bryce Schondelmyer,19.0,27.0,1.0,211.0,0.0,0.0,3.0,-17.0
2026,2,Dayton,Thomas More,5156752,Donovan Weatherly,0.0,0.0,0.0,0.0,39.0,4.0,0.0,0.0
2026,2,Dayton,Thomas More,5156755,Gavin Lochow,0.0,0.0,0.0,0.0,34.0,5.0,2.0,51.0
2026,2,Dayton,Thomas More,5156762,Luke Hansen,0.0,0.0,0.0,0.0,0.0,0.0,8.0,39.0
2026,2,Dayton,Thomas More,5156766,Mason Hackett,0.0,0.0,0.0,0.0,36.0,3.0,15.0,65.0
2026,2,Dayton,Thomas More,5161690,Michael Mussari,0.0,0.0,0.0,0.0,90.0,5.0,0.0,0.0
2026,2,Dayton,Thomas More,5224644,LeRoy Lewis IV,0.0,0.0,0.0,0.0,6.0,1.0,0.0,0.0
2026,2,Dayton,Thomas More,5224664,Bryce Cowgill,0.0,0.0,0.0,0.0,6.0,1.0,0.0,0.0
2026,2,Dayton,Thomas More,5224665,Paul Kelly,0.0,0.0,0.0,0.0,0.0,0.0,1.0,5.0
2026,2,Dayton,Thomas More,5298692,Noah Spencer,0.0,0.0,0.0,0.0,0.0,0.0,9.0,61.0
2026,2,Dayton,Thomas More,5298700,Mikey Hess,0.0,0.0,0.0,0.0,0.0,0.0,1.0,1.0
2026,2,Delaware,Vanderbilt,-5797, Team,0.0,0.0,0.0,0.0,0.0,0.0,1.0,-5.0
2026,2,Delaware,Vanderbilt,4680024,Da'Wain Lofton,0.0,0.0,0.0,0.0,142.0,4.0,0.0,0.0
2026,2,Delaware,Vanderbilt,4887640,Kaderris Roberts,0.0,0.0,0.0,0.0,42.0,2.0,3.0,14.0
2026,2,Delaware,Vanderbilt,5086952,Jo'Nathan Silver,0.0,0.0,0.0,0.0,0.0,0.0,16.0,109.0
2026,2,Delaware,Vanderbilt,5153846,Nick Minicucci,11.0,27.0,1.0,182.0,0.0,0.0,9.0,-5.0
2026,2,Delaware,Vanderbilt,5153870,Donovan Lewis,0.0,0.0,0.0,0.0,6.0,1.0,0.0,0.0
2026,2,Delaware,Vanderbilt,5157266,Bryson Graves,0.0,0.0,0.0,0.0,-2.0,3.0,0.0,0.0
2026,2,Delaware,Vanderbilt,5161800,Viron Ellison Jr.,0.0,0.0,0.0,0.0,8.0,1.0,5.0,2.0
2026,2,Delaware,Vanderbilt,5224762,Braden Streeter,4.0,5.0,0.0,58.0,0.0,0.0,2.0,-17.0
2026,2,Delaware,Vanderbilt,5224764,Sean Wilson,0.0,0.0,0.0,0.0,30.0,3.0,0.0,0.0
2026,2,Delaware,Vanderbilt,5296328,Scott Moore,0.0,0.0,0.0,0.0,14.0,1.0,0.0,0.0
2026,2,Delaware State,Bowie State,-5800, Team,0.0,0.0,0.0,0.0,0.0,0.0,1.0,-1.0
2026,2,Delaware State,Bowie State,4429242,Jordan Banks,0.0,0.0,0.0,0.0,54.0,2.0,0.0,0.0
2026,2,Delaware State,Bowie State,5079307,Kobe Boykin,0.0,0.0,0.0,0.0,4.0,1.0,6.0,28.0
2026,2,Delaware State,Bowie State,5079558,Ryan Pellum,0.0,0.0,0.0,0.0,17.0,3.0,1.0,7.0
2026,2,Delaware State,Bowie State,5098472,Jayden Jenkins,0.0,0.0,0.0,0.0,10.0,2.0,7.0,56.0
2026,2,Delaware State,Bowie State,5143595,Shaun Boykins,0.0,0.0,0.0,0.0,13.0,2.0,10.0,87.0
2026,2,Delaware State,Bowie State,5150645,Ui Ale,11.0,16.0,0.0,133.0,0.0,0.0,3.0,16.0
2026,2,Delaware State,Bowie State,5154019,Noah Brannock,7.0,10.0,0.0,34.0,0.0,0.0,2.0,25.0
2026,2,Delaware State,Bowie State,5154529,Nathan Stewart,0.0,0.0,0.0,0.0,33.0,4.0,0.0,0.0
2026,2,Delaware State,Bowie State,5298213,Jaron Kelley,0.0,0.0,0.0,0.0,9.0,1.0,0.0,0.0
2026,2,Delaware State,Bowie State,5303299,Terrence Rone,0.0,0.0,0.0,0.0,29.0,2.0,0.0,0.0
2026,2,Delaware State,Bowie State,5303302,Sean Weston,0.0,0.0,0.0,0.0,0.0,0.0,1.0,6.0
2026,2,Delaware State,Bowie State,5405328,Daniel Smith,0.0,0.0,0.0,0.0,-2.0,1.0,0.0,0.0
2026,2,Dickinson,Davidson,-5819, Team,0.0,0.0,0.0,0.0,0.0,0.0,1.0,-9.0
2026,2,Dickinson,Davidson,5399291,Frederik Fjeldseth,0.0,0.0,0.0,0.0,75.0,6.0,0.0,0.0
2026,2,Dickinson,Davidson,5399298,Sean Couvertiere,0.0,0.0,0.0,0.0,7.0,1.0,0.0,0.0
2026,2,Dickinson,Davidson,5399300,Keesean Campbell,0.0,0.0,0.0,0.0,7.0,2.0,1.0,5.0
2026,2,Dickinson,Davidson,5399304,Ben Klassen,18.0,35.0,0.0,140.0,0.0,0.0,10.0,4.0
2026,2,Dickinson,Davidson,5399311,Kevin Schmidt,0.0,0.0,0.0,0.0,25.0,3.0,0.0,0.0
2026,2,Dickinson,Davidson,5399313,Aidan Civitala,0.0,0.0,0.0,0.0,4.0,1.0,0.0,0.0
2026,2,Dickinson,Davidson,5399314,Dane Sorensen,0.0,0.0,0.0,0.0,4.0,1.0,4.0,94.0
2026,2,Dickinson,Davidson,5399315,Jake Williams,0.0,0.0,0.0,0.0,3.0,1.0,11.0,31.0
2026,2,Dickinson,Davidson,5399322,Patrick Pedall,0.0,0.0,0.0,0.0,4.0,1.0,0.0,0.0
2026,2,Dickinson,Davidson,5399328,Gavin Hutz,0.0,0.0,0.0,0.0,7.0,1.0,0.0,0.0
2026,2,Dickinson,Davidson,5399366,Mathias Young,0.0,0.0,0.0,0.0,4.0,1.0,0.0,0.0
2026,2,Drake,Northern Iowa,5085677,Mitchell January,0.0,0.0,0.0,0.0,75.0,5.0,0.0,0.0
2026,2,Drake,Northern Iowa,5152378,Walker Tart,0.0,0.0,0.0,0.0,23.0,1.0,0.0,0.0
2026,2,Drake,Northern Iowa,5152379,Jake Metze,0.0,0.0,0.0,0.0,16.0,1.0,1.0,2.0
2026,2,Drake,Northern Iowa,5216072,Josiah Rainey,0.0,0.0,0.0,0.0,13.0,2.0,0.0,0.0
2026,2,Drake,Northern Iowa,5224673,Hank Foley,0.0,0.0,0.0,0.0,43.0,3.0,0.0,0.0
2026,2,Drake,Northern Iowa,5224699,Jake Scobey,0.0,0.0,0.0,0.0,23.0,5.0,0.0,0.0
2026,2,Drake,Northern Iowa,5298744,Brock Pettaway,0.0,0.0,0.0,0.0,8.0,3.0,0.0,0.0
2026,2,Drake,Northern Iowa,5298755,Cody Blicharz,0.0,0.0,0.0,0.0,36.0,4.0,4.0,7.0
2026,2,Drake,Northern Iowa,5298777,Lincoln Delaere,0.0,0.0,0.0,0.0,6.0,1.0,0.0,0.0
2026,2,Drake,Northern Iowa,5298780,Willis Nofsinger,0.0,0.0,0.0,0.0,28.0,2.0,0.0,0.0
2026,2,Drake,Northern Iowa,5404620,Riley Warzynski,27.0,47.0,2.0,241.0,0.0,0.0,9.0,-17.0
2026,2,Drake,Northern Iowa,5404623,Braylon Wilson,4.0,5.0,0.0,55.0,0.0,0.0,6.0,19.0
2026,2,Drake,Northern Iowa,5404630,Kavaughn Clark,0.0,0.0,0.0,0.0,25.0,4.0,7.0,18.0
2026,2,Duke,Illinois,-5849, Team,0.0,0.0,0.0,0.0,0.0,0.0,2.0,-6.0
2026,2,Duke,Illinois,3949586,Jake Taylor,0.0,0.0,0.0,0.0,11.0,1.0,0.0,0.0
2026,2,Duke,Illinois,4694149,Walker Eget,15.0,21.0,3.0,206.0,0.0,0.0,1.0,-2.0
2026,2,Duke,Illinois,4816323,Nate Kurisky,0.0,0.0,0.0,0.0,3.0,1.0,0.0,0.0
2026,2,Duke,Illinois,4869728,Jeremiah Hasley,0.0,0.0,0.0,0.0,53.0,3.0,0.0,0.0
2026,2,Duke,Illinois,4873588,CJ Campbell,0.0,0.0,0.0,0.0,0.0,0.0,8.0,31.0
2026,2,Duke,Illinois,4879192,Jonah Burton,0.0,0.0,0.0,0.0,76.0,4.0,0.0,0.0
2026,2,Duke,Illinois,5164332,Nate Sheppard,0.0,0.0,0.0,0.0,41.0,5.0,24.0,147.0
2026,2,Duke,Illinois,5185699,Dan Mahan,0.0,1.0,0.0,0.0,0.0,0.0,0.0,0.0
2026,2,Duke,Illinois,5216844,Kavon Simmons,0.0,0.0,0.0,0.0,22.0,1.0,0.0,0.0
2026,2,Duquesne,Youngstown State,4695784,Carson Camp,5.0,19.0,1.0,63.0,0.0,0.0,2.0,-5.0
2026,2,Duquesne,Youngstown State,5084317,Johness Davis,0.0,0.0,0.0,0.0,0.0,0.0,11.0,88.0
2026,2,Duquesne,Youngstown State,5159280,Shawn Solomon Jr.,0.0,0.0,0.0,0.0,0.0,0.0,7.0,20.0
2026,2,Duquesne,Youngstown State,5215266,Antwon Thomas,0.0,0.0,0.0,0.0,-2.0,1.0,0.0,0.0
2026,2,Duquesne,Youngstown State,5227106,Logan Kushner,3.0,6.0,0.0,26.0,0.0,0.0,3.0,3.0
2026,2,Duquesne,Youngstown State,5227111,Dazhaun Hopkins,0.0,0.0,0.0,0.0,0.0,0.0,8.0,46.0
2026,2,Duquesne,Youngstown State,5298154,Zae-Mear Correll,0.0,0.0,0.0,0.0,31.0,3.0,0.0,0.0
2026,2,Duquesne,Youngstown State,5298159,Charbel Latouf,0.0,0.0,0.0,0.0,0.0,0.0,2.0,3.0
2026,2,Duquesne,Youngstown State,5298162,Ryan Petras,0.0,0.0,0.0,0.0,52.0,3.0,0.0,0.0
2026,2,Duquesne,Youngstown State,5442948,Drew Cook,0.0,0.0,0.0,0.0,8.0,1.0,0.0,0.0
2026,2,East Carolina,App State,4433829,Mitch Griffis,21.0,37.0,2.0,230.0,0.0,0.0,11.0,52.0
2026,2,East Carolina,App State,4685237,Michael Allen,0.0,0.0,0.0,0.0,10.0,2.0,4.0,12.0
2026,2,East Carolina,App State,4869324,Tyler Johnson,0.0,0.0,0.0,0.0,18.0,3.0,0.0,0.0
2026,2,East Carolina,App State,4870770,Nathaniel Joseph,0.0,0.0,0.0,0.0,11.0,4.0,0.0,0.0
2026,2,East Carolina,App State,5079419,TJ Engleman,0.0,0.0,0.0,0.0,0.0,0.0,4.0,24.0
2026,2,East Carolina,App State,5145453,Jeremiah Melvin,0.0,0.0,0.0,0.0,94.0,7.0,0.0,0.0
2026,2,East Carolina,App State,5153369,Ja'Keith Hamilton,0.0,0.0,0.0,0.0,27.0,3.0,0.0,0.0
2026,2,East Carolina,App State,5194306,Ashton Gray,0.0,0.0,0.0,0.0,9.0,1.0,16.0,99.0
2026,2,East Carolina,App State,5226083,Jason Dickerson,0.0,0.0,0.0,0.0,61.0,1.0,0.0,0.0
2026,2,East Tennessee State,North Carolina,-5860, Team,0.0,1.0,0.0,0.0,0.0,0.0,0.0,0.0
2026,2,East Tennessee State,North Carolina,4684279,Charlie Browder,0.0,0.0,0.0,0.0,50.0,3.0,0.0,0.0
2026,2,East Tennessee State,North Carolina,4838532,Tyler Griffin,0.0,0.0,0.0,0.0,9.0,1.0,0.0,0.0
2026,2,East Tennessee State,North Carolina,5079660,Brandon Winton,0.0,0.0,0.0,0.0,9.0,2.0,0.0,0.0
2026,2,East Tennessee State,North Carolina,5081766,Jason Albritton,0.0,0.0,0.0,0.0,2.0,1.0,9.0,25.0
2026,2,East Tennessee State,North Carolina,5084555,Xavier Gaillardetz,0.0,0.0,0.0,0.0,4.0,1.0,0.0,0.0
2026,2,East Tennessee State,North Carolina,5114331,Suderian Harrison,0.0,0.0,0.0,0.0,44.0,7.0,0.0,0.0
2026,2,East Tennessee State,North Carolina,5119434,Trey Weary,0.0,0.0,0.0,0.0,26.0,3.0,0.0,0.0
2026,2,East Tennessee State,North Carolina,5126512,D'Marius Rucker,0.0,0.0,0.0,0.0,22.0,3.0,3.0,5.0
2026,2,East Tennessee State,North Carolina,5164309,Mason Mims,23.0,31.0,0.0,178.0,0.0,0.0,4.0,-31.0
2026,2,East Tennessee State,North Carolina,5216698,TJ Peyton,0.0,0.0,0.0,0.0,12.0,2.0,13.0,52.0
2026,2,East Tennessee State,North Carolina,5301892,Jaiden Daniels,0.0,0.0,0.0,0.0,0.0,0.0,6.0,26.0
2026,2,East Texas A&M,Northwestern State,-8766, Team,0.0,0.0,0.0,0.0,0.0,0.0,1.0,-3.0
2026,2,East Texas A&M,Northwestern State,4833372,Sean Sallis,0.0,0.0,0.0,0.0,15.0,4.0,0.0,0.0
2026,2,East Texas A&M,Northwestern State,5093944,EJ Oakmon,0.0,0.0,0.0,0.0,0.0,0.0,18.0,78.0
2026,2,East Texas A&M,Northwestern State,5151407,Jack Jacobs,14.0,22.0,1.0,165.0,0.0,0.0,3.0,-8.0
2026,2,East Texas A&M,Northwestern State,5161235,Jordon Hamilton,0.0,0.0,0.0,0.0,0.0,0.0,8.0,61.0
2026,2,East Texas A&M,Northwestern State,5230112,Major McBride,0.0,0.0,0.0,0.0,0.0,0.0,6.0,29.0
2026,2,East Texas A&M,Northwestern State,5299333,Andrez Lewis,0.0,0.0,0.0,0.0,26.0,2.0,0.0,0.0
2026,2,East Texas A&M,Northwestern State,5299334,Tanner Harrison,0.0,0.0,0.0,0.0,37.0,3.0,0.0,0.0
2026,2,East Texas A&M,Northwestern State,5441948,Quay Middlebrooks,0.0,0.0,0.0,0.0,-1.0,1.0,6.0,47.0
2026,2,East Texas A&M,Northwestern State,5441950,Micah Simpson,0.0,0.0,0.0,0.0,88.0,4.0,1.0,50.0
2026,2,East Texas A&M,Northwestern State,5441957,Luke Glass,0.0,1.0,0.0,0.0,0.0,0.0,0.0,0.0
2026,2,Eastern Illinois,Indiana State,4917288,Charles Kellom,0.0,0.0,0.0,0.0,44.0,4.0,14.0,106.0
2026,2,Eastern Illinois,Indiana State,5083750,Alex Ginnever,0.0,0.0,0.0,0.0,-8.0,1.0,0.0,0.0
2026,2,Eastern Illinois,Indiana State,5113896,Cole Lacrue,20.0,34.0,3.0,267.0,0.0,0.0,12.0,65.0
2026,2,Eastern Illinois,Indiana State,5154306,Devin Whitlock,0.0,0.0,0.0,0.0,30.0,4.0,0.0,0.0
2026,2,Eastern Illinois,Indiana State,5225276,Jacarre Fleming,0.0,0.0,0.0,0.0,7.0,1.0,5.0,8.0
2026,2,Eastern Illinois,Indiana State,5225299,Jeremy Reeves,0.0,0.0,0.0,0.0,31.0,2.0,0.0,0.0
2026,2,Eastern Illinois,Indiana State,5225300,Landers Green,0.0,0.0,0.0,0.0,70.0,2.0,0.0,0.0
2026,2,Eastern Illinois,Indiana State,5402554,Samuel Gonzalez,0.0,0.0,0.0,0.0,78.0,4.0,0.0,0.0
2026,2,Eastern Illinois,Indiana State,5402555,Eli Evans,0.0,0.0,0.0,0.0,15.0,2.0,0.0,0.0
2026,2,Eastern Illinois,Indiana State,5402564,Tyren Buggs,0.0,0.0,0.0,0.0,0.0,0.0,1.0,5.0
2026,2,Eastern Kentucky,Chattanooga,-5872, Team,0.0,0.0,0.0,0.0,0.0,0.0,3.0,-6.0
2026,2,Eastern Kentucky,Chattanooga,4461429,Elijah Caldwell,0.0,0.0,0.0,0.0,10.0,1.0,0.0,0.0
2026,2,Eastern Kentucky,Chattanooga,4879783,Caeleb Schlachter,0.0,0.0,0.0,0.0,12.0,1.0,0.0,0.0
2026,2,Eastern Kentucky,Chattanooga,5086102,Cameron Hergott,0.0,0.0,0.0,0.0,0.0,0.0,1.0,16.0
2026,2,Eastern Kentucky,Chattanooga,5121707,Jarvis Hayes,0.0,0.0,0.0,0.0,10.0,1.0,0.0,0.0
2026,2,Eastern Kentucky,Chattanooga,5153246,Jackson House,0.0,0.0,0.0,0.0,20.0,3.0,0.0,0.0
2026,2,Eastern Kentucky,Chattanooga,5153251,Brayden Latham,0.0,0.0,0.0,0.0,23.0,2.0,20.0,66.0
2026,2,Eastern Kentucky,Chattanooga,5224206,Brady Hensley,0.0,0.0,0.0,0.0,14.0,1.0,7.0,119.0
2026,2,Eastern Kentucky,Chattanooga,5301731,Tyler Travers,13.0,23.0,1.0,120.0,0.0,0.0,9.0,69.0
2026,2,Eastern Kentucky,Chattanooga,5301745,AJ Johnson,0.0,0.0,0.0,0.0,5.0,1.0,0.0,0.0
2026,2,Eastern Kentucky,Chattanooga,5301746,Braylon Newcomb,0.0,0.0,0.0,0.0,21.0,2.0,0.0,0.0
2026,2,Eastern Kentucky,Chattanooga,5301767,Cortez Stone,0.0,0.0,0.0,0.0,5.0,1.0,3.0,10.0
2026,2,Eastern Michigan,Michigan State,4608922,Braydon Bennett,0.0,0.0,0.0,0.0,22.0,1.0,9.0,56.0
2026,2,Eastern Michigan,Michigan State,4690158,Noah Kim,16.0,26.0,0.0,118.0,0.0,0.0,7.0,2.0
2026,2,Eastern Michigan,Michigan State,5083205,Nick Devereaux,0.0,0.0,0.0,0.0,8.0,3.0,0.0,0.0
2026,2,Eastern Michigan,Michigan State,5125733,Joey Mattord,0.0,0.0,0.0,0.0,5.0,2.0,2.0,3.0
2026,2,Eastern Michigan,Michigan State,5211694,Harold Mack,0.0,0.0,0.0,0.0,49.0,5.0,0.0,0.0
2026,2,Eastern Michigan,Michigan State,5222594,Amareon Blue,0.0,0.0,0.0,0.0,0.0,0.0,8.0,40.0
2026,2,Eastern Michigan,Michigan State,5295525,Ben Prosper,0.0,0.0,0.0,0.0,30.0,4.0,0.0,0.0
2026,2,Eastern Michigan,Michigan State,5295532,Joshua Long,0.0,0.0,0.0,0.0,4.0,1.0,0.0,0.0
2026,2,Eastern Washington,South Dakota,5084026,Wesley Garrett,0.0,0.0,0.0,0.0,109.0,7.0,0.0,0.0
2026,2,Eastern Washington,South Dakota,5152110,Nate Bell,20.0,36.0,2.0,217.0,0.0,0.0,16.0,47.0
2026,2,Eastern Washington,South Dakota,5157284,Jamai East,0.0,0.0,0.0,0.0,4.0,1.0,0.0,0.0
2026,2,Eastern Washington,South Dakota,5165747,Malik Dotson,0.0,0.0,0.0,0.0,0.0,0.0,12.0,52.0
2026,2,Eastern Washington,South Dakota,5223877,Kevin Allen III,0.0,0.0,0.0,0.0,0.0,0.0,3.0,10.0
2026,2,Eastern Washington,South Dakota,5223896,Kayden Stuit,0.0,0.0,0.0,0.0,17.0,2.0,0.0,0.0
2026,2,Eastern Washington,South Dakota,5298177,David Cabrera,0.0,0.0,0.0,0.0,24.0,2.0,0.0,0.0
2026,2,Eastern Washington,South Dakota,5298202,Rylin Lang,0.0,0.0,0.0,0.0,54.0,5.0,0.0,0.0
2026,2,Eastern Washington,South Dakota,5405271,Jaxon Bell,0.0,0.0,0.0,0.0,-5.0,1.0,2.0,16.0
2026,2,Eastern Washington,South Dakota,5405293,Oliver Luebkert,0.0,0.0,0.0,0.0,14.0,2.0,0.0,0.0
2026,2,Elon,Rhode Island,4877774,Jamarien Dalton,0.0,0.0,0.0,0.0,8.0,1.0,0.0,0.0
2026,2,Elon,Rhode Island,5151062,TJ Crews IV,11.0,22.0,1.0,183.0,0.0,0.0,8.0,-16.0
2026,2,Elon,Rhode Island,5155786,Dylan Magazu,0.0,0.0,0.0,0.0,56.0,3.0,0.0,0.0
2026,2,Elon,Rhode Island,5155802,Zimere Winston,0.0,0.0,0.0,0.0,35.0,1.0,0.0,0.0
2026,2,Elon,Rhode Island,5155803,Kenaz McMillian,0.0,0.0,0.0,0.0,22.0,1.0,0.0,0.0
2026,2,Elon,Rhode Island,5162540,Jimmyll Williams,0.0,0.0,0.0,0.0,0.0,0.0,10.0,22.0
2026,2,Elon,Rhode Island,5279242,Alex Voss,0.0,0.0,0.0,0.0,38.0,2.0,0.0,0.0
2026,2,Elon,Rhode Island,5405039,Tanner Payne,0.0,3.0,0.0,0.0,0.0,0.0,0.0,0.0
2026,2,Elon,Rhode Island,5405043,Kamerin McDowell-Moore,0.0,0.0,0.0,0.0,9.0,2.0,23.0,117.0
2026,2,Elon,Rhode Island,5405072,Josiah Payton,0.0,0.0,0.0,0.0,15.0,1.0,0.0,0.0
2026,2,Florida,Campbell,4432757,Evan Pryor,0.0,0.0,0.0,0.0,5.0,1.0,1.0,4.0
2026,2,Florida,Campbell,4693740,Kahleil Jackson,0.0,0.0,0.0,0.0,19.0,2.0,0.0,0.0
2026,2,Florida,Campbell,4870826,Micah Mays Jr.,0.0,0.0,0.0,0.0,1.0,1.0,0.0,0.0
2026,2,Florida,Campbell,4941012,London Montgomery,0.0,0.0,0.0,0.0,0.0,0.0,3.0,7.0
2026,2,Florida,Campbell,5079289,Tawaski Abrams,0.0,0.0,0.0,0.0,33.0,3.0,0.0,0.0
2026,2,Florida,Campbell,5079322,Jadan Baugh,0.0,0.0,0.0,0.0,0.0,0.0,14.0,136.0
2026,2,Florida,Campbell,5125593,Bailey Stockton,0.0,0.0,0.0,0.0,41.0,4.0,0.0,0.0
2026,2,Florida,Campbell,5132812,Aaron Philo,16.0,21.0,2.0,242.0,0.0,0.0,3.0,13.0
2026,2,Florida,Campbell,5141565,Byron Louis,0.0,0.0,0.0,0.0,0.0,0.0,2.0,18.0
2026,2,Florida,Campbell,5141723,Dallas Wilson,0.0,0.0,0.0,0.0,104.0,5.0,0.0,0.0
2026,2,Florida,Campbell,5151893,Anthony Rubio,0.0,0.0,0.0,0.0,0.0,0.0,1.0,5.0
2026,2,Florida,Campbell,5172403,Alec Clark,0.0,0.0,0.0,0.0,0.0,0.0,1.0,13.0
2026,2,Florida,Campbell,5218907,Luke Harpring,0.0,0.0,0.0,0.0,33.0,3.0,0.0,0.0
2026,2,Florida,Campbell,5271234,Justin Williams,0.0,0.0,0.0,0.0,21.0,2.0,0.0,0.0
2026,2,Florida,Campbell,5295811,Vernell Brown III,0.0,0.0,0.0,0.0,43.0,3.0,0.0,0.0
2026,2,Florida,Campbell,5295814,Tramell Jones Jr.,8.0,11.0,0.0,58.0,0.0,0.0,0.0,0.0
2026,2,Florida,Campbell,5295815,Duke Clark,0.0,0.0,0.0,0.0,0.0,0.0,5.0,18.0
2026,2,Florida A&M,Miami,4431976,Dustin Fletcher,8.0,17.0,0.0,33.0,0.0,0.0,8.0,24.0
2026,2,Florida A&M,Miami,4877627,Chase Gillespie,0.0,0.0,0.0,0.0,20.0,3.0,6.0,7.0
2026,2,Florida A&M,Miami,5099307,Corey Petty,0.0,0.0,0.0,0.0,20.0,3.0,0.0,0.0
2026,2,Florida A&M,Miami,5126537,Jamar Taylor Jr.,0.0,0.0,0.0,0.0,4.0,2.0,0.0,0.0
2026,2,Florida A&M,Miami,5163566,Kai Gadson,0.0,0.0,0.0,0.0,0.0,0.0,1.0,-8.0
2026,2,Florida A&M,Miami,5227056,James Hayes,0.0,2.0,0.0,0.0,0.0,0.0,0.0,0.0
2026,2,Florida A&M,Miami,5227295,Justin Squire,0.0,0.0,0.0,0.0,7.0,1.0,0.0,0.0
2026,2,Florida A&M,Miami,5272772,Jaden Desir,0.0,0.0,0.0,0.0,0.0,0.0,2.0,5.0
2026,2,Florida A&M,Miami,5305431,Kieren Jackson,0.0,0.0,0.0,0.0,19.0,2.0,0.0,0.0
2026,2,Florida A&M,Miami,5306630,Kyjuan Taylor,0.0,0.0,0.0,0.0,0.0,0.0,4.0,9.0
2026,2,Florida A&M,Miami,5442040,Armond Parker,3.0,7.0,0.0,37.0,0.0,0.0,0.0,0.0
2026,2,Florida Atlantic,Navy,-5975, Team,0.0,0.0,0.0,0.0,0.0,0.0,2.0,-2.0
2026,2,Florida Atlantic,Navy,4840118,Tucker Holloway,0.0,0.0,0.0,0.0,5.0,1.0,0.0,0.0
2026,2,Florida Atlantic,Navy,4869991,Caden Veltkamp,27.0,32.0,5.0,386.0,0.0,0.0,5.0,-22.0
2026,2,Florida Atlantic,Navy,4878788,Antonio Johnson,0.0,0.0,0.0,0.0,11.0,2.0,0.0,0.0
2026,2,Florida Atlantic,Navy,4914830,Easton Messer,0.0,0.0,0.0,0.0,179.0,8.0,0.0,0.0
2026,2,Florida Atlantic,Navy,4917048,Dom Henry,0.0,0.0,0.0,0.0,63.0,6.0,0.0,0.0
2026,2,Florida Atlantic,Navy,4920163,Kelby Valsin,0.0,0.0,0.0,0.0,115.0,8.0,0.0,0.0
2026,2,Florida Atlantic,Navy,5086201,Walker Adkinson,0.0,0.0,0.0,0.0,0.0,0.0,1.0,-50.0
2026,2,Florida Atlantic,Navy,5122155,Brady Tillman,0.0,0.0,0.0,0.0,0.0,0.0,7.0,10.0
2026,2,Florida Atlantic,Navy,5146725,Kaden Shields-Dutton,0.0,0.0,0.0,0.0,8.0,1.0,4.0,5.0
2026,2,Florida Atlantic,Navy,5215500,Ethan Ervin,0.0,0.0,0.0,0.0,0.0,0.0,17.0,67.0
2026,2,Florida Atlantic,Navy,5219898,Drew Devillier,0.0,1.0,0.0,0.0,0.0,0.0,0.0,0.0
2026,2,Florida Atlantic,Navy,5390417,Antojuan Woody,0.0,0.0,0.0,0.0,5.0,1.0,0.0,0.0
2026,2,Florida Atlantic,Navy,5390418,Leonard Farrow,0.0,0.0,0.0,0.0,0.0,0.0,8.0,34.0
2026,2,Florida International,Buffalo,4685356,Greg Gaines III,0.0,0.0,0.0,0.0,21.0,1.0,0.0,0.0
2026,2,Florida International,Buffalo,4870883,J.J. Kohl,21.0,36.0,3.0,367.0,19.0,1.0,5.0,19.0
2026,2,Florida International,Buffalo,4879999,Maguire Anderson,0.0,0.0,0.0,0.0,99.0,5.0,1.0,9.0
2026,2,Florida International,Buffalo,5079372,Anthony Carrie,0.0,0.0,0.0,0.0,10.0,2.0,13.0,49.0
2026,2,Florida International,Buffalo,5121664,Kyle Mcneal,0.0,0.0,0.0,0.0,36.0,3.0,0.0,0.0
2026,2,Florida International,Buffalo,5125595,Eric Nelson,0.0,0.0,0.0,0.0,61.0,3.0,0.0,0.0
2026,2,Florida International,Buffalo,5146722,Devonte Lyons,0.0,0.0,0.0,0.0,0.0,0.0,11.0,46.0
2026,2,Florida International,Buffalo,5164324,Sterling Joseph,0.0,0.0,0.0,0.0,0.0,0.0,8.0,24.0
2026,2,Florida International,Buffalo,5218988,JoJo Stone,1.0,1.0,1.0,19.0,98.0,4.0,1.0,7.0
2026,2,Florida International,Buffalo,5222534,Tyson Carter,0.0,0.0,0.0,0.0,35.0,2.0,0.0,0.0
2026,2,Florida International,Buffalo,5236210,Jackson Verdugo,0.0,0.0,0.0,0.0,7.0,1.0,0.0,0.0
2026,2,Fordham,Coastal Carolina,4812381,Gunnar Smith,9.0,20.0,1.0,101.0,0.0,0.0,11.0,40.0
2026,2,Fordham,Coastal Carolina,5152606,Ricky Gonzalez II,0.0,0.0,0.0,0.0,25.0,2.0,0.0,0.0
2026,2,Fordham,Coastal Carolina,5152610,Nodin Tracy,0.0,0.0,0.0,0.0,56.0,4.0,0.0,0.0
2026,2,Fordham,Coastal Carolina,5165892,Jamell James,0.0,0.0,0.0,0.0,0.0,0.0,6.0,24.0
2026,2,Fordham,Coastal Carolina,5217176,Taariq Denson,0.0,0.0,0.0,0.0,0.0,0.0,3.0,9.0
2026,2,Fordham,Coastal Carolina,5296145,Andrew Bond,0.0,0.0,0.0,0.0,8.0,1.0,0.0,0.0
2026,2,Fordham,Coastal Carolina,5299091,Yohan-Li Louis,0.0,0.0,0.0,0.0,12.0,2.0,7.0,21.0
2026,2,Fordham,Coastal Carolina,5402131,Crew Colon,0.0,1.0,0.0,0.0,0.0,0.0,0.0,0.0
2026,2,Fordham,Coastal Carolina,5402132,Barrett Fallon,0.0,0.0,0.0,0.0,0.0,0.0,6.0,20.0
2026,2,Franklin,Butler,5410005,Brayden Wilkins,0.0,0.0,0.0,0.0,54.0,5.0,1.0,-5.0
2026,2,Franklin,Butler,5415062,Dawson Slaughter,0.0,0.0,0.0,0.0,6.0,1.0,0.0,0.0
2026,2,Franklin,Butler,5419598,Isaiah Miller,0.0,0.0,0.0,0.0,19.0,2.0,0.0,0.0
2026,2,Franklin,Butler,5421372,Jake Thrash,0.0,0.0,0.0,0.0,6.0,1.0,3.0,14.0
2026,2,Franklin,Butler,5421899,Jared Brooks,0.0,0.0,0.0,0.0,22.0,2.0,0.0,0.0
2026,2,Franklin,Butler,5424237,Josh Bruner,1.0,2.0,0.0,4.0,0.0,0.0,2.0,-2.0
2026,2,Franklin,Butler,5426685,Lance Butler,0.0,0.0,0.0,0.0,4.0,1.0,0.0,0.0
2026,2,Franklin,Butler,5427042,Levi Johnson,0.0,0.0,0.0,0.0,0.0,0.0,1.0,-1.0
2026,2,Franklin,Butler,5428456,Marshall Kmiecik,14.0,25.0,0.0,150.0,0.0,0.0,6.0,44.0
2026,2,Franklin,Butler,5430520,Nelson Honore,0.0,0.0,0.0,0.0,0.0,0.0,2.0,4.0
2026,2,Franklin,Butler,5431552,Owen Wright,0.0,0.0,0.0,0.0,15.0,1.0,0.0,0.0
2026,2,Franklin,Butler,5445873,Cam Fleming,0.0,0.0,0.0,0.0,20.0,1.0,0.0,0.0
2026,2,Franklin,Butler,5445888,Greyson Clark,0.0,0.0,0.0,0.0,8.0,1.0,3.0,12.0
2026,2,Franklin,Butler,5445893,Evan McIntire,0.0,0.0,0.0,0.0,0.0,0.0,3.0,8.0
2026,2,Franklin,Butler,5445895,Corbin Thackery,0.0,0.0,0.0,0.0,0.0,0.0,2.0,7.0
2026,2,Fresno State,Sacramento State,-6007, Team,0.0,1.0,0.0,0.0,0.0,0.0,0.0,0.0
2026,2,Fresno State,Sacramento State,4685445,Rayshon Luke,0.0,0.0,0.0,0.0,49.0,6.0,3.0,3.0
2026,2,Fresno State,Sacramento State,4869294,Jake Appleget,0.0,0.0,0.0,0.0,17.0,2.0,0.0,0.0
2026,2,Fresno State,Sacramento State,4870923,Jahlil McClain,0.0,0.0,0.0,0.0,46.0,5.0,0.0,0.0
2026,2,Fresno State,Sacramento State,5010409,Jayden Mandal,23.0,26.0,2.0,316.0,21.0,1.0,4.0,8.0
2026,2,Fresno State,Sacramento State,5092483,Josiah Freeman,0.0,0.0,0.0,0.0,100.0,6.0,0.0,0.0
2026,2,Fresno State,Sacramento State,5121384,Ezekiel Avit,0.0,0.0,0.0,0.0,103.0,2.0,0.0,0.0
2026,2,Fresno State,Sacramento State,5143919,Jordan Malau'ulu,1.0,1.0,0.0,21.0,0.0,0.0,0.0,0.0
2026,2,Fresno State,Sacramento State,5146667,Khristian Martin,2.0,2.0,0.0,12.0,0.0,0.0,3.0,8.0
2026,2,Fresno State,Sacramento State,5175334,Bryson Donelson,0.0,0.0,0.0,0.0,-1.0,1.0,13.0,102.0
2026,2,Fresno State,Sacramento State,5225383,Tariq Thomas,0.0,0.0,0.0,0.0,0.0,0.0,1.0,6.0
2026,2,Fresno State,Sacramento State,5262650,Julius Gillick,0.0,0.0,0.0,0.0,0.0,0.0,7.0,39.0
2026,2,Fresno State,Sacramento State,5264243,Keynan Cotton,0.0,0.0,0.0,0.0,4.0,1.0,0.0,0.0
2026,2,Fresno State,Sacramento State,5295211,Jayon Farrar,0.0,0.0,0.0,0.0,5.0,1.0,1.0,16.0
2026,2,Fresno State,Sacramento State,5295221,Gavin Correia,0.0,0.0,0.0,0.0,5.0,1.0,0.0,0.0
2026,2,Fresno State,Sacramento State,5382524,Andrew Chavez,0.0,0.0,0.0,0.0,0.0,0.0,1.0,11.0
2026,2,Furman,Mercer,-6022, Team,0.0,0.0,0.0,0.0,0.0,0.0,1.0,-1.0
2026,2,Furman,Mercer,4432703,Jake Garcia,18.0,28.0,1.0,158.0,0.0,0.0,13.0,27.0
2026,2,Furman,Mercer,4685535,C.J. Stokes,0.0,0.0,0.0,0.0,0.0,0.0,9.0,27.0
2026,2,Furman,Mercer,5085504,Daniel Haughton,0.0,0.0,0.0,0.0,103.0,8.0,1.0,13.0
2026,2,Furman,Mercer,5085846,Ethan Harris,0.0,0.0,0.0,0.0,6.0,1.0,0.0,0.0
2026,2,Furman,Mercer,5085852,Ben Croasdale,0.0,0.0,0.0,0.0,0.0,0.0,6.0,74.0
2026,2,Furman,Mercer,5092983,Luke Shields,0.0,0.0,0.0,0.0,34.0,6.0,0.0,0.0
2026,2,Furman,Mercer,5224087,Jackson Pryor,0.0,0.0,0.0,0.0,6.0,1.0,0.0,0.0
2026,2,Furman,Mercer,5300489,CJ Nettles,0.0,0.0,0.0,0.0,9.0,2.0,6.0,17.0
2026,2,Gardner-Webb,Liberty,4869817,Cole Pennington,16.0,38.0,0.0,186.0,0.0,0.0,6.0,-5.0
2026,2,Gardner-Webb,Liberty,4923032,Giovanni Adopte,0.0,0.0,0.0,0.0,34.0,4.0,0.0,0.0
2026,2,Gardner-Webb,Liberty,5082551,Beau Blankenship,0.0,0.0,0.0,0.0,10.0,1.0,0.0,0.0
2026,2,Gardner-Webb,Liberty,5114784,Montez Green,0.0,0.0,0.0,0.0,24.0,2.0,0.0,0.0
2026,2,Gardner-Webb,Liberty,5163071,Randy Young,0.0,0.0,0.0,0.0,0.0,0.0,4.0,75.0
2026,2,Gardner-Webb,Liberty,5231119,Christian Vann,0.0,0.0,0.0,0.0,21.0,2.0,17.0,46.0
2026,2,Gardner-Webb,Liberty,5299473,Kory Jones,0.0,0.0,0.0,0.0,51.0,3.0,0.0,0.0
2026,2,Gardner-Webb,Liberty,5299493,Sean Brady,0.0,0.0,0.0,0.0,31.0,2.0,0.0,0.0
2026,2,Gardner-Webb,Liberty,5406698,Adrian Cormier,0.0,0.0,0.0,0.0,2.0,1.0,6.0,2.0
2026,2,Gardner-Webb,Liberty,5439734,Jalile Bost,0.0,0.0,0.0,0.0,13.0,1.0,0.0,0.0
2026,2,Georgia,Western Kentucky,-6047, Team,0.0,0.0,0.0,0.0,0.0,0.0,2.0,-4.0
2026,2,Georgia,Western Kentucky,4685578,Gunner Stockton,13.0,16.0,5.0,234.0,0.0,0.0,1.0,3.0
2026,2,Georgia,Western Kentucky,4870874,Lawson Luckie,0.0,0.0,0.0,0.0,4.0,1.0,0.0,0.0
2026,2,Georgia,Western Kentucky,5078453,London Humphreys,0.0,0.0,0.0,0.0,11.0,2.0,0.0,0.0
2026,2,Georgia,Western Kentucky,5079335,Chauncey Bowens,0.0,0.0,0.0,0.0,45.0,2.0,1.0,4.0
2026,2,Georgia,Western Kentucky,5079561,Dwight Phillips Jr.,0.0,0.0,0.0,0.0,4.0,1.0,1.0,4.0
2026,2,Georgia,Western Kentucky,5079679,Ryan Puglisi,2.0,5.0,0.0,19.0,0.0,0.0,2.0,79.0
2026,2,Georgia,Western Kentucky,5084047,Nate Frazier,0.0,0.0,0.0,0.0,5.0,1.0,6.0,55.0
2026,2,Georgia,Western Kentucky,5105269,Sacovie White,0.0,0.0,0.0,0.0,70.0,1.0,1.0,8.0
2026,2,Georgia,Western Kentucky,5132253,Isiah Canion,0.0,0.0,0.0,0.0,6.0,1.0,0.0,0.0
2026,2,Georgia,Western Kentucky,5141371,Ethan Barbour,0.0,0.0,0.0,0.0,7.0,1.0,0.0,0.0
2026,2,Georgia,Western Kentucky,5141602,Ryan Montgomery,1.0,4.0,0.0,6.0,0.0,0.0,1.0,5.0
2026,2,Georgia,Western Kentucky,5141671,Talyn Taylor,0.0,0.0,0.0,0.0,31.0,2.0,0.0,0.0
2026,2,Georgia,Western Kentucky,5141756,Elyiss Williams,0.0,0.0,0.0,0.0,14.0,1.0,0.0,0.0
2026,2,Georgia,Western Kentucky,5172095,Bo Walker,0.0,0.0,0.0,0.0,0.0,0.0,6.0,14.0
2026,2,Georgia,Western Kentucky,5215017,Landon Roldan,0.0,0.0,0.0,0.0,0.0,0.0,1.0,9.0
2026,2,Georgia,Western Kentucky,5229348,Hezekiah Millender,0.0,0.0,0.0,0.0,0.0,0.0,1.0,5.0
2026,2,Georgia,Western Kentucky,5244758,Jae Lamar,0.0,0.0,0.0,0.0,0.0,0.0,3.0,11.0
2026,2,Georgia,Western Kentucky,5263766,Craig Dandridge,0.0,0.0,0.0,0.0,56.0,2.0,0.0,0.0
2026,2,Georgia,Western Kentucky,5297763,Tyler Williams,0.0,0.0,0.0,0.0,6.0,1.0,0.0,0.0
2026,2,Georgia,Western Kentucky,5446770,Nick Peal,0.0,0.0,0.0,0.0,0.0,0.0,9.0,41.0
2026,2,Georgia Southern,Clemson,4685740,Max Johnson,27.0,47.0,1.0,244.0,0.0,0.0,6.0,-3.0
2026,2,Georgia Southern,Clemson,4698179,River Helms,0.0,0.0,0.0,0.0,23.0,5.0,0.0,0.0
2026,2,Georgia Southern,Clemson,4838527,Josh Dallas,0.0,0.0,0.0,0.0,41.0,9.0,1.0,4.0
2026,2,Georgia Southern,Clemson,4869962,Ashton Hollins,0.0,0.0,0.0,0.0,97.0,5.0,0.0,0.0
2026,2,Georgia Southern,Clemson,5079736,Alex Taylor,0.0,0.0,0.0,0.0,2.0,1.0,0.0,0.0
2026,2,Georgia Southern,Clemson,5151111,Jamarian Samuel,0.0,0.0,0.0,0.0,4.0,1.0,3.0,2.0
2026,2,Georgia Southern,Clemson,5151112,David Mbadinga,0.0,0.0,0.0,0.0,30.0,2.0,3.0,11.0
2026,2,Georgia Southern,Clemson,5155780,Taeo Todd,0.0,0.0,0.0,0.0,0.0,0.0,4.0,6.0
2026,2,Georgia Southern,Clemson,5212641,Weston Bryan,0.0,1.0,0.0,0.0,0.0,0.0,1.0,2.0
2026,2,Georgia Southern,Clemson,5223093,Jeremiah Ware,0.0,0.0,0.0,0.0,47.0,4.0,0.0,0.0
2026,2,Georgia State,Kennesaw State,-95576, Team,0.0,0.0,0.0,0.0,0.0,0.0,3.0,-6.0
2026,2,Georgia State,Kennesaw State,4812474,DJ Riles,0.0,0.0,0.0,0.0,31.0,2.0,0.0,0.0
2026,2,Georgia State,Kennesaw State,5146273,DJ Murray Jr.,0.0,0.0,0.0,0.0,13.0,1.0,9.0,41.0
2026,2,Georgia State,Kennesaw State,5149004,Kyle Washington,0.0,0.0,0.0,0.0,59.0,2.0,0.0,0.0
2026,2,Georgia State,Kennesaw State,5193926,Cameran Brown,16.0,23.0,0.0,253.0,0.0,0.0,9.0,62.0
2026,2,Georgia State,Kennesaw State,5216495,Derrick Avery Jr.,0.0,0.0,0.0,0.0,37.0,2.0,0.0,0.0
2026,2,Georgia State,Kennesaw State,5217752,Jamari Miller,0.0,0.0,0.0,0.0,4.0,1.0,3.0,20.0
2026,2,Georgia State,Kennesaw State,5218720,Isaiah Stone,0.0,0.0,0.0,0.0,0.0,0.0,1.0,2.0
2026,2,Georgia State,Kennesaw State,5225013,Rodshaun Dorsey,0.0,0.0,0.0,0.0,42.0,4.0,0.0,0.0
2026,2,Georgia State,Kennesaw State,5225717,Savion Hart,0.0,0.0,0.0,0.0,0.0,0.0,1.0,5.0
2026,2,Georgia State,Kennesaw State,5229332,Grant Hollier,0.0,0.0,0.0,0.0,44.0,1.0,0.0,0.0
2026,2,Georgia State,Kennesaw State,5233868,Lanear McCrary Jr.,0.0,0.0,0.0,0.0,0.0,0.0,19.0,101.0
2026,2,Georgia State,Kennesaw State,5244023,Qwantavius Wiggins,0.0,0.0,0.0,0.0,20.0,2.0,2.0,5.0
2026,2,Georgia State,Kennesaw State,5308878,Zach Stair,0.0,0.0,0.0,0.0,3.0,1.0,0.0,0.0
2026,2,Georgia Tech,Tennessee,4870760,Justice Haynes,0.0,0.0,0.0,0.0,36.0,6.0,14.0,81.0
2026,2,Georgia Tech,Tennessee,5085509,Chris Corbo,0.0,0.0,0.0,0.0,21.0,2.0,0.0,0.0
2026,2,Georgia Tech,Tennessee,5103639,Trelain Maddox,0.0,0.0,0.0,0.0,9.0,1.0,4.0,27.0
2026,2,Georgia Tech,Tennessee,5141362,Jordan Allen,0.0,0.0,0.0,0.0,26.0,4.0,0.0,0.0
2026,2,Georgia Tech,Tennessee,5154262,Gavin Harris,0.0,0.0,0.0,0.0,5.0,1.0,0.0,0.0
2026,2,Georgia Tech,Tennessee,5155366,Malachi Hosley,0.0,0.0,0.0,0.0,0.0,0.0,6.0,40.0
2026,2,Georgia Tech,Tennessee,5191162,Alberto Mendoza,26.0,40.0,1.0,221.0,0.0,0.0,7.0,-13.0
2026,2,Georgia Tech,Tennessee,5199859,Dalen Penson,0.0,0.0,0.0,0.0,58.0,6.0,0.0,0.0
2026,2,Georgia Tech,Tennessee,5215629,Kevin Roche Jr.,0.0,0.0,0.0,0.0,66.0,6.0,0.0,0.0
2026,2,Grambling,TCU,4608801,Nae'Saan Dickerson,0.0,0.0,0.0,0.0,19.0,2.0,0.0,0.0
2026,2,Grambling,TCU,4949488,Jacobe Robinson,0.0,2.0,0.0,0.0,0.0,0.0,1.0,-4.0
2026,2,Grambling,TCU,5085259,Ashton Frye,0.0,2.0,0.0,0.0,0.0,0.0,1.0,2.0
2026,2,Grambling,TCU,5141452,D'Shaun Ford,0.0,0.0,0.0,0.0,0.0,0.0,4.0,4.0
2026,2,Grambling,TCU,5141558,Davon Mitchell,0.0,0.0,0.0,0.0,3.0,2.0,0.0,0.0
2026,2,Grambling,TCU,5141623,Jamarion Parker,0.0,0.0,0.0,0.0,0.0,0.0,5.0,9.0
2026,2,Grambling,TCU,5151670,Dylan Wroblewski,0.0,0.0,0.0,0.0,8.0,1.0,0.0,0.0
2026,2,Grambling,TCU,5151696,RJ Johnson III,14.0,20.0,1.0,190.0,0.0,0.0,3.0,-15.0
2026,2,Grambling,TCU,5230175,Jordan Bride,0.0,0.0,0.0,0.0,79.0,4.0,0.0,0.0
2026,2,Grambling,TCU,5230177,Andre Crews,0.0,0.0,0.0,0.0,0.0,0.0,2.0,3.0
2026,2,Grambling,TCU,5230180,Tony Phillips,0.0,0.0,0.0,0.0,0.0,0.0,3.0,7.0
2026,2,Grambling,TCU,5230183,Tyson George,0.0,0.0,0.0,0.0,22.0,3.0,0.0,0.0
2026,2,Grambling,TCU,5298454,Byron Eaton Jr.,0.0,0.0,0.0,0.0,59.0,2.0,1.0,2.0
2026,2,Grambling,TCU,5298456,Clyde McClendon Jr.,0.0,0.0,0.0,0.0,0.0,0.0,2.0,3.0
2026,2,Grambling,TCU,5306457,Hayden Benoit,0.0,1.0,0.0,0.0,0.0,0.0,1.0,4.0
2026,2,Grambling,TCU,5306510,Zerrick Jones,0.0,0.0,0.0,0.0,0.0,0.0,4.0,2.0
2026,2,Grambling,TCU,5439961,Schuylar Turnbull,0.0,0.0,0.0,0.0,0.0,0.0,1.0,3.0
2026,2,Hampton,Bryant,5086893,Donovan Shepard,0.0,0.0,0.0,0.0,0.0,0.0,7.0,16.0
2026,2,Hampton,Bryant,5088851,Tre'Von Taylor,12.0,24.0,0.0,134.0,0.0,0.0,7.0,36.0
2026,2,Hampton,Bryant,5098135,Isaiah Smith,0.0,0.0,0.0,0.0,5.0,1.0,0.0,0.0
2026,2,Hampton,Bryant,5121745,Marshawn Ferguson,0.0,0.0,0.0,0.0,5.0,1.0,1.0,11.0
2026,2,Hampton,Bryant,5156293,Jalen Woods,4.0,7.0,0.0,43.0,0.0,0.0,2.0,1.0
2026,2,Hampton,Bryant,5169311,Sejhe Jackson,0.0,0.0,0.0,0.0,37.0,1.0,0.0,0.0
2026,2,Hampton,Bryant,5226455,Khaioz Watford,0.0,0.0,0.0,0.0,32.0,3.0,0.0,0.0
2026,2,Hampton,Bryant,5299911,Gracen Goldsmith,0.0,0.0,0.0,0.0,26.0,1.0,8.0,41.0
2026,2,Hampton,Bryant,5299912,Noah Colon,0.0,0.0,0.0,0.0,40.0,3.0,1.0,16.0
2026,2,Hampton,Bryant,5299916,Nare Means,0.0,0.0,0.0,0.0,-2.0,1.0,0.0,0.0
2026,2,Hampton,Bryant,5300418,Dedrick Borden,0.0,0.0,0.0,0.0,9.0,2.0,0.0,0.0
2026,2,Hampton,Bryant,5405369,Chaz Portis,0.0,0.0,0.0,0.0,10.0,2.0,0.0,0.0
2026,2,Hampton,Bryant,5405370,Amari Pryear,0.0,0.0,0.0,0.0,15.0,1.0,7.0,32.0
2026,2,Hawai'i,New Mexico State,4819259,Devon Tauaefa,0.0,0.0,0.0,0.0,16.0,2.0,0.0,0.0
2026,2,Hawai'i,New Mexico State,5079499,Audric Harris,0.0,0.0,0.0,0.0,105.0,4.0,0.0,0.0
2026,2,Hawai'i,New Mexico State,5079651,Devon Rice,0.0,0.0,0.0,0.0,1.0,2.0,16.0,59.0
2026,2,Hawai'i,New Mexico State,5081863,Carson Brown,0.0,0.0,0.0,0.0,5.0,1.0,0.0,0.0
2026,2,Hawai'i,New Mexico State,5085972,Kainoa Carvalho,0.0,0.0,0.0,0.0,82.0,9.0,0.0,0.0
2026,2,Hawai'i,New Mexico State,5101124,Micah Alejado,33.0,45.0,0.0,346.0,0.0,0.0,3.0,-4.0
2026,2,Hawai'i,New Mexico State,5148777,Titan Lacaden,0.0,0.0,0.0,0.0,20.0,3.0,0.0,0.0
2026,2,Hawai'i,New Mexico State,5173623,Frank Abreu,0.0,0.0,0.0,0.0,7.0,1.0,0.0,0.0
2026,2,Hawai'i,New Mexico State,5218869,Sitani Mikaele,0.0,0.0,0.0,0.0,5.0,1.0,7.0,12.0
2026,2,Hawai'i,New Mexico State,5218881,Tama Uiliata,1.0,1.0,1.0,7.0,107.0,10.0,0.0,0.0
2026,2,Hawai'i,New Mexico State,5218882,Josiah Fetui,0.0,0.0,0.0,0.0,5.0,1.0,0.0,0.0
2026,2,Holy Cross,Miami (OH),4870820,Datrell Jones,0.0,0.0,0.0,0.0,0.0,0.0,3.0,18.0
2026,2,Holy Cross,Miami (OH),5075592,Cal Swanson,0.0,0.0,0.0,0.0,0.0,0.0,3.0,4.0
2026,2,Holy Cross,Miami (OH),5146936,Ty Curran,0.0,0.0,0.0,0.0,1.0,2.0,0.0,0.0
2026,2,Holy Cross,Miami (OH),5154302,David Lynch,13.0,25.0,1.0,141.0,0.0,0.0,3.0,-4.0
2026,2,Holy Cross,Miami (OH),5213299,Lincoln Fisher,0.0,0.0,0.0,0.0,31.0,3.0,0.0,0.0
2026,2,Holy Cross,Miami (OH),5214367,Joseph Williams,0.0,0.0,0.0,0.0,21.0,1.0,8.0,16.0
2026,2,Holy Cross,Miami (OH),5225794,SirCharles Gordon,0.0,0.0,0.0,0.0,54.0,3.0,0.0,0.0
2026,2,Holy Cross,Miami (OH),5231612,Jake Croce,0.0,0.0,0.0,0.0,21.0,3.0,2.0,6.0
2026,2,Holy Cross,Miami (OH),5299294,Lucas Weir,0.0,0.0,0.0,0.0,13.0,1.0,0.0,0.0
2026,2,Houston,Southern,4685574,Conner Weigman,9.0,12.0,3.0,120.0,0.0,0.0,1.0,6.0
2026,2,Houston,Southern,4816098,Makhi Hughes,0.0,0.0,0.0,0.0,0.0,0.0,8.0,44.0
2026,2,Houston,Southern,4879567,Trent Walker,0.0,0.0,0.0,0.0,35.0,2.0,0.0,0.0
2026,2,Houston,Southern,5077060,Amare Thomas,0.0,0.0,0.0,0.0,29.0,3.0,0.0,0.0
2026,2,Houston,Southern,5078223,Re'Shaun Sanford II,0.0,0.0,0.0,0.0,27.0,1.0,4.0,27.0
2026,2,Houston,Southern,5120299,Patrick Overmyer,0.0,0.0,0.0,0.0,16.0,2.0,0.0,0.0
2026,2,Houston,Southern,5125734,Luke Mcgary,0.0,0.0,0.0,0.0,10.0,1.0,0.0,0.0
2026,2,Houston,Southern,5146728,Koby Young,0.0,0.0,0.0,0.0,54.0,3.0,0.0,0.0
2026,2,Houston,Southern,5149563,DJ Butler,0.0,0.0,0.0,0.0,1.0,1.0,6.0,55.0
2026,2,Houston,Southern,5159035,Keisean Henderson,6.0,7.0,2.0,83.0,0.0,0.0,1.0,54.0
2026,2,Houston,Southern,5208138,Luke Carney,0.0,0.0,0.0,0.0,0.0,0.0,4.0,23.0
2026,2,Houston,Southern,5220975,Jaquise Martin,0.0,0.0,0.0,0.0,11.0,1.0,0.0,0.0
2026,2,Houston,Southern,5292032,John Hebert,0.0,0.0,0.0,0.0,20.0,1.0,5.0,65.0
2026,2,Houston,Southern,5296225,Nehemiah Warmate,0.0,0.0,0.0,0.0,0.0,0.0,5.0,41.0
2026,2,Houston,Southern,5296226,Zane Smith,0.0,0.0,0.0,0.0,0.0,0.0,10.0,69.0
2026,2,Houston,Southern,5381557,Braeden Robinson,0.0,0.0,0.0,0.0,0.0,0.0,1.0,4.0
2026,2,Houston Christian,Unknown,4691966,Maddox Kopp,2.0,2.0,0.0,49.0,0.0,0.0,1.0,9.0
2026,2,Houston Christian,Unknown,4869317,Diego Tello,0.0,1.0,0.0,0.0,0.0,0.0,2.0,20.0
2026,2,Houston Christian,Unknown,4871086,Ja'Ryan Wallace,0.0,0.0,0.0,0.0,46.0,2.0,0.0,0.0
2026,2,Houston Christian,Unknown,5120221,Brice Turner,0.0,0.0,0.0,0.0,41.0,1.0,0.0,0.0
2026,2,Houston Christian,Unknown,5121318,Mason Graham,0.0,0.0,0.0,0.0,1.0,1.0,0.0,0.0
2026,2,Houston Christian,Unknown,5144408,Briley Brown,0.0,0.0,0.0,0.0,0.0,0.0,2.0,-22.0
2026,2,Houston Christian,Unknown,5151128,Corey Landers,0.0,0.0,0.0,0.0,0.0,0.0,6.0,15.0
2026,2,Houston Christian,Unknown,5154855,Cutter Stewart,5.0,10.0,3.0,156.0,0.0,0.0,1.0,27.0
2026,2,Houston Christian,Unknown,5154864,Champ Dozier,0.0,0.0,0.0,0.0,22.0,1.0,1.0,-4.0
2026,2,Houston Christian,Unknown,5225879,Elijah Harris,0.0,0.0,0.0,0.0,0.0,0.0,5.0,59.0
2026,2,Houston Christian,Unknown,5233062,Jaylen Middleton,0.0,0.0,0.0,0.0,0.0,0.0,5.0,40.0
2026,2,Houston Christian,Unknown,5299298,Trayjen Llanas-Wilcox,0.0,0.0,0.0,0.0,8.0,1.0,0.0,0.0
2026,2,Houston Christian,Unknown,5301346,Reilly Garcia,2.0,4.0,1.0,30.0,0.0,0.0,0.0,0.0
2026,2,Houston Christian,Unknown,5301347,Cayden Keeth,0.0,0.0,0.0,0.0,0.0,0.0,2.0,19.0
2026,2,Houston Christian,Unknown,5439243,Jamaal Hall II,0.0,0.0,0.0,0.0,117.0,3.0,0.0,0.0
2026,2,Houston Christian,Unknown,5439246,Aidan Farley,0.0,0.0,0.0,0.0,0.0,0.0,2.0,14.0
2026,2,Houston Christian,Unknown,5439249,Hayden Drinkard,0.0,0.0,0.0,0.0,0.0,0.0,12.0,98.0
2026,2,Howard,Indiana,4837182,Eden James,0.0,0.0,0.0,0.0,0.0,0.0,1.0,-2.0
2026,2,Howard,Indiana,5087297,Ja'Shawn Scroggins,8.0,15.0,0.0,43.0,0.0,0.0,3.0,-9.0
2026,2,Howard,Indiana,5098448,Isaiah Freeman,2.0,5.0,0.0,1.0,0.0,0.0,5.0,-2.0
2026,2,Howard,Indiana,5154259,Se'Quan Osborne,0.0,0.0,0.0,0.0,11.0,2.0,0.0,0.0
2026,2,Howard,Indiana,5154270,Nathanial Clark,0.0,0.0,0.0,0.0,4.0,2.0,0.0,0.0
2026,2,Howard,Indiana,5184466,Semaj Pierre,0.0,0.0,0.0,0.0,14.0,1.0,0.0,0.0
2026,2,Howard,Indiana,5227208,Travis Kerney,0.0,0.0,0.0,0.0,-1.0,2.0,5.0,6.0
2026,2,Howard,Indiana,5227210,Billy Roberson II,0.0,0.0,0.0,0.0,0.0,0.0,7.0,14.0
2026,2,Howard,Indiana,5301189,Antonio Hunter,0.0,0.0,0.0,0.0,0.0,1.0,0.0,0.0
2026,2,Howard,Indiana,5301193,Terrell Russell,0.0,0.0,0.0,0.0,0.0,0.0,1.0,-1.0
2026,2,Howard,Indiana,5301198,John Washington III,0.0,0.0,0.0,0.0,0.0,0.0,5.0,7.0
2026,2,Howard,Indiana,5405544,Derrick Miller,0.0,0.0,0.0,0.0,15.0,1.0,0.0,0.0
2026,2,Howard,Indiana,5405549,Jadarian Collins,0.0,0.0,0.0,0.0,1.0,1.0,0.0,0.0
2026,2,Idaho,Lamar,4581420,Lonyatta Alexander,0.0,0.0,0.0,0.0,64.0,4.0,0.0,0.0
2026,2,Idaho,Lamar,4832830,Joshua Wood,20.0,40.0,0.0,205.0,0.0,0.0,19.0,50.0
2026,2,Idaho,Lamar,4923050,Israel Carter,0.0,0.0,0.0,0.0,0.0,0.0,2.0,12.0
2026,2,Idaho,Lamar,5083188,Charlie Vliem,0.0,0.0,0.0,0.0,11.0,1.0,0.0,0.0
2026,2,Idaho,Lamar,5223942,Tony Harste,0.0,0.0,0.0,0.0,30.0,2.0,0.0,0.0
2026,2,Idaho,Lamar,5223975,Noah West-Baranco,0.0,0.0,0.0,0.0,21.0,3.0,0.0,0.0
2026,2,Idaho,Lamar,5223978,Ryan Jezioro,0.0,0.0,0.0,0.0,48.0,7.0,0.0,0.0
2026,2,Idaho,Lamar,5298306,Mason Krahn,0.0,0.0,0.0,0.0,0.0,0.0,1.0,0.0
2026,2,Idaho,Lamar,5405516,Damonte Bias,0.0,0.0,0.0,0.0,7.0,1.0,7.0,15.0
2026,2,Idaho,Lamar,5405522,Kenny Golston,0.0,0.0,0.0,0.0,0.0,0.0,2.0,1.0
2026,2,Idaho,Lamar,5405525,Ferrari Miller,0.0,0.0,0.0,0.0,24.0,2.0,6.0,13.0
2026,2,Idaho State,San Diego,4833016,Chedon James,0.0,0.0,0.0,0.0,98.0,3.0,2.0,11.0
2026,2,Idaho State,San Diego,5085564,Julian Mason,0.0,0.0,0.0,0.0,51.0,3.0,0.0,0.0
2026,2,Idaho State,San Diego,5086607,Mikey Welsh,0.0,0.0,0.0,0.0,0.0,0.0,1.0,0.0
2026,2,Idaho State,San Diego,5158746,Jordan Cooke,15.0,26.0,3.0,331.0,0.0,0.0,5.0,-12.0
2026,2,Idaho State,San Diego,5158766,Adam Watts,0.0,0.0,0.0,0.0,18.0,1.0,0.0,0.0
2026,2,Idaho State,San Diego,5220651,Robert Freeman IV,0.0,0.0,0.0,0.0,9.0,1.0,1.0,0.0
2026,2,Idaho State,San Diego,5224046,Brett Spencer,0.0,0.0,0.0,0.0,0.0,0.0,1.0,28.0
2026,2,Idaho State,San Diego,5224050,Davis Harsin,3.0,3.0,1.0,113.0,0.0,0.0,1.0,4.0
2026,2,Idaho State,San Diego,5224055,Carson Sudbury,0.0,0.0,0.0,0.0,8.0,1.0,4.0,23.0
2026,2,Idaho State,San Diego,5225867,Tommy Poe,0.0,0.0,0.0,0.0,25.0,3.0,0.0,0.0
2026,2,Idaho State,San Diego,5296350,Zedekiah Anahu-Ambrosio,0.0,0.0,0.0,0.0,195.0,3.0,3.0,27.0
2026,2,Idaho State,San Diego,5298611,Wyatt Horton,1.0,1.0,0.0,18.0,0.0,0.0,2.0,36.0
2026,2,Idaho State,San Diego,5298614,Tytan Mason,0.0,0.0,0.0,0.0,0.0,0.0,6.0,60.0
2026,2,Idaho State,San Diego,5298638,Elijah Beamon,0.0,0.0,0.0,0.0,0.0,0.0,1.0,1.0
2026,2,Idaho State,San Diego,5405704,Jimmy Trilla,0.0,0.0,0.0,0.0,58.0,4.0,0.0,0.0
2026,2,Illinois,Duke,-6210, Team,0.0,1.0,0.0,0.0,0.0,0.0,0.0,0.0
2026,2,Illinois,Duke,4689721,Ty Robinson,0.0,0.0,0.0,0.0,13.0,2.0,0.0,0.0
2026,2,Illinois,Duke,4795295,Katin Houser,24.0,35.0,3.0,271.0,0.0,0.0,4.0,18.0
2026,2,Illinois,Duke,4827047,Aidan Laughery,0.0,0.0,0.0,0.0,6.0,1.0,10.0,37.0
2026,2,Illinois,Duke,4923226,Collin Dixon,0.0,0.0,0.0,0.0,166.0,11.0,0.0,0.0
2026,2,Illinois,Duke,5076651,Christian Abney,0.0,0.0,0.0,0.0,1.0,1.0,0.0,0.0
2026,2,Illinois,Duke,5100582,Hudson Clement,0.0,0.0,0.0,0.0,45.0,4.0,0.0,0.0
2026,2,Illinois,Duke,5106299,Ca'Lil Valentine,0.0,0.0,0.0,0.0,9.0,1.0,18.0,56.0
2026,2,Illinois,Duke,5154729,Davin Stoffel,0.0,0.0,0.0,0.0,14.0,1.0,0.0,0.0
2026,2,Illinois,Duke,5211769,Brayden Trimble,0.0,0.0,0.0,0.0,17.0,3.0,0.0,0.0
2026,2,Illinois State,Northern Illinois,-6213, Team,0.0,0.0,0.0,0.0,0.0,0.0,2.0,-4.0
2026,2,Illinois State,Northern Illinois,4833241,Gage Roy,20.0,23.0,2.0,146.0,0.0,0.0,4.0,-18.0
2026,2,Illinois State,Northern Illinois,4878994,Victor Dawson,0.0,0.0,0.0,0.0,7.0,1.0,12.0,46.0
2026,2,Illinois State,Northern Illinois,5087241,Max Ziebarth,0.0,0.0,0.0,0.0,2.0,3.0,0.0,0.0
2026,2,Illinois State,Northern Illinois,5089279,Seth Glatz,0.0,0.0,0.0,0.0,0.0,1.0,12.0,39.0
2026,2,Illinois State,Northern Illinois,5225297,Alex Herrera,0.0,0.0,0.0,0.0,16.0,1.0,0.0,0.0
2026,2,Illinois State,Northern Illinois,5227699,Beckham Pellant,0.0,2.0,0.0,0.0,0.0,0.0,0.0,0.0
2026,2,Illinois State,Northern Illinois,5227704,Dylan Lord,0.0,1.0,0.0,0.0,62.0,8.0,0.0,0.0
2026,2,Illinois State,Northern Illinois,5227723,Luke Mailander,0.0,0.0,0.0,0.0,19.0,2.0,0.0,0.0
2026,2,Illinois State,Northern Illinois,5298093,Mar'Quan Gary,0.0,0.0,0.0,0.0,9.0,1.0,0.0,0.0
2026,2,Illinois State,Northern Illinois,5298094,Chase Kwiatkowski,1.0,1.0,0.0,7.0,0.0,0.0,5.0,37.0
2026,2,Illinois State,Northern Illinois,5298101,Tyler Lofton,0.0,0.0,0.0,0.0,0.0,0.0,1.0,1.0
2026,2,Illinois State,Northern Illinois,5298105,Stevan Gavric,0.0,0.0,0.0,0.0,38.0,4.0,0.0,0.0
2026,2,Incarnate Word,Northern Arizona,4683466,Jamir Roberts,0.0,0.0,0.0,0.0,2.0,2.0,0.0,0.0
2026,2,Incarnate Word,Northern Arizona,4879455,Damashja Harris,0.0,0.0,0.0,0.0,0.0,0.0,8.0,53.0
2026,2,Incarnate Word,Northern Arizona,4918455,Lontrell Turner,0.0,0.0,0.0,0.0,41.0,1.0,12.0,72.0
2026,2,Incarnate Word,Northern Arizona,5085112,Emmett Brown,33.0,50.0,1.0,426.0,0.0,0.0,7.0,-22.0
2026,2,Incarnate Word,Northern Arizona,5146745,Jacob Emmers,0.0,0.0,0.0,0.0,27.0,4.0,1.0,7.0
2026,2,Incarnate Word,Northern Arizona,5149302,Cedric Lott Jr.,0.0,0.0,0.0,0.0,11.0,1.0,0.0,0.0
2026,2,Incarnate Word,Northern Arizona,5152821,David Rasor,1.0,3.0,0.0,4.0,0.0,0.0,1.0,1.0
2026,2,Incarnate Word,Northern Arizona,5156225,Jameson Garcia,0.0,0.0,0.0,0.0,49.0,2.0,0.0,0.0
2026,2,Incarnate Word,Northern Arizona,5220109,Price Morgan,0.0,0.0,0.0,0.0,76.0,8.0,0.0,0.0
2026,2,Incarnate Word,Northern Arizona,5302483,Isaiah Champagne,0.0,0.0,0.0,0.0,90.0,11.0,0.0,0.0
2026,2,Incarnate Word,Northern Arizona,5422379,Jayden Hibbler,0.0,0.0,0.0,0.0,9.0,1.0,9.0,51.0
2026,2,Incarnate Word,Northern Arizona,5426067,Keyon Butler,0.0,0.0,0.0,0.0,0.0,0.0,3.0,14.0
2026,2,Incarnate Word,Northern Arizona,5437807,Zach Phipps,0.0,0.0,0.0,0.0,125.0,4.0,0.0,0.0
2026,2,Indiana,Howard,4685401,Josh Hoover,6.0,11.0,4.0,145.0,0.0,0.0,6.0,18.0
2026,2,Indiana,Howard,4685516,Shazz Preston,0.0,0.0,0.0,0.0,39.0,1.0,0.0,0.0
2026,2,Indiana,Howard,4695867,Grant Wilson,2.0,2.0,2.0,54.0,0.0,0.0,2.0,6.0
2026,2,Indiana,Howard,5079600,Nick Marsh,0.0,0.0,0.0,0.0,71.0,2.0,0.0,0.0
2026,2,Indiana,Howard,5091725,Lee Beebe,0.0,0.0,0.0,0.0,0.0,0.0,16.0,112.0
2026,2,Indiana,Howard,5104817,Jackson Wasserstrom,0.0,0.0,0.0,0.0,10.0,1.0,0.0,0.0
2026,2,Indiana,Howard,5145553,Tyler Cherry,1.0,3.0,0.0,10.0,0.0,0.0,0.0,0.0
2026,2,Indiana,Howard,5146724,Turbo Richard,0.0,0.0,0.0,0.0,5.0,1.0,11.0,108.0
2026,2,Indiana,Howard,5146735,Charlie Becker,0.0,0.0,0.0,0.0,81.0,3.0,0.0,0.0
2026,2,Indiana,Howard,5164320,Sean Cuono,0.0,0.0,0.0,0.0,0.0,0.0,6.0,16.0
2026,2,Indiana,Howard,5205460,Davion Chandler,0.0,0.0,0.0,0.0,3.0,1.0,0.0,0.0
2026,2,Indiana,Howard,5214648,Jayreon Campbell,0.0,0.0,0.0,0.0,0.0,0.0,5.0,36.0
2026,2,Indiana State,Eastern Illinois,-6231, Team,0.0,1.0,0.0,0.0,0.0,0.0,1.0,-2.0
2026,2,Indiana State,Eastern Illinois,4869538,Dane Pardridge,0.0,0.0,0.0,0.0,38.0,2.0,0.0,0.0
2026,2,Indiana State,Eastern Illinois,5155321,Elijah Owens,21.0,33.0,3.0,284.0,0.0,0.0,18.0,98.0
2026,2,Indiana State,Eastern Illinois,5155322,BJ Wuest,0.0,0.0,0.0,0.0,142.0,6.0,0.0,0.0
2026,2,Indiana State,Eastern Illinois,5221304,Aaron Ball,0.0,0.0,0.0,0.0,15.0,3.0,13.0,97.0
2026,2,Indiana State,Eastern Illinois,5238881,Keshon Singleton,0.0,0.0,0.0,0.0,66.0,5.0,0.0,0.0
2026,2,Indiana State,Eastern Illinois,5301445,Max McCool,0.0,0.0,0.0,0.0,5.0,2.0,5.0,25.0
2026,2,Indiana State,Eastern Illinois,5442088,Jayden Reed,0.0,0.0,0.0,0.0,18.0,3.0,1.0,0.0
2026,2,Iowa,Iowa State,5089314,Hank Brown,21.0,30.0,0.0,191.0,0.0,0.0,8.0,22.0
2026,2,Iowa,Iowa State,5093886,Kamari Moulton,0.0,0.0,0.0,0.0,31.0,6.0,15.0,57.0
2026,2,Iowa,Iowa State,5138293,Reece Vander Zee,0.0,0.0,0.0,0.0,32.0,3.0,0.0,0.0
2026,2,Iowa,Iowa State,5142226,Xavier Williams,0.0,0.0,0.0,0.0,0.0,0.0,3.0,3.0
2026,2,Iowa,Iowa State,5142597,Thomas Meyer,0.0,0.0,0.0,0.0,5.0,1.0,0.0,0.0
2026,2,Iowa,Iowa State,5218931,DJ Vonnahme,0.0,0.0,0.0,0.0,25.0,2.0,1.0,2.0
2026,2,Iowa,Iowa State,5246572,Nathan Mcneil,0.0,0.0,0.0,0.0,0.0,0.0,2.0,9.0
2026,2,Iowa,Iowa State,5300482,Evan James,0.0,0.0,0.0,0.0,3.0,1.0,0.0,0.0
2026,2,Iowa,Iowa State,5300856,Tony Diaz,0.0,0.0,0.0,0.0,95.0,8.0,0.0,0.0
2026,2,Iowa State,Iowa,4837269,Omari Hayes,0.0,0.0,0.0,0.0,39.0,3.0,1.0,15.0
2026,2,Iowa State,Iowa,5056106,Evan Boyd,0.0,0.0,0.0,0.0,6.0,1.0,0.0,0.0
2026,2,Iowa State,Iowa,5080403,Jaylen Raynor,10.0,19.0,1.0,117.0,0.0,0.0,8.0,18.0
2026,2,Iowa State,Iowa,5081882,Tyler Claiborne,0.0,0.0,0.0,0.0,15.0,1.0,0.0,0.0
2026,2,Iowa State,Iowa,5110516,Arnold Barnes,0.0,0.0,0.0,0.0,0.0,0.0,3.0,9.0
2026,2,Iowa State,Iowa,5150693,Vince Benetti,0.0,0.0,0.0,0.0,10.0,2.0,0.0,0.0
2026,2,Iowa State,Iowa,5161735,Easton Miller,0.0,0.0,0.0,0.0,0.0,0.0,1.0,3.0
2026,2,Iowa State,Iowa,5194663,Cameron Pettaway,0.0,0.0,0.0,0.0,0.0,0.0,2.0,4.0
2026,2,Iowa State,Iowa,5219258,Aiden Flora,0.0,0.0,0.0,0.0,3.0,1.0,19.0,89.0
2026,2,Iowa State,Iowa,5263613,Carter Pabst,0.0,0.0,0.0,0.0,24.0,1.0,0.0,0.0
2026,2,Iowa State,Iowa,5326123,Jamal Polite Jr.,0.0,0.0,0.0,0.0,20.0,1.0,0.0,0.0
2026,2,Jacksonville State,Ohio,-6271, Team,0.0,0.0,0.0,0.0,0.0,0.0,2.0,-3.0
2026,2,Jacksonville State,Ohio,5069231,Deondre Johnson,0.0,0.0,0.0,0.0,60.0,4.0,0.0,0.0
2026,2,Jacksonville State,Ohio,5087930,Jamill Williams,1.0,1.0,0.0,14.0,39.0,5.0,0.0,0.0
2026,2,Jacksonville State,Ohio,5122157,Caden Creel,18.0,24.0,1.0,265.0,14.0,1.0,29.0,120.0
2026,2,Jacksonville State,Ohio,5150822,Angel Toombs,0.0,0.0,0.0,0.0,7.0,1.0,0.0,0.0
2026,2,Jacksonville State,Ohio,5160197,Darius Cannon,0.0,0.0,0.0,0.0,9.0,2.0,0.0,0.0
2026,2,Jacksonville State,Ohio,5161162,Ronnel Johnson,0.0,0.0,0.0,0.0,25.0,2.0,0.0,0.0
2026,2,Jacksonville State,Ohio,5226550,Khristian Lando,0.0,0.0,0.0,0.0,16.0,1.0,8.0,16.0
2026,2,Jacksonville State,Ohio,5257214,Lucas Farrington,0.0,0.0,0.0,0.0,34.0,3.0,4.0,12.0
2026,2,Jacksonville State,Ohio,5265478,Luke Gilbert,0.0,0.0,0.0,0.0,82.0,1.0,0.0,0.0
2026,2,Jacksonville State,Ohio,5294241,Cedric Kouemi,0.0,0.0,0.0,0.0,0.0,0.0,3.0,16.0
2026,2,Jacksonville State,Ohio,5295639,Carter Lewis,1.0,1.0,0.0,7.0,0.0,0.0,0.0,0.0
2026,2,James Madison,Wagner,-6263, Team,0.0,0.0,0.0,0.0,0.0,0.0,1.0,-12.0
2026,2,James Madison,Wagner,4685494,George Pettaway,0.0,0.0,0.0,0.0,0.0,0.0,9.0,52.0
2026,2,James Madison,Wagner,5078227,Braeden Wisloski,0.0,0.0,0.0,0.0,28.0,2.0,0.0,0.0
2026,2,James Madison,Wagner,5134270,Trashon Dye,0.0,0.0,0.0,0.0,0.0,0.0,1.0,31.0
2026,2,James Madison,Wagner,5147757,Arrington Maiden,7.0,8.0,2.0,111.0,0.0,0.0,4.0,23.0
2026,2,James Madison,Wagner,5153978,Camden Coleman,12.0,18.0,1.0,171.0,0.0,0.0,3.0,7.0
2026,2,James Madison,Wagner,5165174,Za'Ron Collins,0.0,0.0,0.0,0.0,18.0,1.0,0.0,0.0
2026,2,James Madison,Wagner,5165803,Corey Scott,0.0,0.0,0.0,0.0,52.0,3.0,0.0,0.0
2026,2,James Madison,Wagner,5214955,Michael Scott,0.0,0.0,0.0,0.0,45.0,3.0,0.0,0.0
2026,2,James Madison,Wagner,5220360,Ryder Post,0.0,0.0,0.0,0.0,4.0,1.0,0.0,0.0
2026,2,James Madison,Wagner,5222247,Arrion Concepcion,0.0,0.0,0.0,0.0,16.0,1.0,0.0,0.0
2026,2,James Madison,Wagner,5225335,Noah Grevious,0.0,0.0,0.0,0.0,32.0,3.0,0.0,0.0
2026,2,James Madison,Wagner,5227231,Ke'Untae Mosley,0.0,0.0,0.0,0.0,20.0,1.0,0.0,0.0
2026,2,James Madison,Wagner,5257958,Jackson Mccarter,0.0,0.0,0.0,0.0,0.0,0.0,5.0,34.0
2026,2,James Madison,Wagner,5291634,Phoenix Donghia,0.0,0.0,0.0,0.0,0.0,0.0,4.0,23.0
2026,2,James Madison,Wagner,5295796,Miles Halbert,0.0,0.0,0.0,0.0,44.0,1.0,0.0,0.0
2026,2,James Madison,Wagner,5298748,Nick Herman,0.0,0.0,0.0,0.0,12.0,2.0,8.0,132.0
2026,2,James Madison,Wagner,5301871,Cole Keller,0.0,0.0,0.0,0.0,27.0,2.0,0.0,0.0
2026,2,James Madison,Wagner,5332125,Tanner Vibabul,1.0,1.0,0.0,16.0,0.0,0.0,0.0,0.0
2026,2,Kansas,Missouri,-6294, Team,0.0,0.0,0.0,0.0,0.0,0.0,1.0,0.0
2026,2,Kansas,Missouri,4869603,Cam Pickett,0.0,0.0,0.0,0.0,6.0,2.0,0.0,0.0
2026,2,Kansas,Missouri,4869730,Nik McMillan,0.0,0.0,0.0,0.0,52.0,2.0,0.0,0.0
2026,2,Kansas,Missouri,4918414,Dylan Edwards,0.0,0.0,0.0,0.0,18.0,1.0,6.0,39.0
2026,2,Kansas,Missouri,4924150,Keaton Kubecka,0.0,0.0,0.0,0.0,38.0,3.0,0.0,0.0
2026,2,Kansas,Missouri,5079604,Isaiah Marshall,13.0,30.0,2.0,168.0,6.0,1.0,20.0,23.0
2026,2,Kansas,Missouri,5079749,Yasin Willis,0.0,0.0,0.0,0.0,10.0,2.0,8.0,18.0
2026,2,Kansas,Missouri,5142704,Carson Bruhn,0.0,0.0,0.0,0.0,34.0,2.0,0.0,0.0
2026,2,Kansas,Missouri,5151060,Cole Ballard,1.0,1.0,0.0,6.0,0.0,0.0,0.0,0.0
2026,2,Kansas,Missouri,5216559,Tate Nagy,0.0,0.0,0.0,0.0,0.0,0.0,1.0,1.0
2026,2,Kansas,Missouri,5296407,Nahzae Cox,0.0,0.0,0.0,0.0,10.0,1.0,0.0,0.0
2026,2,Kansas State,Washington State,4870857,Avery Johnson,22.0,34.0,3.0,192.0,0.0,0.0,8.0,78.0
2026,2,Kansas State,Washington State,4894839,Brandon White,0.0,0.0,0.0,0.0,29.0,4.0,3.0,11.0
2026,2,Kansas State,Washington State,4920187,Will Anciaux,0.0,0.0,0.0,0.0,6.0,1.0,0.0,0.0
2026,2,Kansas State,Washington State,4921113,Joshua Manning,0.0,0.0,0.0,0.0,97.0,10.0,0.0,0.0
2026,2,Kansas State,Washington State,5078225,Jaron Tibbs,0.0,0.0,0.0,0.0,9.0,2.0,0.0,0.0
2026,2,Kansas State,Washington State,5078916,Joe Jackson,0.0,0.0,0.0,0.0,48.0,4.0,10.0,68.0
2026,2,Kansas State,Washington State,5125335,Rodney Fields Jr.,0.0,0.0,0.0,0.0,0.0,0.0,13.0,105.0
2026,2,Kansas State,Washington State,5151087,Rex Van Wyhe,0.0,0.0,0.0,0.0,3.0,1.0,0.0,0.0
2026,2,Kansas State,Washington State,5193496,Jay Harris,0.0,0.0,0.0,0.0,0.0,0.0,6.0,33.0
2026,2,Kennesaw State,Georgia State,4870645,Rickie Collins,22.0,35.0,1.0,260.0,0.0,0.0,10.0,46.0
2026,2,Kennesaw State,Georgia State,5083103,Davis Bryson,0.0,0.0,0.0,0.0,0.0,0.0,1.0,7.0
2026,2,Kennesaw State,Georgia State,5147191,Javon Rogers,0.0,0.0,0.0,0.0,74.0,3.0,0.0,0.0
2026,2,Kennesaw State,Georgia State,5147382,Reed Jesiolowski,0.0,0.0,0.0,0.0,0.0,1.0,0.0,0.0
2026,2,Kennesaw State,Georgia State,5154227,Navelle Dean,0.0,0.0,0.0,0.0,38.0,3.0,0.0,0.0
2026,2,Kennesaw State,Georgia State,5159362,Zion Booker,0.0,0.0,0.0,0.0,52.0,5.0,1.0,0.0
2026,2,Kennesaw State,Georgia State,5168788,Brayden Munroe,0.0,0.0,0.0,0.0,54.0,3.0,0.0,0.0
2026,2,Kennesaw State,Georgia State,5220641,Alan Woods III,0.0,0.0,0.0,0.0,2.0,2.0,4.0,6.0
2026,2,Kennesaw State,Georgia State,5224714,Latrelle Murrell,0.0,0.0,0.0,0.0,14.0,2.0,3.0,12.0
2026,2,Kennesaw State,Georgia State,5232359,Keon Davis,0.0,0.0,0.0,0.0,11.0,1.0,0.0,0.0
2026,2,Kennesaw State,Georgia State,5234086,Triston Morgan,0.0,0.0,0.0,0.0,0.0,0.0,2.0,1.0
2026,2,Kennesaw State,Georgia State,5265450,Jamari Harrold,0.0,0.0,0.0,0.0,15.0,2.0,0.0,0.0
2026,2,Kent State,Wofford,-6312, Team,0.0,0.0,0.0,0.0,0.0,0.0,1.0,-2.0
2026,2,Kent State,Wofford,4875755,Mason Blakemore,0.0,0.0,0.0,0.0,8.0,1.0,9.0,68.0
2026,2,Kent State,Wofford,5027432,Ardell Banks,0.0,0.0,0.0,0.0,36.0,2.0,0.0,0.0
2026,2,Kent State,Wofford,5083407,Hunter Hopperton,0.0,0.0,0.0,0.0,16.0,4.0,0.0,0.0
2026,2,Kent State,Wofford,5088143,Terik Mulder,0.0,0.0,0.0,0.0,25.0,2.0,0.0,0.0
2026,2,Kent State,Wofford,5119841,Dru Deshields,16.0,25.0,1.0,248.0,0.0,0.0,10.0,74.0
2026,2,Kent State,Wofford,5126524,Jakorion Caffey,0.0,0.0,0.0,0.0,0.0,0.0,9.0,23.0
2026,2,Kent State,Wofford,5147053,Wayne Harris,0.0,0.0,0.0,0.0,78.0,3.0,0.0,0.0
2026,2,Kent State,Wofford,5222633,Nolan Good,1.0,3.0,0.0,5.0,0.0,0.0,3.0,17.0
2026,2,Kent State,Wofford,5295590,Da'Realyst Clark,0.0,0.0,0.0,0.0,90.0,5.0,0.0,0.0
2026,2,Kent State,Wofford,5295596,Jake Stoeckel,0.0,0.0,0.0,0.0,0.0,0.0,1.0,-18.0
2026,2,Kent State,Wofford,5327601,Brandon White,0.0,0.0,0.0,0.0,0.0,0.0,11.0,33.0
2026,2,Kentucky,Alabama,-6315, Team,0.0,1.0,0.0,0.0,0.0,0.0,0.0,0.0
2026,2,Kentucky,Alabama,4685269,Jovantae Barnes,0.0,0.0,0.0,0.0,4.0,1.0,3.0,-2.0
2026,2,Kentucky,Alabama,4699866,Nic Anderson,0.0,0.0,0.0,0.0,13.0,1.0,0.0,0.0
2026,2,Kentucky,Alabama,4826637,Henry Boyer,0.0,0.0,0.0,0.0,20.0,1.0,1.0,2.0
2026,2,Kentucky,Alabama,4870609,CJ Baxter Jr.,0.0,0.0,0.0,0.0,15.0,2.0,11.0,29.0
2026,2,Kentucky,Alabama,4918099,Kenny Minchey,18.0,31.0,1.0,146.0,0.0,0.0,6.0,-19.0
2026,2,Kentucky,Alabama,5123048,Jason Patterson,0.0,0.0,0.0,0.0,0.0,0.0,11.0,53.0
2026,2,Kentucky,Alabama,5136838,Willie Rodriguez,0.0,0.0,0.0,0.0,49.0,8.0,0.0,0.0
2026,2,Kentucky,Alabama,5215172,Kenny Darby,0.0,0.0,0.0,0.0,45.0,5.0,0.0,0.0
2026,2,Kentucky Christian,Chicago State,5234354,Ethan Harris,0.0,0.0,0.0,0.0,0.0,0.0,0.0,-12.0
2026,2,Kentucky Christian,Chicago State,5305244,Tayden Carpenter,2.0,4.0,0.0,19.0,0.0,0.0,0.0,0.0
2026,2,Kentucky Christian,Chicago State,5305245,Xavier Phillips,16.0,32.0,1.0,148.0,0.0,0.0,6.0,-10.0
2026,2,Kentucky Christian,Chicago State,5305247,Jamareon Dale,0.0,0.0,0.0,0.0,42.0,3.0,9.0,84.0
2026,2,Kentucky Christian,Chicago State,5305251,Micah Pierson,0.0,0.0,0.0,0.0,0.0,0.0,7.0,2.0
2026,2,Kentucky Christian,Chicago State,5305290,Jakari Blackman,0.0,0.0,0.0,0.0,34.0,2.0,0.0,0.0
2026,2,Kentucky Christian,Chicago State,5305292,Jalen Briscoe,0.0,0.0,0.0,0.0,24.0,3.0,0.0,0.0
2026,2,Kentucky Christian,Chicago State,5305296,Javion Martin,0.0,0.0,0.0,0.0,5.0,1.0,0.0,0.0
2026,2,Kentucky Christian,Chicago State,5305418,Amarion Grant,0.0,0.0,0.0,0.0,7.0,2.0,0.0,0.0
2026,2,Kentucky Christian,Chicago State,5440558,Ityrian Hollis,0.0,0.0,0.0,0.0,12.0,1.0,7.0,-2.0
2026,2,Kentucky Christian,Chicago State,5440569,Bryce Hamon,0.0,0.0,0.0,0.0,0.0,1.0,0.0,0.0
2026,2,Kentucky Christian,Chicago State,5440570,Colton Graham,0.0,0.0,0.0,0.0,8.0,1.0,0.0,0.0
2026,2,Kentucky Christian,Chicago State,5440598,Kendall Anthony,0.0,0.0,0.0,0.0,14.0,2.0,0.0,0.0
2026,2,Kentucky Christian,Chicago State,5440602,Isaiah Rigsby,0.0,0.0,0.0,0.0,21.0,2.0,0.0,0.0
2026,2,LSU,Louisiana Tech,4921154,Eugene Wilson,0.0,0.0,0.0,0.0,93.0,6.0,1.0,1.0
2026,2,LSU,Louisiana Tech,5078810,Sam Leavitt,25.0,38.0,1.0,344.0,0.0,0.0,11.0,22.0
2026,2,LSU,Louisiana Tech,5079379,Caden Durham,0.0,0.0,0.0,0.0,0.0,0.0,1.0,-2.0
2026,2,LSU,Louisiana Tech,5079405,Stacy Gage,0.0,0.0,0.0,0.0,10.0,2.0,4.0,20.0
2026,2,LSU,Louisiana Tech,5079420,Trey'Dez Green,0.0,0.0,0.0,0.0,104.0,6.0,2.0,7.0
2026,2,LSU,Louisiana Tech,5079482,Dilin Jones,0.0,0.0,0.0,0.0,14.0,3.0,18.0,66.0
2026,2,LSU,Louisiana Tech,5114311,Jackson Harris,0.0,0.0,0.0,0.0,80.0,3.0,0.0,0.0
2026,2,LSU,Louisiana Tech,5122231,Harlem Berry,0.0,0.0,0.0,0.0,0.0,0.0,2.0,4.0
2026,2,LSU,Louisiana Tech,5141697,Winston Watkins,0.0,0.0,0.0,0.0,43.0,5.0,1.0,6.0
2026,2,LSU,Louisiana Tech,5149484,Phillip Wright III,0.0,0.0,0.0,0.0,0.0,0.0,1.0,4.0
2026,2,LSU,Louisiana Tech,5224789,Landen Clark,2.0,3.0,0.0,37.0,0.0,0.0,3.0,19.0
2026,2,LSU,Louisiana Tech,5331747,Tyree Holloway,0.0,0.0,0.0,0.0,37.0,2.0,0.0,0.0
2026,2,Lafayette,Marist,-6346, Team,0.0,0.0,0.0,0.0,0.0,0.0,3.0,-4.0
2026,2,Lafayette,Marist,5152661,Carson Persing,0.0,0.0,0.0,0.0,26.0,4.0,0.0,0.0
2026,2,Lafayette,Marist,5152668,Ethan Weber,0.0,0.0,0.0,0.0,0.0,0.0,2.0,5.0
2026,2,Lafayette,Marist,5153849,Daniel Lipovski,12.0,31.0,0.0,136.0,0.0,0.0,2.0,2.0
2026,2,Lafayette,Marist,5225797,Mason Kuehner,0.0,0.0,0.0,0.0,80.0,4.0,0.0,0.0
2026,2,Lafayette,Marist,5225799,Jason Penza,1.0,1.0,0.0,5.0,0.0,0.0,5.0,40.0
2026,2,Lafayette,Marist,5225800,Jakyre Henley,0.0,0.0,0.0,0.0,0.0,0.0,13.0,77.0
2026,2,Lafayette,Marist,5299431,Matthew Scerbo,0.0,0.0,0.0,0.0,17.0,2.0,0.0,0.0
2026,2,Lafayette,Marist,5299432,Zane Wooldridge,0.0,0.0,0.0,0.0,9.0,2.0,0.0,0.0
2026,2,Lafayette,Marist,5299437,Koven Smith,0.0,0.0,0.0,0.0,0.0,0.0,3.0,17.0
2026,2,Lafayette,Marist,5299454,Nick Bierman,0.0,0.0,0.0,0.0,9.0,1.0,0.0,0.0
2026,2,Lafayette,Marist,5402220,Malachi Gamble,0.0,0.0,0.0,0.0,0.0,0.0,4.0,42.0
2026,2,Lamar,Idaho,4812356,Jaydn Girard,0.0,0.0,0.0,0.0,28.0,1.0,0.0,0.0
2026,2,Lamar,Idaho,4911932,Joshua Thompson,0.0,0.0,0.0,0.0,5.0,1.0,0.0,0.0
2026,2,Lamar,Idaho,4923290,Parker Jenkins,0.0,0.0,0.0,0.0,0.0,0.0,6.0,7.0
2026,2,Lamar,Idaho,5154911,Aiden McCown,13.0,22.0,1.0,159.0,0.0,0.0,8.0,20.0
2026,2,Lamar,Idaho,5226161,Britain Simmons,0.0,0.0,0.0,0.0,39.0,3.0,0.0,0.0
2026,2,Lamar,Idaho,5226191,Tyler Bonkowski,0.0,0.0,0.0,0.0,2.0,1.0,0.0,0.0
2026,2,Lamar,Idaho,5229222,Jojo Uga,0.0,0.0,0.0,0.0,0.0,0.0,15.0,105.0
2026,2,Lamar,Idaho,5301713,LaDamian McDowell,0.0,0.0,0.0,0.0,0.0,0.0,3.0,12.0
2026,2,Lamar,Idaho,5301725,Blake Thomas,0.0,1.0,0.0,0.0,30.0,4.0,0.0,0.0
2026,2,Lamar,Idaho,5414973,Davin Driskell,0.0,0.0,0.0,0.0,55.0,3.0,0.0,0.0
2026,2,Lehigh,William & Mary,-6398, Team,0.0,0.0,0.0,0.0,0.0,0.0,3.0,-23.0
2026,2,Lehigh,William & Mary,5145738,Aaron Crossley,0.0,0.0,0.0,0.0,0.0,0.0,5.0,32.0
2026,2,Lehigh,William & Mary,5152699,Luke Yoder,0.0,0.0,0.0,0.0,0.0,0.0,23.0,169.0
2026,2,Lehigh,William & Mary,5152719,Joseph Marranca,0.0,0.0,0.0,0.0,10.0,1.0,0.0,0.0
2026,2,Lehigh,William & Mary,5219413,Trey Tremba,0.0,0.0,0.0,0.0,0.0,0.0,10.0,63.0
2026,2,Lehigh,William & Mary,5225902,Hayden Johnson,4.0,6.0,0.0,84.0,0.0,0.0,3.0,56.0
2026,2,Lehigh,William & Mary,5225904,Jamaire Harden,0.0,0.0,0.0,0.0,35.0,2.0,1.0,-3.0
2026,2,Lehigh,William & Mary,5225930,Nick Palumbo,0.0,0.0,0.0,0.0,71.0,3.0,0.0,0.0
2026,2,Lehigh,William & Mary,5299656,Derek Morgan,3.0,4.0,1.0,36.0,0.0,0.0,6.0,72.0
2026,2,Lehigh,William & Mary,5299657,Anthony Feaster,0.0,0.0,0.0,0.0,4.0,1.0,0.0,0.0
2026,2,Liberty,Gardner-Webb,-6417, Team,0.0,0.0,0.0,0.0,0.0,0.0,1.0,-17.0
2026,2,Liberty,Gardner-Webb,4602923,Jaylen Henderson,2.0,4.0,1.0,64.0,0.0,0.0,4.0,22.0
2026,2,Liberty,Gardner-Webb,4880964,Terron Kellman,0.0,0.0,0.0,0.0,0.0,0.0,6.0,27.0
2026,2,Liberty,Gardner-Webb,4923298,Peyton Jones,0.0,0.0,0.0,0.0,0.0,0.0,13.0,76.0
2026,2,Liberty,Gardner-Webb,5079364,Kam Davis,0.0,0.0,0.0,0.0,0.0,0.0,10.0,67.0
2026,2,Liberty,Gardner-Webb,5088336,Makai Jackson,0.0,0.0,0.0,0.0,69.0,2.0,0.0,0.0
2026,2,Liberty,Gardner-Webb,5091845,Zeke Wimbush,0.0,0.0,0.0,0.0,36.0,2.0,0.0,0.0
2026,2,Liberty,Gardner-Webb,5117836,Jamari Person,0.0,0.0,0.0,0.0,4.0,1.0,0.0,0.0
2026,2,Liberty,Gardner-Webb,5138131,Deshawn Purdie,6.0,17.0,1.0,122.0,0.0,0.0,6.0,-18.0
2026,2,Liberty,Gardner-Webb,5150313,Kanye Udoh,0.0,0.0,0.0,0.0,0.0,0.0,1.0,3.0
2026,2,Liberty,Gardner-Webb,5162399,Darius Copeland,0.0,0.0,0.0,0.0,54.0,1.0,0.0,0.0
2026,2,Liberty,Gardner-Webb,5215242,Bryce Randolph,0.0,0.0,0.0,0.0,23.0,2.0,1.0,-9.0
2026,2,Liberty,Gardner-Webb,5296294,Jaylon Coleman,0.0,0.0,0.0,0.0,0.0,0.0,3.0,42.0
2026,2,Lincoln (PA),Mississippi Valley State,5227634,Deveyon Fitzgerald,0.0,0.0,0.0,0.0,0.0,1.0,0.0,0.0
2026,2,Lincoln (PA),Mississippi Valley State,5234628,Kyrie Tyson,0.0,0.0,0.0,0.0,82.0,5.0,1.0,-6.0
2026,2,Lincoln (PA),Mississippi Valley State,5234684,Allante Stubbs,0.0,0.0,0.0,0.0,22.0,2.0,0.0,0.0
2026,2,Lincoln (PA),Mississippi Valley State,5307884,Rhyel Miles-Eubanks,3.0,5.0,1.0,62.0,0.0,0.0,2.0,-10.0
2026,2,Lincoln (PA),Mississippi Valley State,5307885,Jayden Triplett,13.0,28.0,1.0,151.0,0.0,0.0,13.0,25.0
2026,2,Lincoln (PA),Mississippi Valley State,5307894,Shamir Norton,0.0,0.0,0.0,0.0,16.0,1.0,1.0,5.0
2026,2,Lincoln (PA),Mississippi Valley State,5448658,McKenzie Parks,0.0,0.0,0.0,0.0,0.0,1.0,0.0,0.0
2026,2,Lincoln (PA),Mississippi Valley State,5448659,Lorenzo Robinson,0.0,0.0,0.0,0.0,48.0,2.0,19.0,118.0
2026,2,Lincoln (PA),Mississippi Valley State,5448678,DJ Piner,0.0,0.0,0.0,0.0,28.0,1.0,0.0,0.0
2026,2,Lincoln (PA),Mississippi Valley State,5448680,Wasi Muuhammad,0.0,0.0,0.0,0.0,10.0,1.0,0.0,0.0
2026,2,Lincoln (PA),Mississippi Valley State,5448683,Tamir Rex,0.0,0.0,0.0,0.0,12.0,1.0,0.0,0.0
2026,2,Lincoln (PA),Mississippi Valley State,5448684,Willie Scott,0.0,0.0,0.0,0.0,-5.0,1.0,0.0,0.0
2026,2,Lindenwood,Missouri State,4885443,Robert Giaimo,0.0,0.0,0.0,0.0,0.0,0.0,2.0,-1.0
2026,2,Lindenwood,Missouri State,5086086,Drew Krobath,0.0,0.0,0.0,0.0,15.0,1.0,0.0,0.0
2026,2,Lindenwood,Missouri State,5086091,Jared Rhodes,0.0,0.0,0.0,0.0,8.0,1.0,9.0,14.0
2026,2,Lindenwood,Missouri State,5165074,Jalen Smith,0.0,0.0,0.0,0.0,10.0,2.0,0.0,0.0
2026,2,Lindenwood,Missouri State,5225648,Pops Battle,8.0,20.0,2.0,105.0,0.0,0.0,14.0,63.0
2026,2,Lindenwood,Missouri State,5298538,Elijah Roy,0.0,0.0,0.0,0.0,72.0,4.0,0.0,0.0
2026,2,Lindenwood,Missouri State,5402597,Noah Triplett,0.0,0.0,0.0,0.0,0.0,0.0,8.0,37.0
2026,2,Lindenwood,Missouri State,5402599,Carter Dowell,0.0,0.0,0.0,0.0,0.0,0.0,1.0,5.0
2026,2,Long Island University,UAlbany,4837195,Luca Stanzani,11.0,19.0,1.0,78.0,0.0,0.0,12.0,43.0
2026,2,Long Island University,UAlbany,5079320,Josiah Brown,0.0,0.0,0.0,0.0,16.0,1.0,1.0,4.0
2026,2,Long Island University,UAlbany,5087070,Sam Slade,0.0,0.0,0.0,0.0,4.0,1.0,2.0,4.0
2026,2,Long Island University,UAlbany,5095771,Ethan Greenwood,0.0,0.0,0.0,0.0,0.0,0.0,2.0,-10.0
2026,2,Long Island University,UAlbany,5219678,Joseph Young,0.0,0.0,0.0,0.0,9.0,2.0,0.0,0.0
2026,2,Long Island University,UAlbany,5230035,Evan Brooks,0.0,1.0,0.0,0.0,25.0,2.0,0.0,0.0
2026,2,Long Island University,UAlbany,5232065,Nasir Hennigan,0.0,0.0,0.0,0.0,0.0,0.0,6.0,21.0
2026,2,Long Island University,UAlbany,5303530,Callum Brent,0.0,0.0,0.0,0.0,0.0,0.0,1.0,30.0
2026,2,Long Island University,UAlbany,5304536,Mekhi Moore,0.0,1.0,0.0,0.0,0.0,0.0,0.0,0.0
2026,2,Long Island University,UAlbany,5304952,Boakai Veikei,0.0,0.0,0.0,0.0,2.0,1.0,0.0,0.0
2026,2,Long Island University,UAlbany,5304953,Tristin McFarland,0.0,0.0,0.0,0.0,22.0,3.0,0.0,0.0
2026,2,Long Island University,UAlbany,5438683,Nathan Gray,0.0,0.0,0.0,0.0,0.0,0.0,15.0,51.0
2026,2,Long Island University,UAlbany,5438704,Gianni Marino,0.0,0.0,0.0,0.0,0.0,1.0,0.0,0.0
2026,2,Louisiana,USC,4871091,D'Wayne' Winfield,16.0,22.0,1.0,212.0,0.0,0.0,14.0,91.0
2026,2,Louisiana,USC,5141364,Russell Babineaux,0.0,0.0,0.0,0.0,91.0,6.0,0.0,0.0
2026,2,Louisiana,USC,5153377,Brock Chappell,0.0,0.0,0.0,0.0,47.0,3.0,0.0,0.0
2026,2,Louisiana,USC,5194804,Steven Blanco,0.0,0.0,0.0,0.0,7.0,1.0,5.0,6.0
2026,2,Louisiana,USC,5197074,Ja'Corian Norris,0.0,0.0,0.0,0.0,7.0,1.0,0.0,0.0
2026,2,Louisiana,USC,5207650,Quandre Coates,0.0,0.0,0.0,0.0,12.0,1.0,0.0,0.0
2026,2,Louisiana,USC,5221109,Teddy Gawlik,0.0,0.0,0.0,0.0,36.0,2.0,0.0,0.0
2026,2,Louisiana,USC,5227209,Anthony Reagan Jr.,0.0,0.0,0.0,0.0,1.0,1.0,6.0,23.0
2026,2,Louisiana,USC,5258999,JJ Garner,0.0,0.0,0.0,0.0,0.0,0.0,5.0,26.0
2026,2,Louisiana,USC,5290570,Kristion Brooks,0.0,0.0,0.0,0.0,11.0,1.0,0.0,0.0
2026,2,Louisiana Tech,LSU,4685517,Talyn Shettron,0.0,0.0,0.0,0.0,6.0,1.0,0.0,0.0
2026,2,Louisiana Tech,LSU,4919037,Sergio Snider,0.0,0.0,0.0,0.0,0.0,0.0,2.0,8.0
2026,2,Louisiana Tech,LSU,5121453,Eli Finley,0.0,0.0,0.0,0.0,15.0,2.0,0.0,0.0
2026,2,Louisiana Tech,LSU,5150998,Blake Baker,11.0,21.0,1.0,128.0,0.0,1.0,12.0,-26.0
2026,2,Louisiana Tech,LSU,5215238,Johnnie Thiel IV,0.0,0.0,0.0,0.0,12.0,1.0,0.0,0.0
2026,2,Louisiana Tech,LSU,5218381,Jalen Mickens,0.0,0.0,0.0,0.0,101.0,6.0,0.0,0.0
2026,2,Louisiana Tech,LSU,5224217,Marcus Calwise Jr.,0.0,0.0,0.0,0.0,3.0,1.0,0.0,0.0
2026,2,Louisiana Tech,LSU,5265463,Luke Watkins,0.0,0.0,0.0,0.0,3.0,1.0,1.0,-6.0
2026,2,Louisiana Tech,LSU,5296374,Andrew Burnette,0.0,0.0,0.0,0.0,3.0,1.0,6.0,16.0
2026,2,Louisiana Tech,LSU,5296376,Trey Kukuk,3.0,3.0,0.0,15.0,0.0,0.0,4.0,2.0
2026,2,Louisiana Tech,LSU,5382987,Jaden Miller,0.0,0.0,0.0,0.0,0.0,0.0,6.0,3.0
2026,2,Louisville,Villanova,-6455, Team,0.0,1.0,0.0,0.0,0.0,0.0,0.0,0.0
2026,2,Louisville,Villanova,4685560,Jaleel Skinner,0.0,0.0,0.0,0.0,82.0,2.0,0.0,0.0
2026,2,Louisville,Villanova,4819226,Brody Foley,0.0,0.0,0.0,0.0,10.0,1.0,0.0,0.0
2026,2,Louisville,Villanova,4836476,Davin Wydner,3.0,4.0,1.0,19.0,0.0,0.0,1.0,4.0
2026,2,Louisville,Villanova,4893702,Elizjah Lewis,0.0,0.0,0.0,0.0,12.0,1.0,0.0,0.0
2026,2,Louisville,Villanova,4923046,Keyjuan Brown,0.0,0.0,0.0,0.0,0.0,0.0,1.0,12.0
2026,2,Louisville,Villanova,5078049,T.J. McWilliams,0.0,0.0,0.0,0.0,16.0,2.0,0.0,0.0
2026,2,Louisville,Villanova,5078278,Lincoln Kienholz,16.0,21.0,2.0,332.0,0.0,0.0,6.0,42.0
2026,2,Louisville,Villanova,5079349,Isaac Brown,0.0,0.0,0.0,0.0,0.0,0.0,13.0,61.0
2026,2,Louisville,Villanova,5085609,Treyshun Hurry,0.0,0.0,0.0,0.0,29.0,2.0,0.0,0.0
2026,2,Louisville,Villanova,5086096,Lawayne McCoy,0.0,0.0,0.0,0.0,102.0,3.0,0.0,0.0
2026,2,Louisville,Villanova,5141420,Marquise Davis,0.0,0.0,0.0,0.0,0.0,0.0,7.0,86.0
2026,2,Louisville,Villanova,5158996,Briggs Cherry,2.0,2.0,0.0,24.0,0.0,0.0,0.0,0.0
2026,2,Louisville,Villanova,5209960,Lekhy Thompkins,0.0,0.0,0.0,0.0,0.0,0.0,6.0,16.0
2026,2,Louisville,Villanova,5210046,Marlon Harbin,0.0,0.0,0.0,0.0,24.0,2.0,0.0,0.0
2026,2,Louisville,Villanova,5294063,Tre Richardson,0.0,0.0,0.0,0.0,98.0,7.0,1.0,11.0
2026,2,Louisville,Villanova,5296136,Braxton Jennings,0.0,0.0,0.0,0.0,2.0,1.0,3.0,28.0
2026,2,Maine,Merrimack,4877868,Eli Mahan,0.0,0.0,0.0,0.0,16.0,1.0,0.0,0.0
2026,2,Maine,Merrimack,5083500,Evan Wallace,0.0,1.0,0.0,0.0,31.0,3.0,0.0,0.0
2026,2,Maine,Merrimack,5153813,Nick Laughlin,0.0,0.0,0.0,0.0,52.0,3.0,7.0,8.0
2026,2,Maine,Merrimack,5225375,Malik McNeely,0.0,0.0,0.0,0.0,20.0,3.0,0.0,0.0
2026,2,Maine,Merrimack,5226632,Eddie Buehler,12.0,25.0,0.0,130.0,0.0,0.0,10.0,24.0
2026,2,Maine,Merrimack,5226635,Rashawn Marshall,0.0,0.0,0.0,0.0,18.0,2.0,12.0,21.0
2026,2,Maine,Merrimack,5300776,Michael McMaugh,1.0,1.0,0.0,16.0,0.0,0.0,2.0,0.0
2026,2,Maine,Merrimack,5405435,Keyon Concepcion,0.0,0.0,0.0,0.0,9.0,1.0,0.0,0.0
2026,2,Marist,Lafayette,-6525, Team,0.0,0.0,0.0,0.0,0.0,0.0,1.0,-5.0
2026,2,Marist,Lafayette,4870786,Marco Lainez,0.0,0.0,0.0,0.0,29.0,5.0,1.0,6.0
2026,2,Marist,Lafayette,4880760,Reed Shumpert,0.0,0.0,0.0,0.0,58.0,4.0,0.0,0.0
2026,2,Marist,Lafayette,5081981,Reece Beauchamp,0.0,0.0,0.0,0.0,29.0,1.0,0.0,0.0
2026,2,Marist,Lafayette,5086964,Santino Correa,0.0,0.0,0.0,0.0,2.0,1.0,0.0,0.0
2026,2,Marist,Lafayette,5088964,Sonny Mannino,26.0,38.0,1.0,291.0,0.0,0.0,8.0,16.0
2026,2,Marist,Lafayette,5158809,Lincoln Cardillo,0.0,0.0,0.0,0.0,12.0,1.0,10.0,23.0
2026,2,Marist,Lafayette,5226677,Zach Garmont,0.0,0.0,0.0,0.0,48.0,4.0,0.0,0.0
2026,2,Marist,Lafayette,5298895,Jayden Taylor,0.0,0.0,0.0,0.0,90.0,7.0,0.0,0.0
2026,2,Marist,Lafayette,5298919,Chris Gioia,0.0,0.0,0.0,0.0,8.0,1.0,0.0,0.0
2026,2,Marist,Lafayette,5419632,Isaiah Simmons,0.0,0.0,0.0,0.0,15.0,2.0,11.0,28.0
2026,2,Marshall,Middle Tennessee,-6530, Team,0.0,0.0,0.0,0.0,0.0,0.0,3.0,-3.0
2026,2,Marshall,Middle Tennessee,4432691,Carlos Del Rio-Wilson,7.0,8.0,1.0,92.0,0.0,0.0,10.0,43.0
2026,2,Marshall,Middle Tennessee,4685697,Zion Turner,5.0,9.0,0.0,66.0,0.0,0.0,3.0,15.0
2026,2,Marshall,Middle Tennessee,4869602,Toby Payne,0.0,0.0,0.0,0.0,6.0,1.0,0.0,0.0
2026,2,Marshall,Middle Tennessee,4899472,Chris Culliver,0.0,0.0,0.0,0.0,13.0,2.0,0.0,0.0
2026,2,Marshall,Middle Tennessee,5081172,Xayvion Turner-Bradshaw,0.0,0.0,0.0,0.0,79.0,2.0,2.0,5.0
2026,2,Marshall,Middle Tennessee,5084210,Joshon Barbie,0.0,0.0,0.0,0.0,6.0,1.0,11.0,43.0
2026,2,Marshall,Middle Tennessee,5157331,Adrian Norton,0.0,0.0,0.0,0.0,43.0,7.0,0.0,0.0
2026,2,Marshall,Middle Tennessee,5158251,Khalil Wilkins,3.0,6.0,0.0,23.0,0.0,0.0,5.0,20.0
2026,2,Marshall,Middle Tennessee,5225343,Owen Sweeney,0.0,0.0,0.0,0.0,34.0,2.0,0.0,0.0
2026,2,Marshall,Middle Tennessee,5300926,TJ Lester,0.0,0.0,0.0,0.0,0.0,0.0,4.0,6.0
2026,2,Maryland,UConn,4685393,Preston Howard,0.0,0.0,0.0,0.0,20.0,2.0,0.0,0.0
2026,2,Maryland,UConn,4838556,Kaleb Webb,0.0,0.0,0.0,0.0,60.0,5.0,0.0,0.0
2026,2,Maryland,UConn,4872721,Cardell Williams,1.0,1.0,0.0,3.0,0.0,0.0,2.0,19.0
2026,2,Maryland,UConn,4940236,Ryan Manning,0.0,0.0,0.0,0.0,16.0,1.0,0.0,0.0
2026,2,Maryland,UConn,5092410,Dorian Fleming,0.0,0.0,0.0,0.0,23.0,3.0,0.0,0.0
2026,2,Maryland,UConn,5141419,Harry Dalton III,0.0,0.0,0.0,0.0,-14.0,2.0,17.0,48.0
2026,2,Maryland,UConn,5141522,Iverson Howard,0.0,0.0,0.0,0.0,9.0,3.0,14.0,55.0
2026,2,Maryland,UConn,5141695,Malik Washington,34.0,41.0,2.0,347.0,0.0,0.0,3.0,3.0
2026,2,Maryland,UConn,5193298,Chris Durr Jr.,0.0,0.0,0.0,0.0,103.0,10.0,0.0,0.0
2026,2,Maryland,UConn,5194795,Na'eem Abdul-Rahim Gladding,0.0,0.0,0.0,0.0,130.0,8.0,0.0,0.0
2026,2,Maryland,UConn,5213231,Jayden Kitchens,0.0,0.0,0.0,0.0,3.0,1.0,0.0,0.0
2026,2,Massachusetts,Sacred Heart,4688904,Reece Adkins,0.0,0.0,0.0,0.0,5.0,1.0,1.0,1.0
2026,2,Massachusetts,Sacred Heart,4700147,Joseph Griffin Jr.,0.0,0.0,0.0,0.0,59.0,3.0,0.0,0.0
2026,2,Massachusetts,Sacred Heart,4909541,Ty Harding,0.0,0.0,0.0,0.0,49.0,1.0,0.0,0.0
2026,2,Massachusetts,Sacred Heart,4920153,William Watson III,9.0,10.0,1.0,152.0,0.0,0.0,4.0,40.0
2026,2,Massachusetts,Sacred Heart,5081363,Justin Williams-Thomas,0.0,0.0,0.0,0.0,0.0,0.0,4.0,15.0
2026,2,Massachusetts,Sacred Heart,5091384,Dallas Elliott,0.0,0.0,0.0,0.0,17.0,1.0,0.0,0.0
2026,2,Massachusetts,Sacred Heart,5146743,Kezion Dia-Johnson,0.0,0.0,0.0,0.0,17.0,2.0,0.0,0.0
2026,2,Massachusetts,Sacred Heart,5264764,Elijah Faulkner,0.0,0.0,0.0,0.0,0.0,0.0,11.0,72.0
2026,2,Massachusetts,Sacred Heart,5298739,Logan Inagawa,0.0,0.0,0.0,0.0,10.0,1.0,0.0,0.0
2026,2,Massachusetts,Sacred Heart,5302869,TK Davis,0.0,0.0,0.0,0.0,0.0,0.0,3.0,13.0
2026,2,Massachusetts,Sacred Heart,5327583,Tavian Dashiell,0.0,0.0,0.0,0.0,5.0,1.0,0.0,0.0
2026,2,Massachusetts,Sacred Heart,5327585,Aedan McCarthy,2.0,4.0,0.0,11.0,0.0,0.0,0.0,0.0
2026,2,Massachusetts,Sacred Heart,5388331,Curtis Kimmons IV,0.0,0.0,0.0,0.0,1.0,1.0,3.0,11.0
2026,2,McNeese,Tarleton State,4685293,Trevonte' Citizen,0.0,0.0,0.0,0.0,6.0,2.0,4.0,6.0
2026,2,McNeese,Tarleton State,4870077,Curtis Deville Jr.,0.0,0.0,0.0,0.0,87.0,5.0,0.0,0.0
2026,2,McNeese,Tarleton State,5084208,Kameran Senegal,0.0,0.0,0.0,0.0,28.0,4.0,1.0,5.0
2026,2,McNeese,Tarleton State,5092496,Elisha Edwards,0.0,0.0,0.0,0.0,111.0,8.0,0.0,0.0
2026,2,McNeese,Tarleton State,5154995,Jamaal Levi,0.0,0.0,0.0,0.0,9.0,3.0,2.0,52.0
2026,2,McNeese,Tarleton State,5154997,Reed Boyd,0.0,0.0,0.0,0.0,32.0,2.0,0.0,0.0
2026,2,McNeese,Tarleton State,5220340,Omiri Wiggins,0.0,0.0,0.0,0.0,13.0,3.0,15.0,81.0
2026,2,McNeese,Tarleton State,5226368,Devin Lippold,27.0,45.0,2.0,286.0,0.0,0.0,9.0,65.0
2026,2,Memphis,Boise State,-6589, Team,0.0,1.0,0.0,0.0,0.0,0.0,0.0,0.0
2026,2,Memphis,Boise State,4685290,Tychaun Chapman,0.0,0.0,0.0,0.0,58.0,3.0,0.0,0.0
2026,2,Memphis,Boise State,4892983,Terrell Timmons Jr.,0.0,0.0,0.0,0.0,68.0,1.0,0.0,0.0
2026,2,Memphis,Boise State,4922983,Manny Covey,0.0,0.0,0.0,0.0,0.0,0.0,6.0,16.0
2026,2,Memphis,Boise State,5148995,Brady Kluse,0.0,0.0,0.0,0.0,11.0,1.0,0.0,0.0
2026,2,Memphis,Boise State,5165807,Marcus Stokes,17.0,25.0,1.0,384.0,0.0,0.0,11.0,24.0
2026,2,Memphis,Boise State,5220352,Hunter Tipton,0.0,0.0,0.0,0.0,229.0,9.0,0.0,0.0
2026,2,Memphis,Boise State,5222671,Jaylin Carter,0.0,0.0,0.0,0.0,13.0,1.0,9.0,95.0
2026,2,Memphis,Boise State,5264658,Jermane Hayes,0.0,0.0,0.0,0.0,5.0,2.0,0.0,0.0
2026,2,Mercer,Furman,4870616,Javious Bond,0.0,0.0,0.0,0.0,3.0,1.0,4.0,30.0
2026,2,Mercer,Furman,5092806,Travion Solomon,0.0,0.0,0.0,0.0,120.0,6.0,0.0,0.0
2026,2,Mercer,Furman,5152839,Jaylen King,18.0,35.0,0.0,196.0,0.0,0.0,15.0,31.0
2026,2,Mercer,Furman,5153401,Brayden Smith,0.0,0.0,0.0,0.0,21.0,3.0,0.0,0.0
2026,2,Mercer,Furman,5153410,Sam Albee,0.0,0.0,0.0,0.0,8.0,2.0,0.0,0.0
2026,2,Mercer,Furman,5193282,JP Pickles,1.0,1.0,0.0,1.0,0.0,0.0,2.0,1.0
2026,2,Mercer,Furman,5417142,Eric Rasheed,0.0,0.0,0.0,0.0,40.0,6.0,0.0,0.0
2026,2,Mercer,Furman,5437957,Zahmari Palode-Gary,0.0,0.0,0.0,0.0,0.0,0.0,13.0,87.0
2026,2,Mercer,Furman,5441258,Devon Caldwell,0.0,0.0,0.0,0.0,5.0,1.0,4.0,15.0
2026,2,Mercyhurst,New Mexico,4433968,Byron Cardwell,0.0,0.0,0.0,0.0,0.0,0.0,6.0,16.0
2026,2,Mercyhurst,New Mexico,5082951,Jeremy Yancey,0.0,0.0,0.0,0.0,75.0,1.0,0.0,0.0
2026,2,Mercyhurst,New Mexico,5171033,Wakeem Page,0.0,0.0,0.0,0.0,3.0,1.0,0.0,0.0
2026,2,Mercyhurst,New Mexico,5171047,Dylan Evans,0.0,0.0,0.0,0.0,37.0,5.0,0.0,0.0
2026,2,Mercyhurst,New Mexico,5186736,Anthony Wolter,9.0,20.0,1.0,111.0,0.0,0.0,4.0,-25.0
2026,2,Mercyhurst,New Mexico,5227586,Amare Lattimore,0.0,0.0,0.0,0.0,13.0,2.0,0.0,0.0
2026,2,Mercyhurst,New Mexico,5227589,Ryan Miller,0.0,0.0,0.0,0.0,0.0,0.0,1.0,4.0
2026,2,Mercyhurst,New Mexico,5227591,Ethen Knox,0.0,0.0,0.0,0.0,0.0,0.0,4.0,17.0
2026,2,Mercyhurst,New Mexico,5227633,Evan Van Dyke,0.0,0.0,0.0,0.0,13.0,2.0,0.0,0.0
2026,2,Mercyhurst,New Mexico,5304129,Emanuel Fincher,0.0,0.0,0.0,0.0,0.0,0.0,3.0,15.0
2026,2,Mercyhurst,New Mexico,5304132,Tyler Tusai,4.0,7.0,0.0,26.0,0.0,0.0,2.0,-26.0
2026,2,Mercyhurst,New Mexico,5304135,Camden Lewis,0.0,0.0,0.0,0.0,-4.0,2.0,0.0,0.0
2026,2,Mercyhurst,New Mexico,5304138,Jameir Gamble,0.0,0.0,0.0,0.0,0.0,0.0,8.0,17.0
2026,2,Merrimack,Maine,-6612, Team,0.0,0.0,0.0,0.0,0.0,0.0,1.0,-1.0
2026,2,Merrimack,Maine,5082549,DeMarcus McElroy,0.0,0.0,0.0,0.0,0.0,0.0,5.0,30.0
2026,2,Merrimack,Maine,5096903,Ty Yocum,0.0,0.0,0.0,0.0,17.0,2.0,0.0,0.0
2026,2,Merrimack,Maine,5146355,AJ Hairston,9.0,16.0,0.0,73.0,0.0,0.0,10.0,65.0
2026,2,Merrimack,Maine,5149599,Kenyon Massey,0.0,0.0,0.0,0.0,20.0,2.0,0.0,0.0
2026,2,Merrimack,Maine,5156202,Matthias Latham,0.0,0.0,0.0,0.0,0.0,0.0,16.0,72.0
2026,2,Merrimack,Maine,5156207,Austin Palmer,0.0,0.0,0.0,0.0,2.0,1.0,1.0,11.0
2026,2,Merrimack,Maine,5165499,Stephon Patrick,0.0,0.0,0.0,0.0,14.0,3.0,0.0,0.0
2026,2,Merrimack,Maine,5225304,Cole Meehan,1.0,2.0,0.0,6.0,0.0,0.0,1.0,6.0
2026,2,Merrimack,Maine,5225329,Bryce Goulet,0.0,0.0,0.0,0.0,26.0,2.0,0.0,0.0
2026,2,Merrimack,Maine,5303173,Galamama Mulbah,0.0,0.0,0.0,0.0,0.0,0.0,8.0,28.0
2026,2,Miami,Florida A&M,-6626, Team,0.0,0.0,0.0,0.0,0.0,0.0,1.0,0.0
2026,2,Miami,Florida A&M,4804878,Cooper Barkate,0.0,0.0,0.0,0.0,16.0,2.0,0.0,0.0
2026,2,Miami,Florida A&M,4870736,Mark Fletcher Jr.,0.0,0.0,0.0,0.0,0.0,0.0,7.0,105.0
2026,2,Miami,Florida A&M,4870842,Vandrevious Jacobs,0.0,0.0,0.0,0.0,38.0,2.0,0.0,0.0
2026,2,Miami,Florida A&M,5079503,Elija Lofton,0.0,0.0,0.0,0.0,9.0,1.0,0.0,0.0
2026,2,Miami,Florida A&M,5098610,Terrell Walden II,0.0,0.0,0.0,0.0,0.0,0.0,7.0,25.0
2026,2,Miami,Florida A&M,5121169,Darian Mensah,14.0,15.0,3.0,252.0,0.0,0.0,2.0,21.0
2026,2,Miami,Florida A&M,5141593,Joshua Moore,0.0,0.0,0.0,0.0,55.0,1.0,0.0,0.0
2026,2,Miami,Florida A&M,5141605,Luke Nickel,8.0,8.0,3.0,144.0,0.0,0.0,1.0,13.0
2026,2,Miami,Florida A&M,5156998,CharMar Brown,0.0,0.0,0.0,0.0,6.0,1.0,3.0,25.0
2026,2,Miami,Florida A&M,5159175,Malachi Toney,0.0,0.0,0.0,0.0,96.0,4.0,0.0,0.0
2026,2,Miami,Florida A&M,5160496,Javian Mallory,0.0,0.0,0.0,0.0,0.0,0.0,10.0,142.0
2026,2,Miami,Florida A&M,5161816,Dereon Coleman,5.0,6.0,0.0,30.0,0.0,0.0,4.0,25.0
2026,2,Miami,Florida A&M,5164331,Girard Pringle Jr.,0.0,0.0,0.0,0.0,35.0,2.0,4.0,17.0
2026,2,Miami,Florida A&M,5164365,Daylyn Upshaw,0.0,0.0,0.0,0.0,7.0,1.0,0.0,0.0
2026,2,Miami,Florida A&M,5200381,Somourian Wingo,0.0,0.0,0.0,0.0,59.0,2.0,0.0,0.0
2026,2,Miami,Florida A&M,5210477,Vance Spafford,0.0,0.0,0.0,0.0,53.0,3.0,0.0,0.0
2026,2,Miami,Florida A&M,5211183,Milan Parris,0.0,0.0,0.0,0.0,19.0,2.0,0.0,0.0
2026,2,Miami,Florida A&M,5226970,Brennan Burton,0.0,0.0,0.0,0.0,5.0,1.0,0.0,0.0
2026,2,Miami,Florida A&M,5226983,Nick Thomas,0.0,0.0,0.0,0.0,14.0,2.0,0.0,0.0
2026,2,Miami,Florida A&M,5226985,Jack Whitehouse,0.0,0.0,0.0,0.0,0.0,0.0,5.0,57.0
2026,2,Miami,Florida A&M,5236220,Kellen Wiley Jr.,0.0,0.0,0.0,0.0,5.0,1.0,0.0,0.0
2026,2,Miami,Florida A&M,5245125,Israel Briggs,0.0,0.0,0.0,0.0,3.0,1.0,0.0,0.0
2026,2,Miami,Florida A&M,5276674,Gavin Mueller,0.0,0.0,0.0,0.0,6.0,1.0,0.0,0.0
2026,2,Miami (OH),Holy Cross,-6629, Team,0.0,0.0,0.0,0.0,0.0,0.0,1.0,-1.0
2026,2,Miami (OH),Holy Cross,4869341,Cade Yacamelli,0.0,0.0,0.0,0.0,0.0,0.0,6.0,26.0
2026,2,Miami (OH),Holy Cross,4871003,Christian Ross,0.0,0.0,0.0,0.0,51.0,3.0,0.0,0.0
2026,2,Miami (OH),Holy Cross,4876642,Maleek Huggins,0.0,0.0,0.0,0.0,54.0,3.0,0.0,0.0
2026,2,Miami (OH),Holy Cross,5079772,Damarion Witten,0.0,0.0,0.0,0.0,10.0,1.0,0.0,0.0
2026,2,Miami (OH),Holy Cross,5085354,Lynel Billups-Williams,0.0,0.0,0.0,0.0,73.0,4.0,0.0,0.0
2026,2,Miami (OH),Holy Cross,5141549,David McComb,13.0,13.0,3.0,234.0,0.0,0.0,3.0,12.0
2026,2,Miami (OH),Holy Cross,5148609,Quintin Simmons Jr.,0.0,0.0,0.0,0.0,2.0,1.0,0.0,0.0
2026,2,Miami (OH),Holy Cross,5153885,Rodney Nelson,0.0,0.0,0.0,0.0,0.0,0.0,4.0,18.0
2026,2,Miami (OH),Holy Cross,5164357,Carl Jenkins Jr.,0.0,0.0,0.0,0.0,23.0,1.0,0.0,0.0
2026,2,Miami (OH),Holy Cross,5193270,D'Shawntae Jones,0.0,0.0,0.0,0.0,0.0,0.0,7.0,47.0
2026,2,Miami (OH),Holy Cross,5210049,Chancellor Sparks,0.0,0.0,0.0,0.0,0.0,0.0,8.0,25.0
2026,2,Miami (OH),Holy Cross,5214639,Lazaro Rogers,0.0,0.0,0.0,0.0,0.0,0.0,5.0,43.0
2026,2,Miami (OH),Holy Cross,5293035,Scoop Smith,0.0,0.0,0.0,0.0,23.0,1.0,1.0,10.0
2026,2,Miami (OH),Holy Cross,5388435,Caleb Heavner,1.0,2.0,0.0,2.0,0.0,0.0,4.0,21.0
2026,2,Michigan,Oklahoma,5079574,Jordan Marshall,0.0,0.0,0.0,0.0,0.0,0.0,11.0,32.0
2026,2,Michigan,Oklahoma,5141572,Andrew Marsh,0.0,0.0,0.0,0.0,13.0,3.0,1.0,15.0
2026,2,Michigan,Oklahoma,5141741,Bryce Underwood,9.0,17.0,0.0,111.0,0.0,0.0,18.0,87.0
2026,2,Michigan,Oklahoma,5156348,Bryson Kuzdzal,0.0,0.0,0.0,0.0,0.0,0.0,3.0,12.0
2026,2,Michigan,Oklahoma,5156349,Jalen Hoffman,0.0,0.0,0.0,0.0,9.0,1.0,0.0,0.0
2026,2,Michigan,Oklahoma,5159046,Savion Hiter,0.0,0.0,0.0,0.0,41.0,3.0,8.0,6.0
2026,2,Michigan,Oklahoma,5214557,JJ Buchanan,0.0,0.0,0.0,0.0,48.0,2.0,0.0,0.0
2026,2,Michigan State,Eastern Michigan,4700135,Cam Fancher,6.0,6.0,0.0,44.0,0.0,0.0,2.0,8.0
2026,2,Michigan State,Eastern Michigan,4869599,Chrishon Mccray,0.0,0.0,0.0,0.0,10.0,2.0,0.0,0.0
2026,2,Michigan State,Eastern Michigan,4905609,Fredrick Moore,0.0,0.0,0.0,0.0,18.0,1.0,0.0,0.0
2026,2,Michigan State,Eastern Michigan,5081332,Jaziun Patterson,0.0,0.0,0.0,0.0,0.0,0.0,3.0,23.0
2026,2,Michigan State,Eastern Michigan,5083652,Kai Rios,0.0,0.0,0.0,0.0,5.0,1.0,0.0,0.0
2026,2,Michigan State,Eastern Michigan,5086034,Camryn Edwards,0.0,0.0,0.0,0.0,5.0,1.0,21.0,152.0
2026,2,Michigan State,Eastern Michigan,5146670,Alessio Milivojevic,12.0,20.0,2.0,170.0,0.0,0.0,7.0,14.0
2026,2,Michigan State,Eastern Michigan,5150125,Brandon Tullis,0.0,0.0,0.0,0.0,0.0,0.0,4.0,37.0
2026,2,Michigan State,Eastern Michigan,5174993,Kenneth Williams,0.0,0.0,0.0,0.0,0.0,0.0,1.0,8.0
2026,2,Michigan State,Eastern Michigan,5207598,Charles Taplin,0.0,0.0,0.0,0.0,65.0,3.0,0.0,0.0
2026,2,Michigan State,Eastern Michigan,5214448,Jayden Savoury,0.0,0.0,0.0,0.0,63.0,4.0,0.0,0.0
2026,2,Michigan State,Eastern Michigan,5215030,Zion Gist,0.0,0.0,0.0,0.0,0.0,0.0,3.0,5.0
2026,2,Michigan State,Eastern Michigan,5215135,Braylon Collier,0.0,0.0,0.0,0.0,23.0,2.0,0.0,0.0
2026,2,Michigan State,Eastern Michigan,5258024,Marvis Parrish,0.0,0.0,0.0,0.0,-1.0,1.0,4.0,11.0
2026,2,Michigan State,Eastern Michigan,5260691,Rodney Bullard Jr.,0.0,0.0,0.0,0.0,26.0,3.0,0.0,0.0
2026,2,Middle Tennessee,Marshall,4603185,Markus Allen,0.0,0.0,0.0,0.0,34.0,3.0,0.0,0.0
2026,2,Middle Tennessee,Marshall,4685436,Antonio Martin,0.0,0.0,0.0,0.0,0.0,0.0,9.0,32.0
2026,2,Middle Tennessee,Marshall,5079435,Tayvion Galloway,0.0,0.0,0.0,0.0,7.0,1.0,0.0,0.0
2026,2,Middle Tennessee,Marshall,5084468,Hogan Wasson,0.0,0.0,0.0,0.0,13.0,1.0,0.0,0.0
2026,2,Middle Tennessee,Marshall,5086628,AJ Jones,0.0,0.0,0.0,0.0,61.0,6.0,0.0,0.0
2026,2,Middle Tennessee,Marshall,5091830,Cam'Ron Lacy,0.0,0.0,0.0,0.0,72.0,9.0,1.0,9.0
2026,2,Middle Tennessee,Marshall,5194626,Roman Gagliano,25.0,47.0,2.0,243.0,0.0,0.0,8.0,58.0
2026,2,Middle Tennessee,Marshall,5217200,Neo Clifton,0.0,0.0,0.0,0.0,20.0,2.0,0.0,0.0
2026,2,Middle Tennessee,Marshall,5296412,DJ Taylor,0.0,0.0,0.0,0.0,11.0,1.0,2.0,8.0
2026,2,Middle Tennessee,Marshall,5306988,Terrence Brown Jr.,0.0,0.0,0.0,0.0,11.0,1.0,2.0,2.0
2026,2,Middle Tennessee,Marshall,5383058,Koraun Perdue,0.0,0.0,0.0,0.0,14.0,1.0,0.0,0.0
2026,2,Minnesota,Mississippi State,4831976,Javon Tracy,0.0,0.0,0.0,0.0,51.0,7.0,0.0,0.0
2026,2,Minnesota,Mississippi State,4873418,Kaden Helms,0.0,0.0,0.0,0.0,13.0,2.0,0.0,0.0
2026,2,Minnesota,Mississippi State,4920901,Darius Taylor,0.0,0.0,0.0,0.0,5.0,1.0,6.0,15.0
2026,2,Minnesota,Mississippi State,5044424,Pierce Walsh,0.0,0.0,0.0,0.0,18.0,2.0,0.0,0.0
2026,2,Minnesota,Mississippi State,5082548,A.J. Turner,0.0,0.0,0.0,0.0,5.0,1.0,2.0,4.0
2026,2,Minnesota,Mississippi State,5144785,Julian Johnson,0.0,0.0,0.0,0.0,1.0,1.0,0.0,0.0
2026,2,Minnesota,Mississippi State,5144959,Drake Lindsey,31.0,48.0,0.0,279.0,0.0,0.0,2.0,-12.0
2026,2,Minnesota,Mississippi State,5144962,Jalen Smith,0.0,0.0,0.0,0.0,51.0,5.0,0.0,0.0
2026,2,Minnesota,Mississippi State,5164749,Noah Jennings,0.0,0.0,0.0,0.0,88.0,7.0,0.0,0.0
2026,2,Minnesota,Mississippi State,5224792,TJ Thomas Jr.,0.0,0.0,0.0,0.0,40.0,4.0,3.0,-1.0
2026,2,Minnesota,Mississippi State,5264245,Xavier Ford,0.0,0.0,0.0,0.0,0.0,0.0,2.0,7.0
2026,2,Minnesota,Mississippi State,5271219,Hayden Moore,0.0,0.0,0.0,0.0,7.0,1.0,0.0,0.0
2026,2,Mississippi State,Minnesota,4907671,Anthony Evans III,0.0,0.0,0.0,0.0,121.0,7.0,1.0,6.0
2026,2,Mississippi State,Minnesota,5076106,Marquis Johnson,0.0,0.0,0.0,0.0,8.0,1.0,0.0,0.0
2026,2,Mississippi State,Minnesota,5079643,Zion Ragins,0.0,0.0,0.0,0.0,53.0,3.0,0.0,0.0
2026,2,Mississippi State,Minnesota,5146736,Sanfrisco Magee,0.0,0.0,0.0,0.0,42.0,4.0,0.0,0.0
2026,2,Mississippi State,Minnesota,5146781,Xavier Gayten,0.0,0.0,0.0,0.0,0.0,0.0,3.0,13.0
2026,2,Mississippi State,Minnesota,5177084,Kamario Taylor,16.0,22.0,3.0,227.0,0.0,0.0,13.0,86.0
2026,2,Mississippi State,Minnesota,5209427,Kolin Wilson,0.0,0.0,0.0,0.0,0.0,0.0,11.0,34.0
2026,2,Mississippi State,Minnesota,5220197,Fluff Bothwell,0.0,0.0,0.0,0.0,3.0,1.0,18.0,113.0
2026,2,Mississippi Valley State,Lincoln (PA),-6710, Team,0.0,0.0,0.0,0.0,0.0,0.0,1.0,0.0
2026,2,Mississippi Valley State,Lincoln (PA),5088974,Carter James,0.0,0.0,0.0,0.0,0.0,0.0,1.0,3.0
2026,2,Mississippi Valley State,Lincoln (PA),5168808,Jordan Davis,3.0,5.0,0.0,17.0,0.0,0.0,5.0,11.0
2026,2,Mississippi Valley State,Lincoln (PA),5233879,Josh Brown,14.0,21.0,3.0,243.0,0.0,0.0,9.0,46.0
2026,2,Mississippi Valley State,Lincoln (PA),5268932,Jackson Hampton,0.0,0.0,0.0,0.0,-1.0,1.0,0.0,0.0
2026,2,Mississippi Valley State,Lincoln (PA),5304069,Norman Taylor,0.0,0.0,0.0,0.0,1.0,1.0,12.0,29.0
2026,2,Mississippi Valley State,Lincoln (PA),5304085,Caleb Brownlow,0.0,0.0,0.0,0.0,11.0,1.0,1.0,43.0
2026,2,Mississippi Valley State,Lincoln (PA),5439345,Dezmond Ray,0.0,0.0,0.0,0.0,0.0,0.0,9.0,15.0
2026,2,Mississippi Valley State,Lincoln (PA),5439350,Dayvian Bluitt,0.0,0.0,0.0,0.0,143.0,4.0,0.0,0.0
2026,2,Mississippi Valley State,Lincoln (PA),5439371,Nicholas Buggs,0.0,0.0,0.0,0.0,55.0,3.0,0.0,0.0
2026,2,Mississippi Valley State,Lincoln (PA),5439372,Montrell Conner,0.0,0.0,0.0,0.0,-2.0,1.0,0.0,0.0
2026,2,Mississippi Valley State,Lincoln (PA),5439373,Jaylen King,0.0,0.0,0.0,0.0,53.0,6.0,0.0,0.0
2026,2,Missouri,Kansas,-6704, Team,0.0,0.0,0.0,0.0,0.0,0.0,1.0,-1.0
2026,2,Missouri,Kansas,4870858,Cayden Lee,0.0,0.0,0.0,0.0,120.0,6.0,0.0,0.0
2026,2,Missouri,Kansas,4870869,Brett Norfleet,0.0,0.0,0.0,0.0,23.0,3.0,0.0,0.0
2026,2,Missouri,Kansas,4921116,Jamal Roberts,0.0,0.0,0.0,0.0,-4.0,1.0,28.0,125.0
2026,2,Missouri,Kansas,5141582,Donovan Olugbode,0.0,0.0,0.0,0.0,121.0,6.0,0.0,0.0
2026,2,Missouri,Kansas,5141584,Naeshaun Montgomery,0.0,0.0,0.0,0.0,12.0,1.0,0.0,0.0
2026,2,Missouri,Kansas,5141684,Austin Simmons,19.0,29.0,3.0,292.0,0.0,0.0,2.0,8.0
2026,2,Missouri,Kansas,5195300,Matt Zollers,0.0,1.0,0.0,0.0,0.0,0.0,0.0,0.0
2026,2,Missouri,Kansas,5195617,Shaun Terry II,0.0,0.0,0.0,0.0,20.0,2.0,0.0,0.0
2026,2,Missouri,Kansas,5225880,Xai'Shaun Edwards,0.0,0.0,0.0,0.0,0.0,0.0,10.0,45.0
2026,2,Missouri State,Lindenwood,-7567, Team,0.0,0.0,0.0,0.0,0.0,0.0,3.0,-8.0
2026,2,Missouri State,Lindenwood,4685252,Henry Belin IV,3.0,4.0,0.0,55.0,0.0,0.0,1.0,16.0
2026,2,Missouri State,Lindenwood,4712886,Mekhi Miller,0.0,0.0,0.0,0.0,55.0,2.0,0.0,0.0
2026,2,Missouri State,Lindenwood,4837193,Jmariyae Robinson,0.0,0.0,0.0,0.0,40.0,5.0,0.0,0.0
2026,2,Missouri State,Lindenwood,5077390,Jambres Dubar,0.0,0.0,0.0,0.0,1.0,2.0,15.0,77.0
2026,2,Missouri State,Lindenwood,5083042,Skyler Locklear,17.0,20.0,1.0,258.0,0.0,0.0,4.0,6.0
2026,2,Missouri State,Lindenwood,5085721,Jared Lloyd,0.0,0.0,0.0,0.0,0.0,0.0,1.0,4.0
2026,2,Missouri State,Lindenwood,5085729,Connor Lair,0.0,0.0,0.0,0.0,0.0,0.0,4.0,9.0
2026,2,Missouri State,Lindenwood,5122064,Matthew Greene,0.0,0.0,0.0,0.0,-1.0,1.0,0.0,0.0
2026,2,Missouri State,Lindenwood,5128052,Dillon Hipp,0.0,0.0,0.0,0.0,52.0,2.0,0.0,0.0
2026,2,Missouri State,Lindenwood,5146723,Isaiah McMorris,0.0,0.0,0.0,0.0,3.0,1.0,0.0,0.0
2026,2,Missouri State,Lindenwood,5154284,Ramone Green Jr.,0.0,0.0,0.0,0.0,3.0,1.0,12.0,80.0
2026,2,Missouri State,Lindenwood,5164337,King Davis,0.0,0.0,0.0,0.0,0.0,0.0,5.0,19.0
2026,2,Missouri State,Lindenwood,5219476,Isaiah Myers,0.0,0.0,0.0,0.0,155.0,5.0,1.0,24.0
2026,2,Missouri State,Lindenwood,5221049,James Rexroat,0.0,0.0,0.0,0.0,5.0,1.0,0.0,0.0
2026,2,Missouri State,Lindenwood,5227766,Elijah Leonard,1.0,1.0,0.0,7.0,0.0,0.0,0.0,0.0
2026,2,Missouri State,Lindenwood,5327017,Amar'e Johnson,0.0,0.0,0.0,0.0,0.0,0.0,7.0,37.0
2026,2,Missouri State,Lindenwood,5383072,Michael Osei-Bonsu,0.0,0.0,0.0,0.0,7.0,1.0,0.0,0.0
2026,2,Monmouth,Western Michigan,5085803,Gavin Nelson,0.0,0.0,0.0,0.0,63.0,7.0,0.0,0.0
2026,2,Monmouth,Western Michigan,5153887,Tra Neal,0.0,0.0,0.0,0.0,106.0,7.0,0.0,0.0
2026,2,Monmouth,Western Michigan,5153905,Marcus Middleton,0.0,0.0,0.0,0.0,22.0,4.0,0.0,0.0
2026,2,Monmouth,Western Michigan,5225775,Naz Treadwell,0.0,0.0,0.0,0.0,10.0,1.0,5.0,6.0
2026,2,Monmouth,Western Michigan,5226663,Frankie Weaver,28.0,46.0,1.0,273.0,0.0,0.0,2.0,-4.0
2026,2,Monmouth,Western Michigan,5226671,Elijah Jennings,0.0,0.0,0.0,0.0,11.0,2.0,19.0,87.0
2026,2,Monmouth,Western Michigan,5300971,Kenny Smith,0.0,0.0,0.0,0.0,33.0,5.0,18.0,69.0
2026,2,Monmouth,Western Michigan,5405662,Christian Harrison,0.0,0.0,0.0,0.0,11.0,1.0,0.0,0.0
2026,2,Monmouth,Western Michigan,5405672,Frankie Tackett Jr,0.0,0.0,0.0,0.0,17.0,1.0,0.0,0.0
2026,2,Montana,Utah Tech,4697633,Dylan Paine,0.0,0.0,0.0,0.0,5.0,1.0,5.0,80.0
2026,2,Montana,Utah Tech,5084941,Weston Adams,0.0,0.0,0.0,0.0,18.0,3.0,0.0,0.0
2026,2,Montana,Utah Tech,5087687,Eli Gillman,0.0,0.0,0.0,0.0,7.0,1.0,17.0,147.0
2026,2,Montana,Utah Tech,5151276,Landon Ransom-Goelz,0.0,0.0,0.0,0.0,17.0,3.0,0.0,0.0
2026,2,Montana,Utah Tech,5153708,Keali'i Ah Yat,25.0,35.0,1.0,246.0,0.0,0.0,3.0,-8.0
2026,2,Montana,Utah Tech,5225209,Monte Gillman,0.0,0.0,0.0,0.0,0.0,0.0,1.0,3.0
2026,2,Montana,Utah Tech,5225211,Brooks Davis,0.0,0.0,0.0,0.0,151.0,12.0,1.0,-13.0
2026,2,Montana,Utah Tech,5225217,Luke Flowers,0.0,2.0,0.0,0.0,0.0,0.0,0.0,0.0
2026,2,Montana,Utah Tech,5225218,Cody Schweikert,0.0,0.0,0.0,0.0,0.0,0.0,1.0,8.0
2026,2,Montana,Utah Tech,5225221,Lekeldrick Bridges,0.0,0.0,0.0,0.0,24.0,2.0,0.0,0.0
2026,2,Montana,Utah Tech,5226228,Mariano Birdno,0.0,0.0,0.0,0.0,17.0,2.0,0.0,0.0
2026,2,Montana,Utah Tech,5298088,Reese Brooks,0.0,0.0,0.0,0.0,7.0,1.0,0.0,0.0
2026,2,Montana,Utah Tech,5300643,Chase Cook,0.0,0.0,0.0,0.0,0.0,0.0,1.0,-1.0
2026,2,Montana State,Nevada,-6732, Team,0.0,0.0,0.0,0.0,0.0,0.0,1.0,-1.0
2026,2,Montana State,Nevada,4684502,Justin Lamson,15.0,23.0,1.0,179.0,0.0,0.0,9.0,30.0
2026,2,Montana State,Nevada,5085301,Taco Dowler,0.0,0.0,0.0,0.0,44.0,4.0,2.0,14.0
2026,2,Montana State,Nevada,5166308,Adam Jones,0.0,0.0,0.0,0.0,21.0,3.0,25.0,86.0
2026,2,Montana State,Nevada,5172600,Colson Coon,0.0,0.0,0.0,0.0,0.0,0.0,3.0,22.0
2026,2,Montana State,Nevada,5224364,Jabez Woods,0.0,0.0,0.0,0.0,11.0,1.0,0.0,0.0
2026,2,Montana State,Nevada,5224371,Dane Steel,0.0,0.0,0.0,0.0,38.0,3.0,0.0,0.0
2026,2,Montana State,Nevada,5224381,Rocky Lencioni,0.0,0.0,0.0,0.0,35.0,3.0,0.0,0.0
2026,2,Montana State,Nevada,5405779,Carter Dahlke,0.0,0.0,0.0,0.0,30.0,1.0,0.0,0.0
2026,2,Morehead State,Austin Peay,5084352,Bryce Patterson,2.0,7.0,0.0,12.0,0.0,0.0,3.0,28.0
2026,2,Morehead State,Austin Peay,5084590,Craig Cunningham,0.0,0.0,0.0,0.0,0.0,0.0,11.0,15.0
2026,2,Morehead State,Austin Peay,5103084,Jackson Lanier,0.0,0.0,0.0,0.0,0.0,0.0,2.0,-2.0
2026,2,Morehead State,Austin Peay,5159385,Allen Fernett,1.0,1.0,0.0,4.0,0.0,0.0,2.0,0.0
2026,2,Morehead State,Austin Peay,5229448,David Parsons,13.0,21.0,1.0,121.0,0.0,0.0,4.0,10.0
2026,2,Morehead State,Austin Peay,5229475,Anthony Ice,0.0,0.0,0.0,0.0,22.0,3.0,0.0,0.0
2026,2,Morehead State,Austin Peay,5300045,Ezekiel Pour,0.0,0.0,0.0,0.0,2.0,1.0,1.0,-1.0
2026,2,Morehead State,Austin Peay,5300099,Cannon Dinger,0.0,0.0,0.0,0.0,14.0,3.0,0.0,0.0
2026,2,Morehead State,Austin Peay,5300101,Brock Martin,0.0,0.0,0.0,0.0,4.0,1.0,0.0,0.0
2026,2,Morehead State,Austin Peay,5300102,Riley Purcell,0.0,0.0,0.0,0.0,66.0,5.0,0.0,0.0
2026,2,Morehead State,Austin Peay,5300103,Keegan Zylstra,0.0,0.0,0.0,0.0,19.0,2.0,0.0,0.0
2026,2,Morehead State,Austin Peay,5406215,Blake Fisher,0.0,0.0,0.0,0.0,0.0,0.0,4.0,5.0
2026,2,Morehead State,Austin Peay,5406216,Kris Lloyd,0.0,0.0,0.0,0.0,0.0,0.0,7.0,14.0
2026,2,Morehead State,Austin Peay,5406240,Mak Hoover,0.0,0.0,0.0,0.0,10.0,1.0,0.0,0.0
2026,2,Morgan State,Virginia Lynchburg,-6756, Team,0.0,0.0,0.0,0.0,0.0,0.0,1.0,-2.0
2026,2,Morgan State,Virginia Lynchburg,4870712,Cameron Edge,17.0,19.0,4.0,282.0,0.0,0.0,3.0,26.0
2026,2,Morgan State,Virginia Lynchburg,5084050,Quavel Thornton,0.0,0.0,0.0,0.0,3.0,2.0,0.0,0.0
2026,2,Morgan State,Virginia Lynchburg,5088896,Keith Jenkins Jr.,0.0,0.0,0.0,0.0,62.0,2.0,4.0,16.0
2026,2,Morgan State,Virginia Lynchburg,5088910,Joseph Kennerly,0.0,0.0,0.0,0.0,8.0,1.0,0.0,0.0
2026,2,Morgan State,Virginia Lynchburg,5092438,Raeden Oliver,1.0,1.0,0.0,2.0,0.0,0.0,1.0,2.0
2026,2,Morgan State,Virginia Lynchburg,5154534,Tahj Smith,3.0,5.0,1.0,59.0,0.0,0.0,0.0,0.0
2026,2,Morgan State,Virginia Lynchburg,5168837,Dorian Harris,0.0,0.0,0.0,0.0,0.0,0.0,5.0,29.0
2026,2,Morgan State,Virginia Lynchburg,5219427,Randall Nauden,0.0,0.0,0.0,0.0,0.0,0.0,2.0,0.0
2026,2,Morgan State,Virginia Lynchburg,5221616,Ade Olanegan,6.0,9.0,1.0,44.0,0.0,0.0,0.0,0.0
2026,2,Morgan State,Virginia Lynchburg,5232045,Maxim Copeland,0.0,0.0,0.0,0.0,43.0,1.0,0.0,0.0
2026,2,Morgan State,Virginia Lynchburg,5302651,Alex Simmons,0.0,0.0,0.0,0.0,27.0,2.0,0.0,0.0
2026,2,Morgan State,Virginia Lynchburg,5302655,Dante Archie,0.0,0.0,0.0,0.0,9.0,1.0,0.0,0.0
2026,2,Morgan State,Virginia Lynchburg,5302656,Justin Perry,0.0,0.0,0.0,0.0,122.0,6.0,0.0,0.0
2026,2,Morgan State,Virginia Lynchburg,5302660,Rahmise Jones,0.0,0.0,0.0,0.0,15.0,2.0,0.0,0.0
2026,2,Morgan State,Virginia Lynchburg,5302672,Nicholas Williams,0.0,0.0,0.0,0.0,1.0,1.0,0.0,0.0
2026,2,Morgan State,Virginia Lynchburg,5302676,William Johns,0.0,0.0,0.0,0.0,2.0,1.0,0.0,0.0
2026,2,Morgan State,Virginia Lynchburg,5302677,Malachi Bryant,0.0,0.0,0.0,0.0,40.0,2.0,0.0,0.0
2026,2,Morgan State,Virginia Lynchburg,5305159,Joseph Towler,0.0,0.0,0.0,0.0,28.0,3.0,0.0,0.0
2026,2,Morgan State,Virginia Lynchburg,5423820,Jordan Barnett,0.0,0.0,0.0,0.0,0.0,0.0,7.0,56.0
2026,2,Morgan State,Virginia Lynchburg,5439926,James Davis III,0.0,0.0,0.0,0.0,7.0,1.0,0.0,0.0
2026,2,Morgan State,Virginia Lynchburg,5439927,Jaylen Burke,0.0,0.0,0.0,0.0,0.0,0.0,2.0,4.0
2026,2,Morgan State,Virginia Lynchburg,5439929,Chase Belin,0.0,0.0,0.0,0.0,0.0,0.0,1.0,4.0
2026,2,Morgan State,Virginia Lynchburg,5439949,Elijah Stevenson,0.0,0.0,0.0,0.0,20.0,2.0,0.0,0.0
2026,2,Murray State,Valparaiso,4905594,Jawaun Northington,0.0,0.0,0.0,0.0,0.0,0.0,7.0,27.0
2026,2,Murray State,Valparaiso,5083941,Collin Shannon,11.0,17.0,0.0,121.0,0.0,0.0,4.0,-7.0
2026,2,Murray State,Valparaiso,5092666,Trey Firestone,0.0,0.0,0.0,0.0,62.0,3.0,0.0,0.0
2026,2,Murray State,Valparaiso,5193343,Jim Ogle,7.0,13.0,1.0,73.0,0.0,0.0,0.0,0.0
2026,2,Murray State,Valparaiso,5227845,LJ Green,0.0,0.0,0.0,0.0,11.0,1.0,0.0,0.0
2026,2,Murray State,Valparaiso,5227853,Tyrell Campbell,0.0,0.0,0.0,0.0,19.0,2.0,14.0,117.0
2026,2,Murray State,Valparaiso,5227854,Baxter Wright,0.0,0.0,0.0,0.0,0.0,0.0,3.0,6.0
2026,2,Murray State,Valparaiso,5301281,Dimitri Howard,0.0,0.0,0.0,0.0,36.0,4.0,1.0,20.0
2026,2,Murray State,Valparaiso,5301297,Dylan Embry,0.0,0.0,0.0,0.0,17.0,2.0,0.0,0.0
2026,2,Murray State,Valparaiso,5301331,Ty Brown,0.0,0.0,0.0,0.0,9.0,2.0,0.0,0.0
2026,2,Murray State,Valparaiso,5438546,Mykel Allen,0.0,0.0,0.0,0.0,18.0,3.0,11.0,31.0
2026,2,Murray State,Valparaiso,5438586,Trenton Walker,0.0,0.0,0.0,0.0,22.0,1.0,0.0,0.0
2026,2,NC State,Richmond,5079301,CJ Bailey,13.0,17.0,1.0,281.0,0.0,0.0,6.0,25.0
2026,2,NC State,Richmond,5079468,Davion Gause,0.0,0.0,0.0,0.0,21.0,1.0,5.0,37.0
2026,2,NC State,Richmond,5079524,Keenan Jackson,0.0,0.0,0.0,0.0,123.0,4.0,0.0,0.0
2026,2,NC State,Richmond,5079659,Jonathan Paylor,0.0,0.0,0.0,0.0,0.0,0.0,2.0,52.0
2026,2,NC State,Richmond,5079661,Chance Robinson,0.0,0.0,0.0,0.0,15.0,2.0,0.0,0.0
2026,2,NC State,Richmond,5079745,Joshisa Trader,0.0,0.0,0.0,0.0,52.0,3.0,0.0,0.0
2026,2,NC State,Richmond,5080819,Davion Dozier,0.0,0.0,0.0,0.0,8.0,1.0,0.0,0.0
2026,2,NC State,Richmond,5084967,Victor Snow,0.0,0.0,0.0,0.0,7.0,1.0,0.0,0.0
2026,2,NC State,Richmond,5126513,Jayden Scott,0.0,0.0,0.0,0.0,0.0,0.0,9.0,128.0
2026,2,NC State,Richmond,5141409,Deandre Desinor,0.0,0.0,0.0,0.0,0.0,0.0,3.0,15.0
2026,2,NC State,Richmond,5147510,Isiah Jones,0.0,0.0,0.0,0.0,0.0,0.0,3.0,12.0
2026,2,NC State,Richmond,5148611,Will Wilson,5.0,7.0,1.0,25.0,0.0,0.0,10.0,62.0
2026,2,NC State,Richmond,5159453,Darius Johnson,0.0,0.0,0.0,0.0,0.0,0.0,2.0,11.0
2026,2,NC State,Richmond,5160003,Tyran Warren,0.0,0.0,0.0,0.0,10.0,1.0,0.0,0.0
2026,2,NC State,Richmond,5172608,Hunter Provience,0.0,0.0,0.0,0.0,3.0,1.0,0.0,0.0
2026,2,NC State,Richmond,5176079,Dylan McCoy,0.0,0.0,0.0,0.0,0.0,0.0,4.0,73.0
2026,2,NC State,Richmond,5215337,Preston Douglas,0.0,0.0,0.0,0.0,58.0,2.0,0.0,0.0
2026,2,NC State,Richmond,5291741,Noah Moss,0.0,0.0,0.0,0.0,0.0,0.0,1.0,13.0
2026,2,NC State,Richmond,5378098,Tex Vaughn,0.0,0.0,0.0,0.0,9.0,2.0,0.0,0.0
2026,2,Navy,Florida Atlantic,5158341,Luke Hutchison,0.0,0.0,0.0,0.0,27.0,1.0,0.0,0.0
2026,2,Navy,Florida Atlantic,5158343,Braxton Woodson,3.0,11.0,0.0,47.0,0.0,0.0,12.0,96.0
2026,2,Navy,Florida Atlantic,5158373,Vic Listorti,0.0,0.0,0.0,0.0,16.0,2.0,4.0,35.0
2026,2,Navy,Florida Atlantic,5158374,Isaiah Bryant,0.0,0.0,0.0,0.0,0.0,0.0,3.0,-6.0
2026,2,Navy,Florida Atlantic,5212655,Jordan Collins,0.0,0.0,0.0,0.0,68.0,2.0,0.0,0.0
2026,2,Navy,Florida Atlantic,5220469,Michael Barrow,0.0,0.0,0.0,0.0,0.0,0.0,6.0,39.0
2026,2,Navy,Florida Atlantic,5220473,Jackson Gutierrez,6.0,12.0,2.0,100.0,0.0,0.0,7.0,75.0
2026,2,Navy,Florida Atlantic,5220476,Charles Robinson,0.0,0.0,0.0,0.0,36.0,4.0,0.0,0.0
2026,2,Navy,Florida Atlantic,5295391,Christian Cromer,0.0,0.0,0.0,0.0,0.0,0.0,2.0,5.0
2026,2,Navy,Florida Atlantic,5391331,Evan Blouir,0.0,0.0,0.0,0.0,0.0,0.0,1.0,2.0
2026,2,Navy,Florida Atlantic,5391336,Garrison Edwards,0.0,0.0,0.0,0.0,0.0,0.0,1.0,0.0
2026,2,Nebraska,Bowling Green,5044387,Anthony Colandrea,20.0,24.0,4.0,222.0,0.0,0.0,4.0,33.0
2026,2,Nebraska,Bowling Green,5075705,Demitrius Bell,0.0,0.0,0.0,0.0,-2.0,1.0,0.0,0.0
2026,2,Nebraska,Bowling Green,5078312,Nyziah Hunter,0.0,0.0,0.0,0.0,4.0,1.0,1.0,7.0
2026,2,Nebraska,Bowling Green,5081107,Luke Lindenmeyer,0.0,0.0,0.0,0.0,16.0,2.0,0.0,0.0
2026,2,Nebraska,Bowling Green,5083370,Jacory Barney Jr.,0.0,0.0,0.0,0.0,115.0,8.0,0.0,0.0
2026,2,Nebraska,Bowling Green,5087700,Vincent Genatone,0.0,0.0,0.0,0.0,0.0,0.0,1.0,4.0
2026,2,Nebraska,Bowling Green,5120456,Kwinten Ives,0.0,0.0,0.0,0.0,25.0,2.0,1.0,-2.0
2026,2,Nebraska,Bowling Green,5127885,Kwazi Gilmer,0.0,0.0,0.0,0.0,39.0,6.0,0.0,0.0
2026,2,Nebraska,Bowling Green,5141556,TJ Lateef,6.0,8.0,1.0,60.0,0.0,0.0,2.0,22.0
2026,2,Nebraska,Bowling Green,5141599,Cortez Mills Jr.,0.0,0.0,0.0,0.0,23.0,2.0,0.0,0.0
2026,2,Nebraska,Bowling Green,5141607,Isaiah Mozee,0.0,0.0,0.0,0.0,14.0,1.0,8.0,55.0
2026,2,Nebraska,Bowling Green,5148624,Quinn Clark,0.0,0.0,0.0,0.0,10.0,1.0,0.0,0.0
2026,2,Nebraska,Bowling Green,5163093,Conor Booth,0.0,0.0,0.0,0.0,0.0,0.0,1.0,9.0
2026,2,Nebraska,Bowling Green,5227018,Mekhi Nelson,0.0,0.0,0.0,0.0,34.0,2.0,8.0,48.0
2026,2,Nebraska,Bowling Green,5290565,Jamal Rule,0.0,0.0,0.0,0.0,0.0,0.0,8.0,88.0
2026,2,Nevada,Montana State,4819250,AJ Bianco,12.0,20.0,1.0,116.0,0.0,0.0,6.0,38.0
2026,2,Nevada,Montana State,4833591,Ky Woods,0.0,0.0,0.0,0.0,10.0,1.0,1.0,1.0
2026,2,Nevada,Montana State,5077500,Luke Duncan,7.0,16.0,0.0,51.0,0.0,0.0,0.0,0.0
2026,2,Nevada,Montana State,5103836,Marshaun Brown,0.0,0.0,0.0,0.0,44.0,3.0,0.0,0.0
2026,2,Nevada,Montana State,5151405,Jaceon Doss,0.0,0.0,0.0,0.0,18.0,1.0,0.0,0.0
2026,2,Nevada,Montana State,5153499,Donnie Cheers,0.0,0.0,0.0,0.0,39.0,4.0,2.0,11.0
2026,2,Nevada,Montana State,5158756,Damien Moun,0.0,0.0,0.0,0.0,30.0,6.0,0.0,0.0
2026,2,Nevada,Montana State,5216506,DJ Asiasi,0.0,0.0,0.0,0.0,17.0,2.0,0.0,0.0
2026,2,Nevada,Montana State,5220671,Herschel Turner,0.0,0.0,0.0,0.0,0.0,1.0,9.0,48.0
2026,2,Nevada,Montana State,5265178,Dominic Kelley,0.0,0.0,0.0,0.0,9.0,1.0,17.0,84.0
2026,2,New Hampshire,Stonehill,4920228,Jocquez Smith,0.0,0.0,0.0,0.0,0.0,0.0,13.0,122.0
2026,2,New Hampshire,Stonehill,5083442,Myles Thomason,0.0,0.0,0.0,0.0,15.0,2.0,14.0,34.0
2026,2,New Hampshire,Stonehill,5153852,Ja'Carree Kelly,0.0,0.0,0.0,0.0,78.0,5.0,0.0,0.0
2026,2,New Hampshire,Stonehill,5171040,Ryan Blagg,0.0,0.0,0.0,0.0,24.0,2.0,0.0,0.0
2026,2,New Hampshire,Stonehill,5226483,Ryan Ricketti,0.0,0.0,0.0,0.0,47.0,3.0,0.0,0.0
2026,2,New Hampshire,Stonehill,5298487,Brooks Bentley,14.0,22.0,1.0,195.0,0.0,0.0,4.0,-3.0
2026,2,New Hampshire,Stonehill,5405751,Ty Carlson,0.0,0.0,0.0,0.0,31.0,2.0,0.0,0.0
2026,2,New Haven,South Dakota State,-6865, Team,0.0,0.0,0.0,0.0,0.0,0.0,2.0,-2.0
2026,2,New Haven,South Dakota State,4685334,A.J. Duffy,6.0,20.0,0.0,48.0,0.0,0.0,0.0,0.0
2026,2,New Haven,South Dakota State,5083518,Lasalle Rose Jr.,0.0,0.0,0.0,0.0,19.0,1.0,0.0,0.0
2026,2,New Haven,South Dakota State,5154304,Caleb Williams,0.0,0.0,0.0,0.0,0.0,0.0,4.0,12.0
2026,2,New Haven,South Dakota State,5157545,Brian Thomas,0.0,0.0,0.0,0.0,0.0,0.0,5.0,8.0
2026,2,New Haven,South Dakota State,5164562,Jeremy Caspe,0.0,0.0,0.0,0.0,14.0,1.0,0.0,0.0
2026,2,New Haven,South Dakota State,5261653,Jake Tripptree,3.0,5.0,1.0,38.0,0.0,0.0,1.0,0.0
2026,2,New Haven,South Dakota State,5303822,Zaon Laney,0.0,0.0,0.0,0.0,0.0,0.0,15.0,54.0
2026,2,New Haven,South Dakota State,5303870,Jason Champagne,0.0,0.0,0.0,0.0,0.0,0.0,1.0,49.0
2026,2,New Haven,South Dakota State,5303904,Issac Glaudin,0.0,0.0,0.0,0.0,27.0,3.0,0.0,0.0
2026,2,New Haven,South Dakota State,5303911,Jonathan Lawson,0.0,0.0,0.0,0.0,7.0,2.0,1.0,-7.0
2026,2,New Haven,South Dakota State,5303922,Shane Walker,0.0,0.0,0.0,0.0,19.0,2.0,0.0,0.0
2026,2,New Haven,South Dakota State,5440664,Shaun Jackson,0.0,0.0,0.0,0.0,0.0,0.0,5.0,36.0
2026,2,New Mexico,Mercyhurst,4430827,Troy Omeire,0.0,0.0,0.0,0.0,70.0,2.0,0.0,0.0
2026,2,New Mexico,Mercyhurst,5122887,Luke Moga,4.0,9.0,2.0,82.0,0.0,0.0,1.0,1.0
2026,2,New Mexico,Mercyhurst,5146726,Kiefer Sibley,0.0,0.0,0.0,0.0,5.0,2.0,4.0,48.0
2026,2,New Mexico,Mercyhurst,5165109,Deshaun Buchanan,0.0,0.0,0.0,0.0,0.0,0.0,2.0,10.0
2026,2,New Mexico,Mercyhurst,5166161,Scottre Humphrey,0.0,0.0,0.0,0.0,0.0,0.0,15.0,110.0
2026,2,New Mexico,Mercyhurst,5219572,Cade Keith,0.0,0.0,0.0,0.0,63.0,2.0,0.0,0.0
2026,2,New Mexico,Mercyhurst,5228804,James Laubstein,0.0,0.0,0.0,0.0,0.0,0.0,1.0,0.0
2026,2,New Mexico,Mercyhurst,5261479,Toa Faavae,3.0,9.0,1.0,91.0,0.0,0.0,4.0,12.0
2026,2,New Mexico,Mercyhurst,5265474,Darrion Bowers,0.0,0.0,0.0,0.0,0.0,0.0,11.0,40.0
2026,2,New Mexico,Mercyhurst,5271114,Jerod Terry Jr.,0.0,0.0,0.0,0.0,0.0,0.0,5.0,38.0
2026,2,New Mexico,Mercyhurst,5282659,DJ Darling,0.0,0.0,0.0,0.0,35.0,1.0,0.0,0.0
2026,2,New Mexico,Mercyhurst,5295363,Cameron Mathews,0.0,0.0,0.0,0.0,0.0,0.0,9.0,28.0
2026,2,New Mexico State,Hawai'i,-6872, Team,0.0,0.0,0.0,0.0,0.0,0.0,2.0,-18.0
2026,2,New Mexico State,Hawai'i,4869443,Tyler King,0.0,0.0,0.0,0.0,67.0,4.0,1.0,2.0
2026,2,New Mexico State,Hawai'i,4922995,Dijon Stanley,0.0,0.0,0.0,0.0,0.0,0.0,3.0,19.0
2026,2,New Mexico State,Hawai'i,5076584,Terrell Washington Jr.,0.0,0.0,0.0,0.0,13.0,1.0,6.0,30.0
2026,2,New Mexico State,Hawai'i,5095156,Obinna Okeke,0.0,0.0,0.0,0.0,25.0,1.0,0.0,0.0
2026,2,New Mexico State,Hawai'i,5120866,Jalen Brown,0.0,0.0,0.0,0.0,0.0,0.0,1.0,-1.0
2026,2,New Mexico State,Hawai'i,5156057,Myles Libman,0.0,0.0,0.0,0.0,25.0,1.0,0.0,0.0
2026,2,New Mexico State,Hawai'i,5159145,Jerry Lydiatt,0.0,0.0,0.0,0.0,3.0,1.0,0.0,0.0
2026,2,New Mexico State,Hawai'i,5207657,Brodrick Malone,0.0,0.0,0.0,0.0,8.0,1.0,0.0,0.0
2026,2,New Mexico State,Hawai'i,5219270,Lyndon Ravare,0.0,0.0,0.0,0.0,22.0,2.0,0.0,0.0
2026,2,New Mexico State,Hawai'i,5220253,James Jones,0.0,0.0,0.0,0.0,14.0,2.0,13.0,78.0
2026,2,New Mexico State,Hawai'i,5220785,TJ Pride,0.0,0.0,0.0,0.0,5.0,1.0,0.0,0.0
2026,2,New Mexico State,Hawai'i,5224084,Trey Hedden,19.0,35.0,1.0,256.0,0.0,0.0,5.0,14.0
2026,2,New Mexico State,Hawai'i,5295460,AJ Williams III,0.0,0.0,0.0,0.0,54.0,3.0,0.0,0.0
2026,2,New Mexico State,Hawai'i,5301984,Josiah Thomas,0.0,0.0,0.0,0.0,20.0,2.0,0.0,0.0
2026,2,Nicholls,UT Rio Grande Valley,-6883, Team,0.0,0.0,0.0,0.0,0.0,0.0,2.0,-4.0
2026,2,Nicholls,UT Rio Grande Valley,5084266,Treylin Whaley,0.0,0.0,0.0,0.0,17.0,2.0,0.0,0.0
2026,2,Nicholls,UT Rio Grande Valley,5099550,Tamaj Hoffman,0.0,0.0,0.0,0.0,13.0,2.0,9.0,20.0
2026,2,Nicholls,UT Rio Grande Valley,5122162,Jordan Smith,0.0,0.0,0.0,0.0,51.0,7.0,0.0,0.0
2026,2,Nicholls,UT Rio Grande Valley,5155207,Jackson Dufrene,0.0,0.0,0.0,0.0,99.0,5.0,0.0,0.0
2026,2,Nicholls,UT Rio Grande Valley,5164893,Ean Rodrigue,21.0,36.0,4.0,235.0,0.0,0.0,14.0,28.0
2026,2,Nicholls,UT Rio Grande Valley,5164900,Scott White,0.0,0.0,0.0,0.0,5.0,1.0,0.0,0.0
2026,2,Nicholls,UT Rio Grande Valley,5226526,Shane Lee,0.0,0.0,0.0,0.0,10.0,1.0,13.0,47.0
2026,2,Nicholls,UT Rio Grande Valley,5303387,Ellis Stewart,0.0,0.0,0.0,0.0,25.0,2.0,1.0,-4.0
2026,2,Nicholls,UT Rio Grande Valley,5418598,Greg Donaldson,0.0,0.0,0.0,0.0,15.0,1.0,0.0,0.0
2026,2,Norfolk State,Virginia,4920147,Paul Billups II,0.0,0.0,0.0,0.0,37.0,2.0,0.0,0.0
2026,2,Norfolk State,Virginia,5083657,Rocco Ciocca,0.0,0.0,0.0,0.0,9.0,2.0,0.0,0.0
2026,2,Norfolk State,Virginia,5093197,Jalyn Daniels,0.0,0.0,0.0,0.0,10.0,2.0,6.0,22.0
2026,2,Norfolk State,Virginia,5150426,Deljay Bailey,15.0,25.0,0.0,142.0,0.0,0.0,5.0,-5.0
2026,2,Norfolk State,Virginia,5155995,Elyjah Mitchell,0.0,0.0,0.0,0.0,43.0,5.0,0.0,0.0
2026,2,Norfolk State,Virginia,5227484,Kiron Benjamin,0.0,0.0,0.0,0.0,11.0,1.0,1.0,-3.0
2026,2,Norfolk State,Virginia,5231181,Shane Kelley,0.0,0.0,0.0,0.0,6.0,1.0,0.0,0.0
2026,2,Norfolk State,Virginia,5301379,Ravon Moore,0.0,0.0,0.0,0.0,18.0,2.0,8.0,19.0
2026,2,Norfolk State,Virginia,5410232,Brevin Caldwell,0.0,0.0,0.0,0.0,25.0,2.0,0.0,0.0
2026,2,Norfolk State,Virginia,5421621,Jamauri Knox,0.0,0.0,0.0,0.0,9.0,1.0,0.0,0.0
2026,2,Norfolk State,Virginia,5439441,Da'Jean Golmond,2.0,6.0,0.0,20.0,0.0,0.0,3.0,9.0
2026,2,Norfolk State,Virginia,5439443,Ty Jackson,1.0,3.0,0.0,6.0,0.0,0.0,2.0,8.0
2026,2,Norfolk State,Virginia,5439447,Kameron Casnave,0.0,0.0,0.0,0.0,0.0,0.0,6.0,5.0
2026,2,North Alabama,SE Louisiana,-6917, Team,0.0,1.0,0.0,0.0,0.0,0.0,1.0,-19.0
2026,2,North Alabama,SE Louisiana,4685698,Destin Wade,19.0,30.0,1.0,265.0,0.0,0.0,15.0,47.0
2026,2,North Alabama,SE Louisiana,5148303,Eli Sisson,0.0,0.0,0.0,0.0,22.0,1.0,0.0,0.0
2026,2,North Alabama,SE Louisiana,5153731,Ty Watkins,0.0,0.0,0.0,0.0,0.0,0.0,1.0,9.0
2026,2,North Alabama,SE Louisiana,5207620,Xavier Johnson,0.0,0.0,0.0,0.0,175.0,8.0,2.0,18.0
2026,2,North Alabama,SE Louisiana,5224276,Jalen Fletcher,0.0,0.0,0.0,0.0,13.0,3.0,5.0,19.0
2026,2,North Alabama,SE Louisiana,5224278,Roderick Taylor Jr.,0.0,0.0,0.0,0.0,0.0,0.0,8.0,56.0
2026,2,North Alabama,SE Louisiana,5224307,Noah Gregg,0.0,0.0,0.0,0.0,5.0,1.0,0.0,0.0
2026,2,North Alabama,SE Louisiana,5225938,Snap Reed,0.0,0.0,0.0,0.0,34.0,5.0,0.0,0.0
2026,2,North Alabama,SE Louisiana,5233877,TJ Holmes,0.0,0.0,0.0,0.0,16.0,1.0,0.0,0.0
2026,2,North Alabama,SE Louisiana,5295237,Chris McMillian,0.0,0.0,0.0,0.0,0.0,0.0,6.0,13.0
2026,2,North Alabama,SE Louisiana,5302942,Ethan Abberger,0.0,0.0,0.0,0.0,0.0,0.0,1.0,6.0
2026,2,North Carolina,East Tennessee State,4592532,Billy Edwards,15.0,20.0,2.0,244.0,0.0,0.0,2.0,-3.0
2026,2,North Carolina,East Tennessee State,4870709,Shamar Easter,0.0,0.0,0.0,0.0,14.0,1.0,0.0,0.0
2026,2,North Carolina,East Tennessee State,4871039,Jelani Thurman,0.0,0.0,0.0,0.0,71.0,4.0,0.0,0.0
2026,2,North Carolina,East Tennessee State,5008017,Benjamin Hall,0.0,0.0,0.0,0.0,25.0,2.0,4.0,49.0
2026,2,North Carolina,East Tennessee State,5077266,Trech Kekahuna,0.0,0.0,0.0,0.0,16.0,1.0,0.0,0.0
2026,2,North Carolina,East Tennessee State,5079687,Jordan Shipp,0.0,0.0,0.0,0.0,25.0,2.0,0.0,0.0
2026,2,North Carolina,East Tennessee State,5145396,Miles O'Neill,3.0,6.0,0.0,22.0,0.0,0.0,1.0,15.0
2026,2,North Carolina,East Tennessee State,5152717,Mason Humphrey,0.0,0.0,0.0,0.0,10.0,1.0,0.0,0.0
2026,2,North Carolina,East Tennessee State,5159039,C.J. Sadler,0.0,0.0,0.0,0.0,66.0,3.0,0.0,0.0
2026,2,North Carolina,East Tennessee State,5159086,Carson Sneed,0.0,0.0,0.0,0.0,11.0,1.0,0.0,0.0
2026,2,North Carolina,East Tennessee State,5161835,Jaylen McGill,0.0,0.0,0.0,0.0,20.0,1.0,5.0,40.0
2026,2,North Carolina,East Tennessee State,5198251,Jo Jo Troupe,0.0,0.0,0.0,0.0,0.0,0.0,5.0,20.0
2026,2,North Carolina,East Tennessee State,5219169,Charleston French,0.0,0.0,0.0,0.0,0.0,0.0,2.0,4.0
2026,2,North Carolina,East Tennessee State,5228607,Demon June,0.0,0.0,0.0,0.0,0.0,0.0,7.0,33.0
2026,2,North Carolina,East Tennessee State,5265173,Crew Davis,0.0,0.0,0.0,0.0,4.0,1.0,1.0,3.0
2026,2,North Carolina,East Tennessee State,5279149,Zamaurious Robertson,0.0,0.0,0.0,0.0,4.0,1.0,0.0,0.0
2026,2,North Carolina A&T,North Carolina Central,-6815, Team,0.0,0.0,0.0,0.0,0.0,0.0,1.0,-3.0
2026,2,North Carolina A&T,North Carolina Central,4812342,Anthony Rucker,0.0,0.0,0.0,0.0,6.0,1.0,0.0,0.0
2026,2,North Carolina A&T,North Carolina Central,4871051,J.T. Smith Jr.,0.0,0.0,0.0,0.0,20.0,1.0,11.0,33.0
2026,2,North Carolina A&T,North Carolina Central,5086946,Elijah Kennedy,0.0,0.0,0.0,0.0,112.0,7.0,1.0,7.0
2026,2,North Carolina A&T,North Carolina Central,5164567,Kevin White,21.0,44.0,3.0,259.0,0.0,0.0,13.0,42.0
2026,2,North Carolina A&T,North Carolina Central,5164571,Shimique Blizzard,0.0,0.0,0.0,0.0,0.0,0.0,4.0,22.0
2026,2,North Carolina A&T,North Carolina Central,5164581,Jayvonne Dillard,0.0,0.0,0.0,0.0,47.0,3.0,0.0,0.0
2026,2,North Carolina A&T,North Carolina Central,5226765,Michael Carlock-Williams,0.0,0.0,0.0,0.0,25.0,2.0,0.0,0.0
2026,2,North Carolina A&T,North Carolina Central,5226778,Jayden Williams,0.0,0.0,0.0,0.0,0.0,0.0,1.0,1.0
2026,2,North Carolina A&T,North Carolina Central,5226788,Rory Jones-Amen-Hetep,0.0,0.0,0.0,0.0,41.0,4.0,0.0,0.0
2026,2,North Carolina A&T,North Carolina Central,5405351,Jayden White,0.0,0.0,0.0,0.0,8.0,3.0,0.0,0.0
2026,2,North Carolina Central,North Carolina A&T,-6818, Team,0.0,0.0,0.0,0.0,0.0,0.0,2.0,-7.0
2026,2,North Carolina Central,North Carolina A&T,4432534,Tyree Saunders,0.0,0.0,0.0,0.0,5.0,1.0,0.0,0.0
2026,2,North Carolina Central,North Carolina A&T,4703067,Mehki Wall,0.0,0.0,0.0,0.0,31.0,2.0,1.0,1.0
2026,2,North Carolina Central,North Carolina A&T,5083663,Plez Lawrence,0.0,0.0,0.0,0.0,0.0,1.0,22.0,210.0
2026,2,North Carolina Central,North Carolina A&T,5156212,Brendon Wyatt,0.0,0.0,0.0,0.0,0.0,0.0,1.0,3.0
2026,2,North Carolina Central,North Carolina A&T,5159200,Chance Peterson,0.0,0.0,0.0,0.0,25.0,2.0,0.0,0.0
2026,2,North Carolina Central,North Carolina A&T,5160565,Nasim Cosby,0.0,0.0,0.0,0.0,29.0,1.0,0.0,0.0
2026,2,North Carolina Central,North Carolina A&T,5227658,Zion Dobson,0.0,0.0,0.0,0.0,20.0,1.0,7.0,14.0
2026,2,North Carolina Central,North Carolina A&T,5301057,Nelson Layne,13.0,19.0,1.0,146.0,0.0,0.0,8.0,2.0
2026,2,North Carolina Central,North Carolina A&T,5302914,RJ Lancaster,0.0,0.0,0.0,0.0,23.0,3.0,0.0,0.0
2026,2,North Carolina Central,North Carolina A&T,5302935,Connor Everett,0.0,0.0,0.0,0.0,3.0,1.0,0.0,0.0
2026,2,North Carolina Central,North Carolina A&T,5440091,River Fiore,0.0,0.0,0.0,0.0,10.0,1.0,0.0,0.0
2026,2,North Dakota,Portland State,4920196,Javance Tupou'ata-Johnson,0.0,0.0,0.0,0.0,0.0,0.0,3.0,18.0
2026,2,North Dakota,Portland State,5087199,Mason South,0.0,0.0,0.0,0.0,11.0,1.0,0.0,0.0
2026,2,North Dakota,Portland State,5087215,Sam Strandell,0.0,0.0,0.0,0.0,17.0,2.0,0.0,0.0
2026,2,North Dakota,Portland State,5155528,Jerry Kaminski,21.0,29.0,3.0,336.0,0.0,0.0,9.0,56.0
2026,2,North Dakota,Portland State,5155530,Korey Tai,0.0,0.0,0.0,0.0,140.0,4.0,0.0,0.0
2026,2,North Dakota,Portland State,5164594,Watson Hafer,0.0,0.0,0.0,0.0,22.0,2.0,0.0,0.0
2026,2,North Dakota,Portland State,5193304,Hunter Kallstrom,0.0,0.0,0.0,0.0,9.0,1.0,0.0,0.0
2026,2,North Dakota,Portland State,5227709,Matt Lawson,0.0,0.0,0.0,0.0,5.0,1.0,13.0,75.0
2026,2,North Dakota,Portland State,5227872,Deng Deng,0.0,0.0,0.0,0.0,55.0,4.0,0.0,0.0
2026,2,North Dakota,Portland State,5227880,Colton Brunell,0.0,0.0,0.0,0.0,0.0,0.0,3.0,18.0
2026,2,North Dakota,Portland State,5227898,Tray Kuntz,0.0,0.0,0.0,0.0,1.0,1.0,0.0,0.0
2026,2,North Dakota,Portland State,5296471,Cameron Weir,0.0,0.0,0.0,0.0,58.0,4.0,0.0,0.0
2026,2,North Dakota,Portland State,5301478,Griffin Broderick,0.0,0.0,0.0,0.0,0.0,0.0,5.0,41.0
2026,2,North Dakota,Portland State,5301479,Charles Langama,0.0,0.0,0.0,0.0,18.0,1.0,6.0,83.0
2026,2,North Dakota State,Air Force,-6904, Team,0.0,0.0,0.0,0.0,0.0,0.0,2.0,-3.0
2026,2,North Dakota State,Air Force,4832952,Mekhi Collins,0.0,0.0,0.0,0.0,44.0,1.0,0.0,0.0
2026,2,North Dakota State,Air Force,5087156,Nathan Hayes,15.0,23.0,2.0,228.0,0.0,0.0,3.0,17.0
2026,2,North Dakota State,Air Force,5154224,DJ Scott,0.0,0.0,0.0,0.0,8.0,1.0,12.0,34.0
2026,2,North Dakota State,Air Force,5157399,Nyeoti Punni,0.0,0.0,0.0,0.0,8.0,2.0,3.0,19.0
2026,2,North Dakota State,Air Force,5228002,Jackson Williams,0.0,0.0,0.0,0.0,53.0,2.0,2.0,18.0
2026,2,North Dakota State,Air Force,5228004,Isiah St. Romain,0.0,0.0,0.0,0.0,5.0,1.0,0.0,0.0
2026,2,North Dakota State,Air Force,5228015,Reis Kessel,0.0,0.0,0.0,0.0,42.0,4.0,0.0,0.0
2026,2,North Dakota State,Air Force,5228026,Logan Conklin,0.0,0.0,0.0,0.0,57.0,2.0,0.0,0.0
2026,2,North Dakota State,Air Force,5297931,Myles Mitchell,0.0,0.0,0.0,0.0,11.0,2.0,15.0,61.0
2026,2,North Texas,UNLV,-6952, Team,0.0,0.0,0.0,0.0,0.0,0.0,1.0,-2.0
2026,2,North Texas,UNLV,4801307,Tayven Jackson,15.0,26.0,2.0,233.0,0.0,0.0,7.0,15.0
2026,2,North Texas,UNLV,4827049,Max Reese,0.0,0.0,0.0,0.0,16.0,1.0,0.0,0.0
2026,2,North Texas,UNLV,4911971,Jahiem White,0.0,0.0,0.0,0.0,34.0,2.0,12.0,124.0
2026,2,North Texas,UNLV,5108225,Josiah Martin,0.0,0.0,0.0,0.0,24.0,3.0,1.0,6.0
2026,2,North Texas,UNLV,5122082,Justin Stevenson,0.0,0.0,0.0,0.0,43.0,2.0,0.0,0.0
2026,2,North Texas,UNLV,5125905,Corri Milliner,0.0,0.0,0.0,0.0,65.0,3.0,0.0,0.0
2026,2,North Texas,UNLV,5149220,Baron Tipton,0.0,0.0,0.0,0.0,13.0,2.0,0.0,0.0
2026,2,North Texas,UNLV,5163636,TJ Chukwurah,0.0,0.0,0.0,0.0,41.0,2.0,0.0,0.0
2026,2,North Texas,UNLV,5175092,Chris Jimerson Jr.,0.0,1.0,0.0,0.0,0.0,0.0,2.0,4.0
2026,2,North Texas,UNLV,5215310,Chaston Ditta,2.0,2.0,0.0,28.0,0.0,0.0,1.0,-1.0
2026,2,North Texas,UNLV,5227742,Nick Osho,0.0,0.0,0.0,0.0,0.0,0.0,2.0,1.0
2026,2,North Texas,UNLV,5238020,Brendon Haygood,0.0,0.0,0.0,0.0,0.0,0.0,12.0,36.0
2026,2,North Texas,UNLV,5295066,Brec Long,0.0,0.0,0.0,0.0,25.0,2.0,0.0,0.0
2026,2,Northern Arizona,Incarnate Word,-6920, Team,0.0,0.0,0.0,0.0,0.0,0.0,3.0,-3.0
2026,2,Northern Arizona,Incarnate Word,5099446,Deuce Zimmerman,0.0,0.0,0.0,0.0,25.0,2.0,0.0,0.0
2026,2,Northern Arizona,Incarnate Word,5152514,Myseth Currie,0.0,0.0,0.0,0.0,33.0,3.0,0.0,0.0
2026,2,Northern Arizona,Incarnate Word,5209123,Hayden Daugherty,0.0,0.0,0.0,0.0,10.0,1.0,0.0,0.0
2026,2,Northern Arizona,Incarnate Word,5225414,Ty Pennington,13.0,25.0,1.0,153.0,0.0,0.0,7.0,4.0
2026,2,Northern Arizona,Incarnate Word,5225428,Kenveon Stone,0.0,0.0,0.0,0.0,-4.0,1.0,7.0,48.0
2026,2,Northern Arizona,Incarnate Word,5300698,Quran Gossett,0.0,0.0,0.0,0.0,5.0,1.0,17.0,105.0
2026,2,Northern Arizona,Incarnate Word,5300700,Joey Stout,0.0,0.0,0.0,0.0,84.0,5.0,2.0,13.0
2026,2,Northern Arizona,Incarnate Word,5300731,Braylon Gardner,0.0,0.0,0.0,0.0,0.0,0.0,1.0,8.0
2026,2,Northern Arizona,Incarnate Word,5405898,Lindsey Graves,0.0,0.0,0.0,0.0,0.0,0.0,1.0,5.0
2026,2,Northern Colorado,Wyoming,4873077,Brayten Silbor,1.0,3.0,0.0,4.0,0.0,0.0,1.0,-6.0
2026,2,Northern Colorado,Wyoming,5082304,Justin Guin,0.0,0.0,0.0,0.0,2.0,1.0,17.0,88.0
2026,2,Northern Colorado,Wyoming,5151080,Garrett Harstad,0.0,0.0,0.0,0.0,38.0,4.0,0.0,0.0
2026,2,Northern Colorado,Wyoming,5215367,Marcus Mozer,0.0,0.0,0.0,0.0,72.0,3.0,0.0,0.0
2026,2,Northern Colorado,Wyoming,5219929,Kenny Lueth,13.0,23.0,1.0,202.0,0.0,0.0,8.0,9.0
2026,2,Northern Colorado,Wyoming,5225442,Evan Morris,0.0,0.0,0.0,0.0,15.0,2.0,0.0,0.0
2026,2,Northern Colorado,Wyoming,5225594,Jordan Herron,0.0,0.0,0.0,0.0,10.0,2.0,1.0,13.0
2026,2,Northern Colorado,Wyoming,5229987,Mathias Price,0.0,0.0,0.0,0.0,0.0,0.0,5.0,28.0
2026,2,Northern Colorado,Wyoming,5300808,Kieryus Boone,0.0,0.0,0.0,0.0,0.0,0.0,2.0,1.0
2026,2,Northern Colorado,Wyoming,5300827,Trey Olsen,0.0,0.0,0.0,0.0,69.0,2.0,1.0,9.0
2026,2,Northern Colorado,Wyoming,5439605,James Moore,0.0,0.0,0.0,0.0,0.0,0.0,1.0,-3.0
2026,2,Northern Illinois,Illinois State,4881032,Taron Dickens,22.0,27.0,1.0,193.0,0.0,0.0,5.0,-16.0
2026,2,Northern Illinois,Illinois State,4884086,Jalen Macon,1.0,3.0,0.0,3.0,0.0,0.0,2.0,3.0
2026,2,Northern Illinois,Illinois State,5193277,George Dimopoulos,0.0,0.0,0.0,0.0,26.0,3.0,0.0,0.0
2026,2,Northern Illinois,Illinois State,5193292,La'Don Bryant,0.0,0.0,0.0,0.0,47.0,2.0,0.0,0.0
2026,2,Northern Illinois,Illinois State,5193302,Telly Johnson Jr.,0.0,0.0,0.0,0.0,10.0,2.0,22.0,83.0
2026,2,Northern Illinois,Illinois State,5219932,Elijah Porter,0.0,0.0,0.0,0.0,9.0,2.0,5.0,35.0
2026,2,Northern Illinois,Illinois State,5219946,Jason Fowler,0.0,0.0,0.0,0.0,25.0,2.0,0.0,0.0
2026,2,Northern Illinois,Illinois State,5291180,Jaidaun Cranford,0.0,0.0,0.0,0.0,0.0,0.0,2.0,7.0
2026,2,Northern Illinois,Illinois State,5296150,DeAree Rogers,0.0,0.0,0.0,0.0,74.0,11.0,0.0,0.0
2026,2,Northern Illinois,Illinois State,5388937,Glen Weber,0.0,0.0,0.0,0.0,5.0,1.0,0.0,0.0
2026,2,Northern Iowa,Drake,-6939, Team,0.0,0.0,0.0,0.0,0.0,0.0,1.0,-2.0
2026,2,Northern Iowa,Drake,4826635,Jaxon Dailey,16.0,23.0,3.0,242.0,0.0,0.0,3.0,-6.0
2026,2,Northern Iowa,Drake,4887396,Tay Norman,0.0,0.0,0.0,0.0,0.0,0.0,1.0,5.0
2026,2,Northern Iowa,Drake,5085685,Taj Hughes,0.0,0.0,0.0,0.0,16.0,4.0,3.0,14.0
2026,2,Northern Iowa,Drake,5085768,Brady McCullough,0.0,0.0,0.0,0.0,44.0,3.0,0.0,0.0
2026,2,Northern Iowa,Drake,5150653,Ayden Price,0.0,0.0,0.0,0.0,0.0,0.0,1.0,0.0
2026,2,Northern Iowa,Drake,5154575,Jaiden Ellis-Lahey,0.0,0.0,0.0,0.0,59.0,2.0,0.0,0.0
2026,2,Northern Iowa,Drake,5154580,Zach Mehmert,0.0,0.0,0.0,0.0,17.0,1.0,0.0,0.0
2026,2,Northern Iowa,Drake,5227966,Ben Gordon,0.0,0.0,0.0,0.0,0.0,0.0,5.0,42.0
2026,2,Northern Iowa,Drake,5227974,Kaden Amigon-Suiter,0.0,0.0,0.0,0.0,18.0,2.0,6.0,30.0
2026,2,Northern Iowa,Drake,5227992,Briggs Hughston,0.0,0.0,0.0,0.0,23.0,1.0,0.0,0.0
2026,2,Northern Iowa,Drake,5297965,Christian Collins,0.0,0.0,0.0,0.0,6.0,1.0,10.0,37.0
2026,2,Northern Iowa,Drake,5297972,Michael Bormann,0.0,0.0,0.0,0.0,0.0,0.0,9.0,32.0
2026,2,Northern Iowa,Drake,5442915,Cyrus Courtney,0.0,0.0,0.0,0.0,59.0,2.0,0.0,0.0
2026,2,Northern Iowa,Drake,5442917,Caleb Kamara,0.0,0.0,0.0,0.0,0.0,0.0,4.0,49.0
2026,2,Northern Michigan,St. Thomas (MN),5297472,Trevor Theuerkauf,0.0,0.0,0.0,0.0,40.0,5.0,0.0,0.0
2026,2,Northern Michigan,St. Thomas (MN),5297473,Isaac Olson,0.0,0.0,0.0,0.0,18.0,1.0,0.0,0.0
2026,2,Northern Michigan,St. Thomas (MN),5297475,Duke Shovald,2.0,8.0,1.0,37.0,0.0,0.0,1.0,-2.0
2026,2,Northern Michigan,St. Thomas (MN),5297480,Noah Dobert,0.0,0.0,0.0,0.0,0.0,0.0,27.0,142.0
2026,2,Northern Michigan,St. Thomas (MN),5297485,Nico Lukkarinen,0.0,0.0,0.0,0.0,0.0,0.0,1.0,2.0
2026,2,Northern Michigan,St. Thomas (MN),5297486,Noah Hofmann,0.0,0.0,0.0,0.0,0.0,0.0,10.0,20.0
2026,2,Northern Michigan,St. Thomas (MN),5297505,Lachlin Acker,0.0,0.0,0.0,0.0,9.0,1.0,0.0,0.0
2026,2,Northern Michigan,St. Thomas (MN),5297537,Sebastian Boyea,0.0,0.0,0.0,0.0,32.0,3.0,0.0,0.0
2026,2,Northern Michigan,St. Thomas (MN),5445626,Liam Oczkowski,11.0,17.0,1.0,122.0,0.0,0.0,4.0,7.0
2026,2,Northern Michigan,St. Thomas (MN),5445630,Wilson Ptacek,0.0,0.0,0.0,0.0,60.0,3.0,0.0,0.0
2026,2,Northwestern State,East Texas A&M,4808719,Zach Wilcke,9.0,19.0,0.0,43.0,0.0,0.0,9.0,52.0
2026,2,Northwestern State,East Texas A&M,4877209,Myion Hicks,0.0,0.0,0.0,0.0,0.0,2.0,2.0,9.0
2026,2,Northwestern State,East Texas A&M,5136754,Luke Carter,0.0,0.0,0.0,0.0,8.0,1.0,0.0,0.0
2026,2,Northwestern State,East Texas A&M,5161891,Joseph Moreland,0.0,0.0,0.0,0.0,18.0,3.0,0.0,0.0
2026,2,Northwestern State,East Texas A&M,5161895,Dylan Rhodes,0.0,0.0,0.0,0.0,4.0,1.0,0.0,0.0
2026,2,Northwestern State,East Texas A&M,5226585,Abram Johnston,4.0,7.0,1.0,62.0,0.0,0.0,5.0,4.0
2026,2,Northwestern State,East Texas A&M,5226587,Zay Davis,0.0,0.0,0.0,0.0,67.0,2.0,11.0,21.0
2026,2,Northwestern State,East Texas A&M,5302468,Jimmie Duncan,0.0,0.0,0.0,0.0,2.0,3.0,2.0,-5.0
2026,2,Northwestern State,East Texas A&M,5302469,Brendan Webb,0.0,0.0,0.0,0.0,0.0,0.0,1.0,2.0
2026,2,Northwestern State,East Texas A&M,5405880,Sage Ingram,0.0,0.0,0.0,0.0,6.0,1.0,1.0,1.0
2026,2,Notre Dame,Rice,4870733,Cooper Flanagan,0.0,0.0,0.0,0.0,2.0,1.0,0.0,0.0
2026,2,Notre Dame,Rice,4870768,Jaden Greathouse,0.0,0.0,0.0,0.0,48.0,3.0,0.0,0.0
2026,2,Notre Dame,Rice,5079369,C.J. Carr,16.0,20.0,4.0,253.0,0.0,0.0,0.0,0.0
2026,2,Notre Dame,Rice,5079444,Mylan Graham,0.0,0.0,0.0,0.0,24.0,2.0,0.0,0.0
2026,2,Notre Dame,Rice,5079475,Micah Gilbert,0.0,0.0,0.0,0.0,47.0,2.0,0.0,0.0
2026,2,Notre Dame,Rice,5079742,Aneyas Williams,0.0,0.0,0.0,0.0,0.0,0.0,9.0,29.0
2026,2,Notre Dame,Rice,5106301,Kedren Young,0.0,0.0,0.0,0.0,8.0,1.0,4.0,8.0
2026,2,Notre Dame,Rice,5146164,Logan Saldate,0.0,0.0,0.0,0.0,36.0,3.0,0.0,0.0
2026,2,Notre Dame,Rice,5150424,Jordan Faison,0.0,0.0,0.0,0.0,54.0,4.0,0.0,0.0
2026,2,Notre Dame,Rice,5159087,Jonaz Walton,0.0,0.0,0.0,0.0,0.0,0.0,8.0,48.0
2026,2,Notre Dame,Rice,5159115,Noah Grubbs,7.0,11.0,0.0,78.0,0.0,0.0,0.0,0.0
2026,2,Notre Dame,Rice,5160472,Javian Osborne,0.0,0.0,0.0,0.0,0.0,0.0,5.0,4.0
2026,2,Notre Dame,Rice,5164349,Jerome Bettis Jr.,0.0,0.0,0.0,0.0,61.0,2.0,0.0,0.0
2026,2,Notre Dame,Rice,5189515,Nolan James Jr.,0.0,0.0,0.0,0.0,-1.0,1.0,6.0,29.0
2026,2,Notre Dame,Rice,5198104,Elijah Burress,0.0,0.0,0.0,0.0,33.0,3.0,0.0,0.0
2026,2,Notre Dame,Rice,5218507,Matt Jeffery,0.0,0.0,0.0,0.0,28.0,2.0,0.0,0.0
2026,2,Notre Dame,Rice,5271466,Devin Fitzgerald,0.0,0.0,0.0,0.0,20.0,1.0,0.0,0.0
2026,2,Notre Dame,Rice,5280155,Teddy Jarrard,2.0,2.0,0.0,29.0,0.0,0.0,0.0,0.0
2026,2,Ohio,Jacksonville State,-7006, Team,0.0,1.0,0.0,0.0,0.0,0.0,0.0,0.0
2026,2,Ohio,Jacksonville State,4873234,Victor Rosa,0.0,0.0,0.0,0.0,4.0,2.0,8.0,17.0
2026,2,Ohio,Jacksonville State,5031158,Andrew Metzger,0.0,0.0,0.0,0.0,18.0,1.0,0.0,0.0
2026,2,Ohio,Jacksonville State,5167252,Duncan Brune,0.0,0.0,0.0,0.0,23.0,2.0,18.0,66.0
2026,2,Ohio,Jacksonville State,5171031,Matt Vezza,10.0,12.0,1.0,80.0,0.0,0.0,12.0,67.0
2026,2,Ohio,Jacksonville State,5193110,Dom Dorwart,0.0,0.0,0.0,0.0,17.0,2.0,0.0,0.0
2026,2,Ohio,Jacksonville State,5211691,Preston Bowman,0.0,0.0,0.0,0.0,-3.0,1.0,2.0,1.0
2026,2,Ohio,Jacksonville State,5221306,Jake Furtney,0.0,0.0,0.0,0.0,0.0,1.0,0.0,0.0
2026,2,Ohio,Jacksonville State,5228762,Nick Poulos,2.0,5.0,0.0,16.0,0.0,0.0,4.0,11.0
2026,2,Ohio,Jacksonville State,5228764,Riley Neer,0.0,0.0,0.0,0.0,38.0,4.0,0.0,0.0
2026,2,Ohio,Jacksonville State,5244755,Levi Davis,1.0,2.0,0.0,1.0,0.0,0.0,2.0,3.0
2026,2,Ohio State,Texas,4870835,Brandon Inniss,0.0,0.0,0.0,0.0,19.0,1.0,0.0,0.0
2026,2,Ohio State,Texas,5076952,Devin Mccuin,0.0,0.0,0.0,0.0,5.0,1.0,0.0,0.0
2026,2,Ohio State,Texas,5079712,Julian Sayin,17.0,32.0,1.0,278.0,0.0,0.0,4.0,-7.0
2026,2,Ohio State,Texas,5079720,Jeremiah Smith,0.0,0.0,0.0,0.0,164.0,8.0,0.0,0.0
2026,2,Ohio State,Texas,5081611,Mason Williams,0.0,0.0,0.0,0.0,29.0,2.0,0.0,0.0
2026,2,Ohio State,Texas,5141517,Bo Jackson,0.0,0.0,0.0,0.0,37.0,4.0,19.0,74.0
2026,2,Ohio State,Texas,5141656,Nate Roberts,0.0,0.0,0.0,0.0,24.0,1.0,0.0,0.0
2026,2,Ohio State,Texas,5141701,Isaiah West,0.0,0.0,0.0,0.0,0.0,0.0,2.0,7.0
2026,2,Ohio State,Texas,5151892,Ja'Kobi Jackson,0.0,0.0,0.0,0.0,0.0,0.0,5.0,20.0
2026,2,Ohio State,Texas,5182122,Legend Bey,0.0,0.0,0.0,0.0,0.0,0.0,1.0,0.0
2026,2,Oklahoma,Michigan,4907786,Rocky Beers,0.0,0.0,0.0,0.0,94.0,6.0,0.0,0.0
2026,2,Oklahoma,Michigan,4912130,Trell Harris,0.0,0.0,0.0,0.0,43.0,4.0,0.0,0.0
2026,2,Oklahoma,Michigan,4915980,John Mateer,17.0,33.0,1.0,189.0,0.0,0.0,13.0,45.0
2026,2,Oklahoma,Michigan,5079298,Lloyd Avant,0.0,0.0,0.0,0.0,13.0,3.0,9.0,35.0
2026,2,Oklahoma,Michigan,5079556,Parker Livingstone,0.0,0.0,0.0,0.0,8.0,1.0,0.0,0.0
2026,2,Oklahoma,Michigan,5080703,Isaiah Sategna,0.0,0.0,0.0,0.0,9.0,2.0,3.0,11.0
2026,2,Oklahoma,Michigan,5122554,Xavier Robinson,0.0,0.0,0.0,0.0,0.0,0.0,3.0,6.0
2026,2,Oklahoma,Michigan,5141386,Tory Blaylock,0.0,0.0,0.0,0.0,0.0,0.0,1.0,3.0
2026,2,Oklahoma,Michigan,5228149,Mackenzie Alleyne,0.0,0.0,0.0,0.0,22.0,1.0,0.0,0.0
2026,2,Oklahoma State,Oregon,-7029, Team,0.0,0.0,0.0,0.0,0.0,0.0,3.0,-7.0
2026,2,Oklahoma State,Oregon,4875861,Ayo Adeyi,0.0,0.0,0.0,0.0,5.0,1.0,5.0,24.0
2026,2,Oklahoma State,Oregon,5075914,Isaiah Chisom,0.0,0.0,0.0,0.0,0.0,0.0,1.0,-5.0
2026,2,Oklahoma State,Oregon,5083747,Justin Bowick,0.0,0.0,0.0,0.0,81.0,5.0,0.0,0.0
2026,2,Oklahoma State,Oregon,5083966,Morgan McPhaul,0.0,0.0,0.0,0.0,6.0,1.0,0.0,0.0
2026,2,Oklahoma State,Oregon,5148787,Wyatt Young,0.0,0.0,0.0,0.0,121.0,5.0,0.0,0.0
2026,2,Oklahoma State,Oregon,5148822,Chris Barnes,0.0,0.0,0.0,0.0,51.0,2.0,0.0,0.0
2026,2,Oklahoma State,Oregon,5149007,Miles Coleman,0.0,0.0,0.0,0.0,14.0,3.0,0.0,0.0
2026,2,Oklahoma State,Oregon,5207931,Terrence Lewis,0.0,0.0,0.0,0.0,37.0,5.0,0.0,0.0
2026,2,Oklahoma State,Oregon,5219834,Drew Mestemaker,26.0,43.0,2.0,317.0,0.0,0.0,6.0,109.0
2026,2,Oklahoma State,Oregon,5224505,Tre Page III,0.0,0.0,0.0,0.0,0.0,0.0,2.0,6.0
2026,2,Oklahoma State,Oregon,5228041,Carson Kolb,0.0,0.0,0.0,0.0,4.0,2.0,0.0,0.0
2026,2,Oklahoma State,Oregon,5258016,Caleb Hawkins,0.0,0.0,0.0,0.0,-2.0,2.0,23.0,110.0
2026,2,Old Dominion,Virginia Tech,-88752, Team,0.0,0.0,0.0,0.0,0.0,0.0,1.0,-5.0
2026,2,Old Dominion,Virginia Tech,4832875,Leon Haughton Jr.,0.0,0.0,0.0,0.0,7.0,1.0,0.0,0.0
2026,2,Old Dominion,Virginia Tech,4922993,Devin Roche,0.0,0.0,0.0,0.0,0.0,0.0,9.0,45.0
2026,2,Old Dominion,Virginia Tech,5078274,Lonnie Johnson,0.0,0.0,0.0,0.0,8.0,1.0,0.0,0.0
2026,2,Old Dominion,Virginia Tech,5127805,JJ Harrell,0.0,0.0,0.0,0.0,36.0,3.0,0.0,0.0
2026,2,Old Dominion,Virginia Tech,5153408,Kendall Harris,0.0,0.0,0.0,0.0,24.0,2.0,0.0,0.0
2026,2,Old Dominion,Virginia Tech,5193346,Quinn Henicle,13.0,21.0,1.0,187.0,0.0,0.0,16.0,83.0
2026,2,Old Dominion,Virginia Tech,5294446,Trey Hall,0.0,0.0,0.0,0.0,0.0,0.0,3.0,2.0
2026,2,Old Dominion,Virginia Tech,5295921,Josh Rodriguez,0.0,0.0,0.0,0.0,89.0,3.0,0.0,0.0
2026,2,Old Dominion,Virginia Tech,5295923,TJ Johnson,0.0,0.0,0.0,0.0,23.0,3.0,0.0,0.0
2026,2,Old Dominion,Virginia Tech,5394557,Ja'Varien Salter,0.0,0.0,0.0,0.0,0.0,0.0,2.0,-2.0
2026,2,Ole Miss,Charlotte,4711408,Horatio Fields,0.0,0.0,0.0,0.0,66.0,4.0,0.0,0.0
2026,2,Ole Miss,Charlotte,4870656,Johntay Cook II,0.0,0.0,0.0,0.0,12.0,2.0,1.0,-3.0
2026,2,Ole Miss,Charlotte,4870797,Luke Hasz,0.0,0.0,0.0,0.0,6.0,2.0,0.0,0.0
2026,2,Ole Miss,Charlotte,4870912,Traylon Ray,0.0,0.0,0.0,0.0,26.0,2.0,0.0,0.0
2026,2,Ole Miss,Charlotte,4911529,Trinidad Chambliss,23.0,26.0,2.0,225.0,0.0,0.0,3.0,2.0
2026,2,Ole Miss,Charlotte,5084286,Makhi Frazier,0.0,0.0,0.0,0.0,0.0,0.0,2.0,11.0
2026,2,Ole Miss,Charlotte,5086388,Kewan Lacy,0.0,0.0,0.0,0.0,-1.0,1.0,13.0,87.0
2026,2,Ole Miss,Charlotte,5125819,Darrell Gill Jr.,0.0,0.0,0.0,0.0,9.0,1.0,0.0,0.0
2026,2,Ole Miss,Charlotte,5141359,Dillon Alfred,0.0,0.0,0.0,0.0,34.0,1.0,0.0,0.0
2026,2,Ole Miss,Charlotte,5141506,Deuce Knight,4.0,8.0,0.0,68.0,0.0,0.0,4.0,27.0
2026,2,Ole Miss,Charlotte,5152158,Deuce Alexander,0.0,0.0,0.0,0.0,76.0,8.0,0.0,0.0
2026,2,Ole Miss,Charlotte,5209688,JT Lindsey,0.0,0.0,0.0,0.0,0.0,0.0,1.0,3.0
2026,2,Ole Miss,Charlotte,5224178,Caleb Cunningham,0.0,0.0,0.0,0.0,65.0,6.0,0.0,0.0
2026,2,Oregon,Oklahoma State,4685565,Evan Stewart,0.0,0.0,0.0,0.0,78.0,4.0,0.0,0.0
2026,2,Oregon,Oklahoma State,4870921,Dante Moore,14.0,29.0,2.0,191.0,0.0,0.0,6.0,-9.0
2026,2,Oregon,Oklahoma State,5079519,Jeremiah McClellan,0.0,0.0,0.0,0.0,20.0,1.0,0.0,0.0
2026,2,Oregon,Oklahoma State,5141423,Jordon Davison,0.0,0.0,0.0,0.0,0.0,0.0,8.0,23.0
2026,2,Oregon,Oklahoma State,5141499,Dierre Hill Jr.,0.0,0.0,0.0,0.0,8.0,2.0,15.0,74.0
2026,2,Oregon,Oklahoma State,5141586,Dakorien Moore,0.0,0.0,0.0,0.0,45.0,3.0,0.0,0.0
2026,2,Oregon,Oklahoma State,5146711,Da'Jaun Riggs,0.0,0.0,0.0,0.0,0.0,0.0,1.0,2.0
2026,2,Oregon,Oklahoma State,5201878,Andrew Olesh,0.0,0.0,0.0,0.0,9.0,1.0,0.0,0.0
2026,2,Oregon,Oklahoma State,5211889,Messiah Hampton,0.0,0.0,0.0,0.0,31.0,3.0,0.0,0.0
2026,2,Oregon State,Texas Tech,4869821,D.C. Temple,0.0,0.0,0.0,0.0,15.0,2.0,0.0,0.0
2026,2,Oregon State,Texas Tech,4870629,Jackson Bowers,0.0,0.0,0.0,0.0,8.0,1.0,0.0,0.0
2026,2,Oregon State,Texas Tech,4879572,Gabe Milbourn,0.0,0.0,0.0,0.0,3.0,2.0,0.0,0.0
2026,2,Oregon State,Texas Tech,4917981,AJ Newberry,1.0,1.0,1.0,4.0,43.0,5.0,5.0,8.0
2026,2,Oregon State,Texas Tech,5079357,Aaron Butler,0.0,0.0,0.0,0.0,41.0,4.0,1.0,20.0
2026,2,Oregon State,Texas Tech,5085883,Jake Reichle,0.0,0.0,0.0,0.0,10.0,1.0,4.0,14.0
2026,2,Oregon State,Texas Tech,5088952,Eric Olsen,0.0,0.0,0.0,0.0,3.0,3.0,0.0,0.0
2026,2,Oregon State,Texas Tech,5167313,Cornell Hatcher Jr.,0.0,0.0,0.0,0.0,0.0,0.0,4.0,17.0
2026,2,Oregon State,Texas Tech,5212654,Braden Atkinson,31.0,51.0,2.0,413.0,4.0,1.0,2.0,-13.0
2026,2,Oregon State,Texas Tech,5289510,Jesse Legree,0.0,0.0,0.0,0.0,240.0,8.0,0.0,0.0
2026,2,Oregon State,Texas Tech,5293573,Aeryn Hampton,0.0,0.0,0.0,0.0,50.0,4.0,0.0,0.0
2026,2,Oregon State,Texas Tech,5296163,Brady Jones,0.0,0.0,0.0,0.0,0.0,0.0,3.0,9.0
2026,2,Oregon State,Texas Tech,5325545,Tre Garrison,0.0,0.0,0.0,0.0,0.0,1.0,0.0,0.0
2026,2,Penn State,Temple,4801299,Rocco Becht,21.0,27.0,3.0,268.0,0.0,0.0,5.0,11.0
2026,2,Penn State,Temple,4870608,Benjamin Brahmer,0.0,0.0,0.0,0.0,79.0,5.0,0.0,0.0
2026,2,Penn State,Temple,4899484,Andrew Rappleyea,0.0,0.0,0.0,0.0,5.0,1.0,0.0,0.0
2026,2,Penn State,Temple,4912067,Chase Sowell,0.0,0.0,0.0,0.0,58.0,5.0,0.0,0.0
2026,2,Penn State,Temple,5077502,Carson Hansen,0.0,0.0,0.0,0.0,13.0,2.0,19.0,84.0
2026,2,Penn State,Temple,5110454,James Peoples,0.0,0.0,0.0,0.0,0.0,0.0,7.0,42.0
2026,2,Penn State,Temple,5121541,Cam Wallace,0.0,0.0,0.0,0.0,0.0,0.0,1.0,2.0
2026,2,Penn State,Temple,5141525,Koby Howard,0.0,0.0,0.0,0.0,68.0,3.0,1.0,4.0
2026,2,Penn State,Temple,5148535,Brett Eskildsen,0.0,0.0,0.0,0.0,11.0,2.0,0.0,0.0
2026,2,Penn State,Temple,5164316,Alex Manske,0.0,0.0,0.0,0.0,0.0,0.0,1.0,5.0
2026,2,Penn State,Temple,5296212,Zay Robinson,0.0,0.0,0.0,0.0,34.0,3.0,0.0,0.0
2026,2,Pittsburgh,UCF,-7111, Team,0.0,0.0,0.0,0.0,0.0,0.0,3.0,-4.0
2026,2,Pittsburgh,UCF,4683234,La'Vell Wright,0.0,0.0,0.0,0.0,28.0,2.0,13.0,35.0
2026,2,Pittsburgh,UCF,5083135,Carson Kent,0.0,0.0,0.0,0.0,5.0,1.0,0.0,0.0
2026,2,Pittsburgh,UCF,5089539,Censere Lee,0.0,0.0,0.0,0.0,18.0,2.0,0.0,0.0
2026,2,Pittsburgh,UCF,5089549,Malik Knight,0.0,0.0,0.0,0.0,20.0,2.0,0.0,0.0
2026,2,Pittsburgh,UCF,5102556,Cataurus Hicks,0.0,0.0,0.0,0.0,64.0,3.0,0.0,0.0
2026,2,Pittsburgh,UCF,5158978,Damon Ferguson Jr.,0.0,0.0,0.0,0.0,27.0,3.0,20.0,59.0
2026,2,Pittsburgh,UCF,5208095,Mason Heintschel,18.0,29.0,0.0,212.0,0.0,0.0,7.0,13.0
2026,2,Pittsburgh,UCF,5210164,Bryce Yates,0.0,0.0,0.0,0.0,27.0,2.0,0.0,0.0
2026,2,Pittsburgh,UCF,5212611,Tony Kinsler,0.0,0.0,0.0,0.0,6.0,1.0,0.0,0.0
2026,2,Pittsburgh,UCF,5296040,Elijah Lagg,0.0,0.0,0.0,0.0,17.0,2.0,0.0,0.0
2026,2,Portland State,North Dakota,4613112,Terence Loville,0.0,0.0,0.0,0.0,71.0,3.0,0.0,0.0
2026,2,Portland State,North Dakota,5079692,Jason Robinson Jr.,0.0,0.0,0.0,0.0,7.0,1.0,0.0,0.0
2026,2,Portland State,North Dakota,5085598,Tanner Beaman,0.0,0.0,0.0,0.0,55.0,8.0,0.0,0.0
2026,2,Portland State,North Dakota,5152778,Gabe Downing,23.0,39.0,3.0,233.0,0.0,0.0,6.0,12.0
2026,2,Portland State,North Dakota,5152791,Delon Thompson,0.0,0.0,0.0,0.0,13.0,1.0,14.0,58.0
2026,2,Portland State,North Dakota,5225571,Cru Newman,0.0,0.0,0.0,0.0,31.0,7.0,1.0,0.0
2026,2,Portland State,North Dakota,5414672,Darius Bailey,0.0,0.0,0.0,0.0,56.0,3.0,0.0,0.0
2026,2,Portland State,North Dakota,5441318,Zui Shelton,0.0,0.0,0.0,0.0,0.0,0.0,1.0,10.0
2026,2,Portland State,North Dakota,5441326,Niall Raby,0.0,0.0,0.0,0.0,0.0,0.0,7.0,31.0
2026,2,Prairie View A&M,Baylor,4692968,Travon Jones,0.0,0.0,0.0,0.0,2.0,1.0,0.0,0.0
2026,2,Prairie View A&M,Baylor,4801301,Tevin Carter,14.0,25.0,0.0,74.0,0.0,0.0,7.0,9.0
2026,2,Prairie View A&M,Baylor,5084291,Damien McDaniel,0.0,0.0,0.0,0.0,-4.0,3.0,0.0,0.0
2026,2,Prairie View A&M,Baylor,5086052,Chaney Fitzgerald,0.0,0.0,0.0,0.0,8.0,1.0,0.0,0.0
2026,2,Prairie View A&M,Baylor,5088564,Ellis Bynum,0.0,0.0,0.0,0.0,0.0,0.0,1.0,4.0
2026,2,Prairie View A&M,Baylor,5227685,Rodny Ojo,0.0,0.0,0.0,0.0,10.0,1.0,0.0,0.0
2026,2,Prairie View A&M,Baylor,5227686,Chase Bingmon,0.0,0.0,0.0,0.0,0.0,0.0,6.0,7.0
2026,2,Prairie View A&M,Baylor,5296571,Toric Goins Jr.,0.0,0.0,0.0,0.0,10.0,2.0,0.0,0.0
2026,2,Prairie View A&M,Baylor,5301345,Braylon Finney,0.0,0.0,0.0,0.0,5.0,1.0,0.0,0.0
2026,2,Prairie View A&M,Baylor,5425111,Kaeden Smith,0.0,2.0,0.0,0.0,0.0,0.0,3.0,-1.0
2026,2,Prairie View A&M,Baylor,5438084,Zayvion Turner-Knox,0.0,0.0,0.0,0.0,5.0,2.0,4.0,12.0
2026,2,Prairie View A&M,Baylor,5441891,Ky'Yon Harris,0.0,0.0,0.0,0.0,38.0,3.0,4.0,5.0
2026,2,Purdue,Wake Forest,-7156, Team,0.0,0.0,0.0,0.0,0.0,0.0,1.0,-6.0
2026,2,Purdue,Wake Forest,4431647,Chauncey Magwood,0.0,0.0,0.0,0.0,77.0,5.0,1.0,18.0
2026,2,Purdue,Wake Forest,4702561,De'Nylon Morrissette,0.0,0.0,0.0,0.0,26.0,2.0,0.0,0.0
2026,2,Purdue,Wake Forest,4808767,Xavier Townsend,0.0,0.0,0.0,0.0,58.0,6.0,0.0,0.0
2026,2,Purdue,Wake Forest,4871062,Asaad Waseem,0.0,0.0,0.0,0.0,65.0,6.0,0.0,0.0
2026,2,Purdue,Wake Forest,5075912,George Burhenn,0.0,0.0,0.0,0.0,17.0,2.0,0.0,0.0
2026,2,Purdue,Wake Forest,5079410,Jerrick Gibson,0.0,0.0,0.0,0.0,0.0,0.0,2.0,6.0
2026,2,Purdue,Wake Forest,5079569,Luca Puccinelli,0.0,0.0,0.0,0.0,18.0,1.0,0.0,0.0
2026,2,Purdue,Wake Forest,5104738,Ryan Browne,32.0,42.0,1.0,329.0,0.0,0.0,6.0,-10.0
2026,2,Purdue,Wake Forest,5218961,Fame Ijeboi,0.0,0.0,0.0,0.0,42.0,6.0,27.0,114.0
2026,2,Purdue,Wake Forest,5227400,Travis Terrell Jr.,0.0,0.0,0.0,0.0,16.0,2.0,3.0,4.0
2026,2,Purdue,Wake Forest,5276670,Ar'mari Towns,0.0,0.0,0.0,0.0,10.0,2.0,0.0,0.0
2026,2,Rhode Island,Elon,4432404,Jamall Mensah,0.0,0.0,0.0,0.0,35.0,2.0,0.0,0.0
2026,2,Rhode Island,Elon,4602644,Brendon Barrow,0.0,0.0,0.0,0.0,22.0,3.0,14.0,46.0
2026,2,Rhode Island,Elon,4685358,Kevin Green Jr.,0.0,0.0,0.0,0.0,39.0,2.0,0.0,0.0
2026,2,Rhode Island,Elon,5079657,Gabe Winowich,0.0,0.0,0.0,0.0,0.0,0.0,4.0,7.0
2026,2,Rhode Island,Elon,5083393,Marquis Buchanan,0.0,0.0,0.0,0.0,25.0,4.0,0.0,0.0
2026,2,Rhode Island,Elon,5087090,Aboraa Kwarteng,0.0,0.0,0.0,0.0,57.0,4.0,0.0,0.0
2026,2,Rhode Island,Elon,5145592,Tyler Budge,15.0,28.0,2.0,178.0,0.0,0.0,12.0,34.0
2026,2,Rhode Island,Elon,5153973,Alvarez Baker,0.0,0.0,0.0,0.0,0.0,0.0,1.0,-1.0
2026,2,Rhode Island,Elon,5301083,Terrence Campbell,0.0,0.0,0.0,0.0,0.0,0.0,9.0,22.0
2026,2,Rice,Notre Dame,-7187, Team,0.0,0.0,0.0,0.0,0.0,0.0,1.0,-4.0
2026,2,Rice,Notre Dame,4685291,Jacurri Brown,8.0,12.0,0.0,64.0,0.0,0.0,16.0,32.0
2026,2,Rice,Notre Dame,4868249,Davis Lane,0.0,0.0,0.0,0.0,0.0,0.0,1.0,-1.0
2026,2,Rice,Notre Dame,4869581,Braylen Walker,0.0,0.0,0.0,0.0,12.0,2.0,0.0,0.0
2026,2,Rice,Notre Dame,4923288,Barry Jackson Jr.,0.0,0.0,0.0,0.0,30.0,1.0,0.0,0.0
2026,2,Rice,Notre Dame,5144288,Ben Grice,0.0,0.0,0.0,0.0,-8.0,2.0,0.0,0.0
2026,2,Rice,Notre Dame,5151280,Chris Bruce,0.0,0.0,0.0,0.0,19.0,1.0,0.0,0.0
2026,2,Rice,Notre Dame,5207925,Tyvonn Byars,0.0,0.0,0.0,0.0,0.0,0.0,7.0,24.0
2026,2,Rice,Notre Dame,5207930,DAndre Hardeman Jr.,0.0,0.0,0.0,0.0,0.0,0.0,9.0,13.0
2026,2,Rice,Notre Dame,5236325,Payton Matthews,0.0,0.0,0.0,0.0,6.0,1.0,0.0,0.0
2026,2,Rice,Notre Dame,5265445,Jordan Clark,0.0,0.0,0.0,0.0,5.0,1.0,0.0,0.0
2026,2,Richmond,NC State,5083372,Quanye Veney,0.0,0.0,0.0,0.0,11.0,1.0,1.0,-13.0
2026,2,Richmond,NC State,5083373,Ashten Snelsire,8.0,23.0,0.0,76.0,0.0,0.0,0.0,0.0
2026,2,Richmond,NC State,5083381,Sean Clarke,0.0,0.0,0.0,0.0,14.0,3.0,0.0,0.0
2026,2,Richmond,NC State,5150671,Jaden Fair,0.0,0.0,0.0,0.0,6.0,1.0,0.0,0.0
2026,2,Richmond,NC State,5153983,Aziz Foster-Powell,0.0,0.0,0.0,0.0,0.0,0.0,1.0,-1.0
2026,2,Richmond,NC State,5299848,Michael Creamer,0.0,0.0,0.0,0.0,23.0,1.0,2.0,4.0
2026,2,Richmond,NC State,5299849,Jack Callaghan,0.0,4.0,0.0,0.0,0.0,0.0,4.0,-14.0
2026,2,Richmond,NC State,5299858,Warrick Stephenson,0.0,0.0,0.0,0.0,0.0,0.0,14.0,58.0
2026,2,Richmond,NC State,5402260,Bryce Allen,0.0,0.0,0.0,0.0,22.0,2.0,0.0,0.0
2026,2,Robert Morris,Akron,4832789,Carson Haggard,19.0,28.0,1.0,179.0,0.0,0.0,3.0,-5.0
2026,2,Robert Morris,Akron,5150518,Tyler Evans,0.0,0.0,0.0,0.0,4.0,1.0,0.0,0.0
2026,2,Robert Morris,Akron,5151680,Galen Combs,0.0,0.0,0.0,0.0,119.0,9.0,0.0,0.0
2026,2,Robert Morris,Akron,5198314,Xavier Goulbourne,0.0,0.0,0.0,0.0,0.0,0.0,4.0,5.0
2026,2,Robert Morris,Akron,5227169,Keino Fitzpatrick II,0.0,0.0,0.0,0.0,14.0,2.0,10.0,11.0
2026,2,Robert Morris,Akron,5298324,Jaqai Carter,0.0,0.0,0.0,0.0,15.0,3.0,0.0,0.0
2026,2,Robert Morris,Akron,5298328,Cooper Panteck,1.0,2.0,0.0,1.0,0.0,0.0,0.0,0.0
2026,2,Robert Morris,Akron,5298352,Noah Schaerli,0.0,0.0,0.0,0.0,11.0,1.0,0.0,0.0
2026,2,Robert Morris,Akron,5303389,Tyreke Jinks,0.0,0.0,0.0,0.0,9.0,2.0,0.0,0.0
2026,2,Robert Morris,Akron,5405829,Kendric Thomas,0.0,0.0,0.0,0.0,7.0,1.0,1.0,3.0
2026,2,Robert Morris,Akron,5405830,Isaac Matthews IV,0.0,0.0,0.0,0.0,0.0,0.0,1.0,0.0
2026,2,Robert Morris,Akron,5438540,Attawan Mays,0.0,0.0,0.0,0.0,1.0,1.0,0.0,0.0
2026,2,Rutgers,Boston College,5074243,Logan Blake,0.0,0.0,0.0,0.0,5.0,1.0,0.0,0.0
2026,2,Rutgers,Boston College,5079717,AJ Surace,18.0,27.0,3.0,230.0,0.0,0.0,7.0,-16.0
2026,2,Rutgers,Boston College,5084771,KJ Duff,0.0,0.0,0.0,0.0,137.0,8.0,0.0,0.0
2026,2,Rutgers,Boston College,5147046,Ben Black,0.0,0.0,0.0,0.0,30.0,2.0,0.0,0.0
2026,2,Rutgers,Boston College,5209945,Antwan Raymond,0.0,0.0,0.0,0.0,18.0,2.0,27.0,134.0
2026,2,Rutgers,Boston College,5214940,Jourdin Houston,0.0,0.0,0.0,0.0,40.0,5.0,0.0,0.0
2026,2,Rutgers,Boston College,5296378,Clay Thevenin,0.0,0.0,0.0,0.0,0.0,0.0,7.0,36.0
2026,2,SE Louisiana,North Alabama,-15611, Team,0.0,0.0,0.0,0.0,0.0,0.0,4.0,-4.0
2026,2,SE Louisiana,North Alabama,4685440,Kyle Lowe,13.0,25.0,3.0,229.0,0.0,0.0,11.0,73.0
2026,2,SE Louisiana,North Alabama,5154811,Deantre Jackson,0.0,0.0,0.0,0.0,41.0,2.0,4.0,23.0
2026,2,SE Louisiana,North Alabama,5154831,Tristan Goodly,0.0,0.0,0.0,0.0,16.0,2.0,0.0,0.0
2026,2,SE Louisiana,North Alabama,5226756,Dkhai Joseph,0.0,0.0,0.0,0.0,141.0,7.0,0.0,0.0
2026,2,SE Louisiana,North Alabama,5301240,Kyree Paul,0.0,0.0,0.0,0.0,34.0,2.0,4.0,9.0
2026,2,SE Louisiana,North Alabama,5301244,Calvin Smith Jr.,0.0,0.0,0.0,0.0,0.0,0.0,9.0,33.0
2026,2,SE Louisiana,North Alabama,5303488,Chad Elzy Jr,0.0,0.0,0.0,0.0,0.0,0.0,4.0,4.0
2026,2,SE Louisiana,North Alabama,5405591,Lawson Dixon,0.0,0.0,0.0,0.0,6.0,1.0,0.0,0.0
2026,2,SE Louisiana,North Alabama,5405607,Issac Mooring III,1.0,1.0,0.0,9.0,0.0,0.0,0.0,0.0
2026,2,SMU,UC Davis,4870776,Jalen Hale,0.0,0.0,0.0,0.0,51.0,1.0,0.0,0.0
2026,2,SMU,UC Davis,4870843,Theo Melin Ohrstrom,0.0,0.0,0.0,0.0,25.0,3.0,0.0,0.0
2026,2,SMU,UC Davis,4870954,Randy Pittman,0.0,0.0,0.0,0.0,2.0,1.0,1.0,5.0
2026,2,SMU,UC Davis,4899368,Kendrick Raphael,0.0,0.0,0.0,0.0,23.0,1.0,3.0,3.0
2026,2,SMU,UC Davis,4920161,Tripp Riordan,0.0,0.0,0.0,0.0,15.0,2.0,0.0,0.0
2026,2,SMU,UC Davis,5079523,Derrick McFall,0.0,0.0,0.0,0.0,57.0,2.0,6.0,46.0
2026,2,SMU,UC Davis,5084084,Kevin Jennings,14.0,16.0,5.0,337.0,0.0,0.0,3.0,5.0
2026,2,SMU,UC Davis,5084086,Charlie Fiser,1.0,2.0,0.0,8.0,0.0,0.0,0.0,0.0
2026,2,SMU,UC Davis,5121750,Yamir Knight,0.0,0.0,0.0,0.0,62.0,3.0,0.0,0.0
2026,2,SMU,UC Davis,5141487,Ty Hawkins,11.0,13.0,2.0,104.0,0.0,0.0,3.0,15.0
2026,2,SMU,UC Davis,5155519,Yannick Smith,0.0,0.0,0.0,0.0,44.0,1.0,0.0,0.0
2026,2,SMU,UC Davis,5159083,Zack Turner,0.0,0.0,0.0,0.0,53.0,3.0,0.0,0.0
2026,2,SMU,UC Davis,5160121,William Fierro,0.0,0.0,0.0,0.0,1.0,1.0,4.0,0.0
2026,2,SMU,UC Davis,5161878,Cole Leinart,1.0,1.0,0.0,5.0,0.0,0.0,0.0,0.0
2026,2,SMU,UC Davis,5164352,Carterrious Brown,0.0,0.0,0.0,0.0,23.0,2.0,0.0,0.0
2026,2,SMU,UC Davis,5207842,Jalen Cooper,0.0,0.0,0.0,0.0,42.0,1.0,0.0,0.0
2026,2,SMU,UC Davis,5207927,Dramekco Green,0.0,0.0,0.0,0.0,31.0,1.0,4.0,19.0
2026,2,SMU,UC Davis,5216561,Jakai Anderson,0.0,0.0,0.0,0.0,13.0,2.0,0.0,0.0
2026,2,SMU,UC Davis,5245414,Aljour Miles II,0.0,0.0,0.0,0.0,3.0,1.0,0.0,0.0
2026,2,SMU,UC Davis,5381512,Jordyn Adams,0.0,0.0,0.0,0.0,9.0,2.0,0.0,0.0
2026,2,Sacramento State,Fresno State,4912040,Jordan Williams,0.0,0.0,0.0,0.0,9.0,2.0,0.0,0.0
2026,2,Sacramento State,Fresno State,5082587,Matthew Coleman,0.0,0.0,0.0,0.0,47.0,4.0,0.0,0.0
2026,2,Sacramento State,Fresno State,5083848,Jamar Curtis,0.0,0.0,0.0,0.0,0.0,0.0,9.0,48.0
2026,2,Sacramento State,Fresno State,5084459,Cincere Rhaney,0.0,0.0,0.0,0.0,0.0,0.0,5.0,13.0
2026,2,Sacramento State,Fresno State,5152796,Onterrio Smith Jr.,0.0,0.0,0.0,0.0,66.0,4.0,0.0,0.0
2026,2,Sacramento State,Fresno State,5158748,Jackson Sharman,15.0,31.0,0.0,150.0,0.0,0.0,5.0,-8.0
2026,2,Sacramento State,Fresno State,5158759,Raiden Brown,0.0,0.0,0.0,0.0,11.0,1.0,0.0,0.0
2026,2,Sacramento State,Fresno State,5161820,Isaiah Ene,0.0,0.0,0.0,0.0,8.0,2.0,3.0,18.0
2026,2,Sacramento State,Fresno State,5225846,Kyle Koontz,0.0,0.0,0.0,0.0,8.0,1.0,0.0,0.0
2026,2,Sacramento State,Fresno State,5301029,Elias Brown,0.0,0.0,0.0,0.0,0.0,0.0,3.0,10.0
2026,2,Sacramento State,Fresno State,5310132,Daniel Swinney,0.0,0.0,0.0,0.0,1.0,1.0,9.0,31.0
2026,2,Sacred Heart,Massachusetts,-12170, Team,0.0,0.0,0.0,0.0,0.0,0.0,1.0,-1.0
2026,2,Sacred Heart,Massachusetts,5081076,Jimmy Casey,0.0,0.0,0.0,0.0,11.0,1.0,0.0,0.0
2026,2,Sacred Heart,Massachusetts,5087095,Justin Bloise,0.0,0.0,0.0,0.0,10.0,1.0,0.0,0.0
2026,2,Sacred Heart,Massachusetts,5165909,Jason Palmieri,0.0,0.0,0.0,0.0,46.0,5.0,0.0,0.0
2026,2,Sacred Heart,Massachusetts,5165911,John Michalski,3.0,5.0,0.0,50.0,0.0,0.0,1.0,7.0
2026,2,Sacred Heart,Massachusetts,5165931,Nicholas Yanchuk,0.0,0.0,0.0,0.0,0.0,0.0,6.0,28.0
2026,2,Sacred Heart,Massachusetts,5165947,Tom Ligi,0.0,0.0,0.0,0.0,0.0,0.0,2.0,2.0
2026,2,Sacred Heart,Massachusetts,5225700,Jack Snyder,11.0,16.0,0.0,77.0,0.0,0.0,7.0,24.0
2026,2,Sacred Heart,Massachusetts,5225702,Cole Snider,0.0,0.0,0.0,0.0,11.0,1.0,1.0,1.0
2026,2,Sacred Heart,Massachusetts,5225703,Chuck Webb,0.0,0.0,0.0,0.0,7.0,2.0,8.0,24.0
2026,2,Sacred Heart,Massachusetts,5225710,Dean Hangey,0.0,0.0,0.0,0.0,5.0,1.0,0.0,0.0
2026,2,Sacred Heart,Massachusetts,5298399,Steven Dowdy Jr.,0.0,0.0,0.0,0.0,18.0,2.0,3.0,5.0
2026,2,Sacred Heart,Massachusetts,5298400,Dameon Crosby,3.0,4.0,0.0,33.0,0.0,0.0,4.0,24.0
2026,2,Sacred Heart,Massachusetts,5298427,DJ Williams,0.0,0.0,0.0,0.0,15.0,2.0,5.0,23.0
2026,2,Sacred Heart,Massachusetts,5442389,Darius Chukwuemeka,0.0,0.0,0.0,0.0,37.0,2.0,4.0,6.0
2026,2,Sam Houston,Tulsa,-7268, Team,0.0,1.0,0.0,0.0,0.0,0.0,0.0,0.0
2026,2,Sam Houston,Tulsa,4568237,Matt Smith,0.0,0.0,0.0,0.0,5.0,1.0,0.0,0.0
2026,2,Sam Houston,Tulsa,4680018,Alton McCaskill,0.0,0.0,0.0,0.0,9.0,5.0,14.0,48.0
2026,2,Sam Houston,Tulsa,4695711,Max Whisner,0.0,0.0,0.0,0.0,17.0,3.0,0.0,0.0
2026,2,Sam Houston,Tulsa,4895711,Chris Reed,0.0,0.0,0.0,0.0,93.0,4.0,0.0,0.0
2026,2,Sam Houston,Tulsa,5104888,Grady O'Neill,0.0,0.0,0.0,0.0,62.0,5.0,0.0,0.0
2026,2,Sam Houston,Tulsa,5142319,Kyan Berry-Johnson,0.0,0.0,0.0,0.0,10.0,1.0,0.0,0.0
2026,2,Sam Houston,Tulsa,5148427,Landyn Locke,24.0,34.0,2.0,316.0,0.0,0.0,10.0,-24.0
2026,2,Sam Houston,Tulsa,5160209,Landan Brown,0.0,0.0,0.0,0.0,14.0,2.0,6.0,25.0
2026,2,Sam Houston,Tulsa,5227793,Jerrian Parker,0.0,0.0,0.0,0.0,101.0,2.0,0.0,0.0
2026,2,Sam Houston,Tulsa,5301576,Kamari Maxwell,0.0,0.0,0.0,0.0,5.0,1.0,0.0,0.0
2026,2,Sam Houston,Tulsa,5384797,Brett Holloway,0.0,0.0,0.0,0.0,0.0,0.0,1.0,6.0
2026,2,Samford,Tennessee Tech,4870864,Gabarri Johnson,23.0,49.0,0.0,245.0,0.0,0.0,10.0,-13.0
2026,2,Samford,Tennessee Tech,5081436,Domonique Thomas,0.0,0.0,0.0,0.0,36.0,1.0,5.0,8.0
2026,2,Samford,Tennessee Tech,5224435,Ken Cherry,0.0,0.0,0.0,0.0,14.0,2.0,5.0,21.0
2026,2,Samford,Tennessee Tech,5224444,Maddox McKim,0.0,0.0,0.0,0.0,18.0,3.0,0.0,0.0
2026,2,Samford,Tennessee Tech,5224446,Emerson Russell,0.0,0.0,0.0,0.0,0.0,0.0,2.0,8.0
2026,2,Samford,Tennessee Tech,5224455,Preston Bird,0.0,0.0,0.0,0.0,63.0,9.0,0.0,0.0
2026,2,Samford,Tennessee Tech,5300526,Cam Bland,0.0,0.0,0.0,0.0,0.0,0.0,2.0,14.0
2026,2,Samford,Tennessee Tech,5441426,Cayden Aukerman,0.0,0.0,0.0,0.0,73.0,3.0,0.0,0.0
2026,2,Samford,Tennessee Tech,5441429,Kevonte Corbin,1.0,1.0,0.0,36.0,0.0,0.0,0.0,0.0
2026,2,Samford,Tennessee Tech,5441436,Marquise Henderson,0.0,0.0,0.0,0.0,67.0,4.0,1.0,1.0
2026,2,Samford,Tennessee Tech,5441443,Bryon Martin,0.0,0.0,0.0,0.0,10.0,2.0,0.0,0.0
2026,2,San Diego,Idaho State,-7271, Team,0.0,1.0,0.0,0.0,0.0,0.0,0.0,0.0
2026,2,San Diego,Idaho State,4876243,Elijah Taylor,0.0,0.0,0.0,0.0,34.0,3.0,0.0,0.0
2026,2,San Diego,Idaho State,5093362,Cole Monach,0.0,0.0,0.0,0.0,23.0,2.0,0.0,0.0
2026,2,San Diego,Idaho State,5093363,Adam Criter,0.0,0.0,0.0,0.0,7.0,2.0,16.0,61.0
2026,2,San Diego,Idaho State,5161319,Yosei Takahashi,0.0,0.0,0.0,0.0,18.0,2.0,0.0,0.0
2026,2,San Diego,Idaho State,5165884,Dom Nankil,11.0,22.0,0.0,122.0,0.0,0.0,5.0,3.0
2026,2,San Diego,Idaho State,5226148,Christopher Hall,0.0,0.0,0.0,0.0,32.0,1.0,0.0,0.0
2026,2,San Diego,Idaho State,5232445,CJ Ceron,0.0,3.0,0.0,0.0,0.0,0.0,2.0,57.0
2026,2,San Diego,Idaho State,5300168,Omar Mbakwe,0.0,0.0,0.0,0.0,8.0,1.0,13.0,63.0
2026,2,San Diego,Idaho State,5300171,John Lim,0.0,0.0,0.0,0.0,0.0,0.0,2.0,6.0
2026,2,San Diego,Idaho State,5442974,Zamar Reese,0.0,0.0,0.0,0.0,0.0,0.0,7.0,45.0
2026,2,San Diego State,UCLA,4685311,Jayden Denegal,6.0,17.0,1.0,45.0,0.0,0.0,3.0,-6.0
2026,2,San Diego State,UCLA,4912453,Lucky Sutton,0.0,0.0,0.0,0.0,0.0,0.0,19.0,81.0
2026,2,San Diego State,UCLA,4916888,Bert Emanuel Jr.,0.0,0.0,0.0,0.0,10.0,2.0,1.0,14.0
2026,2,San Diego State,UCLA,5082315,Nathan Acevedo,0.0,0.0,0.0,0.0,6.0,1.0,0.0,0.0
2026,2,San Diego State,UCLA,5143596,Jackson Ford,0.0,0.0,0.0,0.0,19.0,1.0,0.0,0.0
2026,2,San Diego State,UCLA,5164340,Jordin Thomas,0.0,0.0,0.0,0.0,0.0,0.0,3.0,7.0
2026,2,San Diego State,UCLA,5254150,Javion Kinnard,0.0,0.0,0.0,0.0,10.0,1.0,12.0,48.0
2026,2,San Diego State,UCLA,5302259,Draiden Trudeau,0.0,1.0,0.0,0.0,0.0,0.0,0.0,0.0
2026,2,San Diego State,UCLA,5302266,Donovan Brown,0.0,0.0,0.0,0.0,0.0,1.0,0.0,0.0
2026,2,San José State,Cal Poly,4685254,Jabari Bates,0.0,0.0,0.0,0.0,14.0,1.0,27.0,163.0
2026,2,San José State,Cal Poly,4870662,Isaiah Carlson,0.0,0.0,0.0,0.0,0.0,0.0,4.0,20.0
2026,2,San José State,Cal Poly,4920229,Jerry Mcclure,0.0,0.0,0.0,0.0,6.0,2.0,0.0,0.0
2026,2,San José State,Cal Poly,5079299,Jordan Anderson,0.0,0.0,0.0,0.0,44.0,2.0,0.0,0.0
2026,2,San José State,Cal Poly,5151338,Viliami Teu,0.0,0.0,0.0,0.0,0.0,0.0,3.0,28.0
2026,2,San José State,Cal Poly,5151342,Cooper Hoch,0.0,0.0,0.0,0.0,77.0,7.0,0.0,0.0
2026,2,San José State,Cal Poly,5161012,Carson Clark,0.0,0.0,0.0,0.0,81.0,8.0,0.0,0.0
2026,2,San José State,Cal Poly,5214408,Jase Nix,0.0,0.0,0.0,0.0,16.0,2.0,0.0,0.0
2026,2,San José State,Cal Poly,5295238,Luke Weaver,22.0,34.0,3.0,238.0,0.0,0.0,10.0,44.0
2026,2,South Alabama,Tulane,4869553,Bishop Davenport,22.0,32.0,2.0,296.0,0.0,0.0,9.0,50.0
2026,2,South Alabama,Tulane,5075529,Anthony Eager,0.0,0.0,0.0,0.0,64.0,2.0,0.0,0.0
2026,2,South Alabama,Tulane,5079412,Trae'von Dunbar,0.0,0.0,0.0,0.0,17.0,1.0,4.0,15.0
2026,2,South Alabama,Tulane,5124334,PJ Martin,0.0,0.0,0.0,0.0,32.0,4.0,15.0,73.0
2026,2,South Alabama,Tulane,5151368,Micah Woods,0.0,0.0,0.0,0.0,25.0,2.0,0.0,0.0
2026,2,South Alabama,Tulane,5156183,Brendan Jenkins,0.0,0.0,0.0,0.0,119.0,9.0,0.0,0.0
2026,2,South Alabama,Tulane,5220195,Rod Gibbs,0.0,0.0,0.0,0.0,6.0,1.0,0.0,0.0
2026,2,South Alabama,Tulane,5295064,Jeremiah Jones-Thomas,0.0,0.0,0.0,0.0,33.0,2.0,0.0,0.0
2026,2,South Alabama,Tulane,5295070,Keenan Phillips,0.0,0.0,0.0,0.0,0.0,1.0,12.0,44.0
2026,2,South Carolina,Towson,4683210,Brady Hunt,0.0,0.0,0.0,0.0,22.0,3.0,0.0,0.0
2026,2,South Carolina,Towson,4870745,Nyck Harbor,0.0,0.0,0.0,0.0,35.0,2.0,0.0,0.0
2026,2,South Carolina,Towson,4875127,Lanorris Sellers,10.0,23.0,0.0,96.0,0.0,0.0,7.0,119.0
2026,2,South Carolina,Towson,4921292,Isaiah Augustave,0.0,0.0,0.0,0.0,0.0,0.0,3.0,61.0
2026,2,South Carolina,Towson,5079329,Mazeo Bennett,0.0,0.0,0.0,0.0,8.0,2.0,0.0,0.0
2026,2,South Carolina,Towson,5127724,Christian Clark,0.0,0.0,0.0,0.0,0.0,0.0,7.0,27.0
2026,2,South Carolina,Towson,5130792,Nitro Tuggle,0.0,0.0,0.0,0.0,10.0,1.0,0.0,0.0
2026,2,South Carolina,Towson,5141742,Jabree Coleman,0.0,0.0,0.0,0.0,6.0,1.0,6.0,32.0
2026,2,South Carolina,Towson,5145737,Matthew Fuller,0.0,0.0,0.0,0.0,8.0,1.0,11.0,125.0
2026,2,South Carolina,Towson,5151218,Lucian Anderson III,0.0,0.0,0.0,0.0,0.0,0.0,1.0,5.0
2026,2,South Carolina,Towson,5159232,Jawarn Howell,0.0,0.0,0.0,0.0,0.0,0.0,4.0,30.0
2026,2,South Carolina,Towson,5164334,Cutter Woods,1.0,3.0,0.0,1.0,0.0,0.0,2.0,6.0
2026,2,South Carolina,Towson,5280258,Sequel Patterson,0.0,0.0,0.0,0.0,8.0,1.0,0.0,0.0
2026,2,South Carolina State,Virginia State,-7355, Team,1.0,1.0,0.0,12.0,0.0,0.0,3.0,-5.0
2026,2,South Carolina State,Virginia State,5082434,John Grant,0.0,0.0,0.0,0.0,10.0,1.0,0.0,0.0
2026,2,South Carolina State,Virginia State,5096134,Keely Watson,14.0,19.0,1.0,119.0,0.0,0.0,0.0,0.0
2026,2,South Carolina State,Virginia State,5097945,Josh Shaw,0.0,0.0,0.0,0.0,0.0,0.0,6.0,16.0
2026,2,South Carolina State,Virginia State,5125525,Jahzae Kimbrough,0.0,0.0,0.0,0.0,33.0,3.0,0.0,0.0
2026,2,South Carolina State,Virginia State,5159233,Nicholas Brown,0.0,0.0,0.0,0.0,3.0,2.0,0.0,0.0
2026,2,South Carolina State,Virginia State,5159239,Tyler J. Smith,0.0,0.0,0.0,0.0,12.0,2.0,4.0,9.0
2026,2,South Carolina State,Virginia State,5227656,Javion Martin,0.0,0.0,0.0,0.0,0.0,0.0,1.0,9.0
2026,2,South Carolina State,Virginia State,5231378,Darius Thompson,1.0,1.0,0.0,5.0,12.0,2.0,0.0,0.0
2026,2,South Carolina State,Virginia State,5303999,DJ Maultsby,0.0,0.0,0.0,0.0,24.0,3.0,0.0,0.0
2026,2,South Carolina State,Virginia State,5304537,Mason Pickett-Hicks,0.0,0.0,0.0,0.0,31.0,2.0,10.0,112.0
2026,2,South Carolina State,Virginia State,5304541,Julian Milligan,0.0,0.0,0.0,0.0,0.0,0.0,9.0,42.0
2026,2,South Carolina State,Virginia State,5304684,Malik Brightwell,0.0,0.0,0.0,0.0,30.0,1.0,1.0,2.0
2026,2,South Carolina State,Virginia State,5443341,Troy Hillman,0.0,0.0,0.0,0.0,43.0,3.0,0.0,0.0
2026,2,South Carolina State,Virginia State,5443342,Ronnie Robinson,3.0,6.0,2.0,62.0,0.0,0.0,5.0,34.0
2026,2,South Carolina State,Virginia State,5443351,Ricorian Brown,0.0,0.0,0.0,0.0,0.0,0.0,3.0,63.0
2026,2,South Dakota,Eastern Washington,-7358, Team,0.0,0.0,0.0,0.0,0.0,0.0,1.0,-1.0
2026,2,South Dakota,Eastern Washington,4878223,Jackson Proctor,0.0,1.0,0.0,0.0,0.0,0.0,5.0,50.0
2026,2,South Dakota,Eastern Washington,5088421,Charles Pierre Jr.,0.0,0.0,0.0,0.0,21.0,1.0,15.0,138.0
2026,2,South Dakota,Eastern Washington,5088435,Tysen Boze,0.0,0.0,0.0,0.0,44.0,2.0,0.0,0.0
2026,2,South Dakota,Eastern Washington,5111406,Tennel Bryant,0.0,0.0,0.0,0.0,120.0,3.0,0.0,0.0
2026,2,South Dakota,Eastern Washington,5155064,Jesse Miller,0.0,0.0,0.0,0.0,8.0,1.0,0.0,0.0
2026,2,South Dakota,Eastern Washington,5218636,Reid Watkins,0.0,0.0,0.0,0.0,-1.0,1.0,5.0,3.0
2026,2,South Dakota,Eastern Washington,5227941,Keyondray Jones-Logan,0.0,0.0,0.0,0.0,17.0,3.0,8.0,49.0
2026,2,South Dakota,Eastern Washington,5302115,Austyn Modrzewski,16.0,24.0,3.0,245.0,0.0,0.0,3.0,15.0
2026,2,South Dakota,Eastern Washington,5302121,Carson Fletcher,0.0,0.0,0.0,0.0,0.0,0.0,5.0,18.0
2026,2,South Dakota,Eastern Washington,5302124,Chris Herrin,0.0,0.0,0.0,0.0,2.0,1.0,0.0,0.0
2026,2,South Dakota,Eastern Washington,5302130,Brayden White,0.0,0.0,0.0,0.0,34.0,4.0,0.0,0.0
2026,2,South Dakota State,New Haven,-7361, Team,0.0,0.0,0.0,0.0,0.0,0.0,1.0,-1.0
2026,2,South Dakota State,New Haven,4878886,Grahm Goering,0.0,0.0,0.0,0.0,77.0,2.0,0.0,0.0
2026,2,South Dakota State,New Haven,5083545,Coleman Kuntz,0.0,0.0,0.0,0.0,25.0,1.0,0.0,0.0
2026,2,South Dakota State,New Haven,5085784,Chase Mason,12.0,18.0,3.0,255.0,0.0,0.0,4.0,14.0
2026,2,South Dakota State,New Haven,5112719,Greyton Gannon,0.0,0.0,0.0,0.0,65.0,3.0,0.0,0.0
2026,2,South Dakota State,New Haven,5151506,Josh Holst,0.0,3.0,0.0,0.0,0.0,0.0,3.0,1.0
2026,2,South Dakota State,New Haven,5227809,Sammy Dresie,0.0,0.0,0.0,0.0,20.0,1.0,0.0,0.0
2026,2,South Dakota State,New Haven,5227810,Jack Henry,1.0,1.0,0.0,1.0,0.0,0.0,0.0,0.0
2026,2,South Dakota State,New Haven,5227812,Jack Smith,0.0,0.0,0.0,0.0,36.0,3.0,0.0,0.0
2026,2,South Dakota State,New Haven,5227818,Brayden Delahoyde,0.0,0.0,0.0,0.0,19.0,1.0,0.0,0.0
2026,2,South Dakota State,New Haven,5301771,Landon Dulaney,0.0,0.0,0.0,0.0,13.0,1.0,0.0,0.0
2026,2,South Dakota State,New Haven,5301779,Corey Blair Jr.,0.0,0.0,0.0,0.0,0.0,0.0,10.0,42.0
2026,2,South Dakota State,New Haven,5301781,James Basinger,0.0,0.0,0.0,0.0,0.0,0.0,6.0,88.0
2026,2,South Dakota State,New Haven,5301782,Josiah Johnson,0.0,0.0,0.0,0.0,0.0,0.0,11.0,48.0
2026,2,South Dakota State,New Haven,5301792,Josh Myers,0.0,0.0,0.0,0.0,0.0,0.0,6.0,13.0
2026,2,South Dakota State,New Haven,5301811,Ben Brooks,0.0,0.0,0.0,0.0,1.0,1.0,0.0,0.0
2026,2,South Dakota State,New Haven,5305530,Ramon McKinney Jr.,0.0,0.0,0.0,0.0,0.0,0.0,5.0,51.0
2026,2,South Florida,Army,-7376, Team,0.0,0.0,0.0,0.0,0.0,0.0,2.0,-4.0
2026,2,South Florida,Army,4869390,Wyatt Sullivan,0.0,0.0,0.0,0.0,21.0,2.0,0.0,0.0
2026,2,South Florida,Army,4870927,Bryson Rodgers,0.0,0.0,0.0,0.0,64.0,6.0,0.0,0.0
2026,2,South Florida,Army,4870941,Cameron Seldon,0.0,0.0,0.0,0.0,30.0,2.0,2.0,7.0
2026,2,South Florida,Army,5079542,Luke Kromenhoek,0.0,0.0,0.0,0.0,0.0,0.0,1.0,3.0
2026,2,South Florida,Army,5079620,Michael Van Buren Jr.,19.0,30.0,2.0,239.0,0.0,0.0,5.0,45.0
2026,2,South Florida,Army,5085507,D.J. Crowther,0.0,0.0,0.0,0.0,4.0,1.0,6.0,39.0
2026,2,South Florida,Army,5125521,Arhmad Branch,0.0,0.0,0.0,0.0,53.0,5.0,0.0,0.0
2026,2,South Florida,Army,5146576,Joshua Porter,0.0,0.0,0.0,0.0,67.0,3.0,0.0,0.0
2026,2,South Florida,Army,5154559,Jason Collins Jr.,0.0,0.0,0.0,0.0,0.0,0.0,9.0,40.0
2026,2,Southeast Missouri State,Southern Illinois,4816072,Clayton Leonard,0.0,0.0,0.0,0.0,2.0,1.0,0.0,0.0
2026,2,Southeast Missouri State,Southern Illinois,4920145,Braylen Ragland,20.0,44.0,1.0,316.0,0.0,0.0,7.0,-21.0
2026,2,Southeast Missouri State,Southern Illinois,5086079,John Anthony,0.0,0.0,0.0,0.0,91.0,3.0,0.0,0.0
2026,2,Southeast Missouri State,Southern Illinois,5153501,Anthony Westervelt,0.0,0.0,0.0,0.0,46.0,1.0,0.0,0.0
2026,2,Southeast Missouri State,Southern Illinois,5193072,Khyair Spain,0.0,0.0,0.0,0.0,13.0,1.0,13.0,38.0
2026,2,Southeast Missouri State,Southern Illinois,5225748,Payton Brown,0.0,0.0,0.0,0.0,32.0,5.0,14.0,27.0
2026,2,Southeast Missouri State,Southern Illinois,5298677,Jobe Bryant,0.0,0.0,0.0,0.0,16.0,1.0,0.0,0.0
2026,2,Southeast Missouri State,Southern Illinois,5298679,Khylen Harris-Norman,0.0,0.0,0.0,0.0,30.0,2.0,0.0,0.0
2026,2,Southeast Missouri State,Southern Illinois,5402628,Demetrius Pearce,0.0,0.0,0.0,0.0,64.0,2.0,0.0,0.0
2026,2,Southeast Missouri State,Southern Illinois,5402635,Tristin Purnell,0.0,0.0,0.0,0.0,22.0,4.0,0.0,0.0
2026,2,Southern,Houston,4870784,Trey Holly,0.0,0.0,0.0,0.0,0.0,0.0,3.0,4.0
2026,2,Southern,Houston,5230884,Jason Gabriel,0.0,0.0,0.0,0.0,10.0,1.0,11.0,-1.0
2026,2,Southern,Houston,5235634,Mike Franklin,0.0,0.0,0.0,0.0,0.0,0.0,1.0,-1.0
2026,2,Southern,Houston,5258447,Daejawn Smith,0.0,0.0,0.0,0.0,13.0,2.0,0.0,0.0
2026,2,Southern,Houston,5298028,Amariyon Asberry,0.0,0.0,0.0,0.0,0.0,0.0,3.0,6.0
2026,2,Southern,Houston,5308438,Ashton Strother,3.0,5.0,0.0,13.0,0.0,0.0,0.0,0.0
2026,2,Southern,Houston,5442196,Champ Davis,0.0,0.0,0.0,0.0,10.0,2.0,1.0,4.0
2026,2,Southern,Houston,5442201,Wyatt McCauley,2.0,3.0,1.0,85.0,0.0,0.0,0.0,0.0
2026,2,Southern,Houston,5442202,Christian Johnson,5.0,12.0,0.0,29.0,0.0,0.0,2.0,-18.0
2026,2,Southern,Houston,5442207,Damien Henderson Jr.,0.0,0.0,0.0,0.0,1.0,1.0,0.0,0.0
2026,2,Southern,Houston,5442214,Macario Dade Jr.,0.0,0.0,0.0,0.0,2.0,1.0,1.0,0.0
2026,2,Southern,Houston,5442215,Wydell Clark Jr.,0.0,0.0,0.0,0.0,79.0,1.0,0.0,0.0
2026,2,Southern,Houston,5442237,Floyd Jones,0.0,0.0,0.0,0.0,12.0,2.0,0.0,0.0
2026,2,Southern Illinois,Southeast Missouri State,-12171, Team,0.0,0.0,0.0,0.0,0.0,0.0,1.0,-1.0
2026,2,Southern Illinois,Southeast Missouri State,4697094,DJ Williams,17.0,30.0,1.0,286.0,0.0,0.0,7.0,67.0
2026,2,Southern Illinois,Southeast Missouri State,4877480,Lem Wash,0.0,1.0,0.0,0.0,0.0,0.0,4.0,4.0
2026,2,Southern Illinois,Southeast Missouri State,4916460,Miles Marshall,0.0,0.0,0.0,0.0,14.0,2.0,0.0,0.0
2026,2,Southern Illinois,Southeast Missouri State,5151518,Kyle Thomas,0.0,0.0,0.0,0.0,144.0,5.0,0.0,0.0
2026,2,Southern Illinois,Southeast Missouri State,5154781,Allen Middleton,0.0,0.0,0.0,0.0,46.0,4.0,0.0,0.0
2026,2,Southern Illinois,Southeast Missouri State,5159201,Markell Quick,0.0,0.0,0.0,0.0,0.0,0.0,2.0,18.0
2026,2,Southern Illinois,Southeast Missouri State,5159276,Edward Robinson,0.0,0.0,0.0,0.0,0.0,0.0,1.0,1.0
2026,2,Southern Illinois,Southeast Missouri State,5210053,Quade Chatmon,0.0,0.0,0.0,0.0,29.0,3.0,4.0,14.0
2026,2,Southern Illinois,Southeast Missouri State,5227788,ET Harris,0.0,0.0,0.0,0.0,45.0,1.0,0.0,0.0
2026,2,Southern Illinois,Southeast Missouri State,5301130,Chandler Chapman,0.0,0.0,0.0,0.0,8.0,2.0,18.0,71.0
2026,2,Southern Miss,Auburn,4618083,Ethan Hampton,18.0,27.0,1.0,146.0,0.0,0.0,5.0,-2.0
2026,2,Southern Miss,Auburn,4702560,Grant Page,0.0,0.0,0.0,0.0,4.0,1.0,0.0,0.0
2026,2,Southern Miss,Auburn,4833635,Landy Lyddy,4.0,6.0,0.0,25.0,0.0,0.0,2.0,-10.0
2026,2,Southern Miss,Auburn,5151526,MJ Johnson,0.0,0.0,0.0,0.0,22.0,3.0,0.0,0.0
2026,2,Southern Miss,Auburn,5153318,A.J. Little,0.0,0.0,0.0,0.0,27.0,4.0,0.0,0.0
2026,2,Southern Miss,Auburn,5156440,Jamarice Wilder,0.0,0.0,0.0,0.0,0.0,0.0,3.0,11.0
2026,2,Southern Miss,Auburn,5161233,Preston Kilgore,0.0,0.0,0.0,0.0,7.0,2.0,0.0,0.0
2026,2,Southern Miss,Auburn,5218891,Mario Sanders II,0.0,0.0,0.0,0.0,58.0,3.0,0.0,0.0
2026,2,Southern Miss,Auburn,5274304,Broderick Peters,0.0,0.0,0.0,0.0,10.0,1.0,0.0,0.0
2026,2,Southern Miss,Auburn,5293671,Jeremiah Beck Jr.,0.0,0.0,0.0,0.0,15.0,3.0,0.0,0.0
2026,2,Southern Miss,Auburn,5394591,Eelijah Singleton,0.0,0.0,0.0,0.0,2.0,1.0,0.0,0.0
2026,2,Southern Miss,Auburn,5394595,Jaylen Himes,0.0,0.0,0.0,0.0,25.0,3.0,0.0,0.0
2026,2,Southern Miss,Auburn,5394596,Steven Robinson,0.0,0.0,0.0,0.0,1.0,1.0,15.0,51.0
2026,2,Southern Utah,Colorado State,4571205,Talmage Brown,0.0,0.0,0.0,0.0,3.0,1.0,1.0,3.0
2026,2,Southern Utah,Colorado State,4696073,Mark Bails,0.0,0.0,0.0,0.0,138.0,4.0,0.0,0.0
2026,2,Southern Utah,Colorado State,5089859,Floyd Chalk IV,0.0,0.0,0.0,0.0,8.0,1.0,17.0,144.0
2026,2,Southern Utah,Colorado State,5093761,Chance Arbon,0.0,0.0,0.0,0.0,7.0,1.0,0.0,0.0
2026,2,Southern Utah,Colorado State,5151171,Will Burns,12.0,23.0,1.0,233.0,0.0,0.0,8.0,9.0
2026,2,Southern Utah,Colorado State,5160025,Niko Alailefaleula,0.0,0.0,0.0,0.0,0.0,1.0,7.0,16.0
2026,2,Southern Utah,Colorado State,5224414,David Spjut,0.0,0.0,0.0,0.0,80.0,5.0,1.0,13.0
2026,2,Southern Utah,Colorado State,5301527,Hubert Thomas,0.0,0.0,0.0,0.0,0.0,0.0,4.0,23.0
2026,2,Southern Utah,Colorado State,5441448,Lee Norman-Lester,1.0,1.0,0.0,3.0,0.0,0.0,1.0,-2.0
2026,2,Southern Utah,Colorado State,5441452,Jackson Stevens,0.0,1.0,0.0,0.0,0.0,0.0,0.0,0.0
2026,2,St. Thomas (MN),Northern Michigan,-7517, Team,0.0,0.0,0.0,0.0,0.0,0.0,1.0,-1.0
2026,2,St. Thomas (MN),Northern Michigan,5088989,Gabriel Abel,0.0,0.0,0.0,0.0,0.0,0.0,8.0,44.0
2026,2,St. Thomas (MN),Northern Michigan,5155294,Stefano Giovannelli,0.0,0.0,0.0,0.0,26.0,1.0,0.0,0.0
2026,2,St. Thomas (MN),Northern Michigan,5155304,Owen Lyons,0.0,0.0,0.0,0.0,17.0,1.0,0.0,0.0
2026,2,St. Thomas (MN),Northern Michigan,5155308,Eli Paulson,0.0,0.0,0.0,0.0,64.0,5.0,0.0,0.0
2026,2,St. Thomas (MN),Northern Michigan,5155310,Kaleb Rector,0.0,0.0,0.0,0.0,0.0,0.0,1.0,1.0
2026,2,St. Thomas (MN),Northern Michigan,5226234,Quentin Cobb-Butler,0.0,0.0,0.0,0.0,50.0,3.0,1.0,-4.0
2026,2,St. Thomas (MN),Northern Michigan,5226248,Joseph Koch,0.0,0.0,0.0,0.0,28.0,1.0,6.0,40.0
2026,2,St. Thomas (MN),Northern Michigan,5226481,Noah Long,0.0,0.0,0.0,0.0,0.0,0.0,9.0,44.0
2026,2,St. Thomas (MN),Northern Michigan,5231301,Ben Buesgens,0.0,0.0,0.0,0.0,24.0,2.0,0.0,0.0
2026,2,St. Thomas (MN),Northern Michigan,5300200,Pierce McCrary,0.0,0.0,0.0,0.0,69.0,3.0,1.0,7.0
2026,2,St. Thomas (MN),Northern Michigan,5300206,Nick Peipert,15.0,27.0,2.0,270.0,0.0,0.0,4.0,5.0
2026,2,St. Thomas (MN),Northern Michigan,5300207,Elijah Johnson,0.0,0.0,0.0,0.0,0.0,0.0,1.0,3.0
2026,2,St. Thomas (MN),Northern Michigan,5300209,Jack Wallace,3.0,3.0,1.0,41.0,0.0,0.0,1.0,9.0
2026,2,St. Thomas (MN),Northern Michigan,5300221,Owen Barkley,0.0,0.0,0.0,0.0,0.0,0.0,1.0,9.0
2026,2,St. Thomas (MN),Northern Michigan,5429996,Mordecai Ford,0.0,0.0,0.0,0.0,33.0,2.0,6.0,28.0
2026,2,Stephen F. Austin,Abilene Christian,4685490,Devaughn Mortimer,0.0,0.0,0.0,0.0,89.0,6.0,0.0,0.0
2026,2,Stephen F. Austin,Abilene Christian,5088565,Preston Alford,0.0,0.0,0.0,0.0,16.0,1.0,13.0,73.0
2026,2,Stephen F. Austin,Abilene Christian,5121170,Aiden Meeks,0.0,0.0,0.0,0.0,3.0,1.0,0.0,0.0
2026,2,Stephen F. Austin,Abilene Christian,5125535,Gerard Edimo,0.0,0.0,0.0,0.0,54.0,3.0,0.0,0.0
2026,2,Stephen F. Austin,Abilene Christian,5141706,Rickey Stewart Jr.,0.0,0.0,0.0,0.0,0.0,0.0,1.0,2.0
2026,2,Stephen F. Austin,Abilene Christian,5169036,Gavin Rutherford,17.0,31.0,2.0,243.0,0.0,0.0,6.0,39.0
2026,2,Stephen F. Austin,Abilene Christian,5169039,Jaylen Jenkins,0.0,0.0,0.0,0.0,4.0,1.0,13.0,87.0
2026,2,Stephen F. Austin,Abilene Christian,5228817,Clayton Wayland,0.0,0.0,0.0,0.0,2.0,1.0,0.0,0.0
2026,2,Stephen F. Austin,Abilene Christian,5228819,Stetson Sarratt,0.0,0.0,0.0,0.0,54.0,1.0,0.0,0.0
2026,2,Stephen F. Austin,Abilene Christian,5228839,Cameron Kelley,0.0,0.0,0.0,0.0,18.0,2.0,0.0,0.0
2026,2,Stephen F. Austin,Abilene Christian,5250860,Braden Lewis,0.0,0.0,0.0,0.0,0.0,0.0,2.0,15.0
2026,2,Stephen F. Austin,Abilene Christian,5441784,Sean Carter,0.0,0.0,0.0,0.0,3.0,1.0,0.0,0.0
2026,2,Stetson,Bethune-Cookman,5161149,Anthony Benzija,0.0,0.0,0.0,0.0,13.0,2.0,0.0,0.0
2026,2,Stetson,Bethune-Cookman,5161159,Chris Stephenson,2.0,2.0,0.0,0.0,0.0,0.0,6.0,4.0
2026,2,Stetson,Bethune-Cookman,5161193,Wyatt Rogers,0.0,0.0,0.0,0.0,55.0,5.0,1.0,7.0
2026,2,Stetson,Bethune-Cookman,5219833,Tom von Grote,15.0,31.0,1.0,192.0,0.0,0.0,7.0,36.0
2026,2,Stetson,Bethune-Cookman,5226441,Troy Flowers,0.0,0.0,0.0,0.0,9.0,1.0,12.0,72.0
2026,2,Stetson,Bethune-Cookman,5304561,Michael Dempsey,0.0,0.0,0.0,0.0,20.0,4.0,4.0,4.0
2026,2,Stetson,Bethune-Cookman,5442122,Landon Farco,0.0,0.0,0.0,0.0,95.0,5.0,0.0,0.0
2026,2,Stonehill,New Hampshire,5088170,Cole Clarke,0.0,0.0,0.0,0.0,88.0,4.0,0.0,0.0
2026,2,Stonehill,New Hampshire,5106897,Jack O'Connell,27.0,44.0,4.0,380.0,0.0,0.0,17.0,53.0
2026,2,Stonehill,New Hampshire,5156026,Torance Washington,0.0,0.0,0.0,0.0,31.0,3.0,0.0,0.0
2026,2,Stonehill,New Hampshire,5156439,Alijah Turner,0.0,0.0,0.0,0.0,43.0,5.0,0.0,0.0
2026,2,Stonehill,New Hampshire,5157533,Derek Varley,0.0,0.0,0.0,0.0,9.0,1.0,0.0,0.0
2026,2,Stonehill,New Hampshire,5229289,Adjatay Abegesah,0.0,0.0,0.0,0.0,0.0,0.0,1.0,12.0
2026,2,Stonehill,New Hampshire,5229312,Kevin Sheridan,0.0,0.0,0.0,0.0,16.0,1.0,0.0,0.0
2026,2,Stonehill,New Hampshire,5298362,Aidan Garrett,0.0,0.0,0.0,0.0,0.0,0.0,9.0,22.0
2026,2,Stonehill,New Hampshire,5298364,Shane Eason,0.0,0.0,0.0,0.0,77.0,4.0,6.0,20.0
2026,2,Stonehill,New Hampshire,5298380,Khalil Wilson,0.0,0.0,0.0,0.0,52.0,3.0,1.0,11.0
2026,2,Stonehill,New Hampshire,5405195,Jaylin Baker,0.0,0.0,0.0,0.0,64.0,6.0,0.0,0.0
2026,2,Stonehill,New Hampshire,5405196,Rayshaun King,0.0,0.0,0.0,0.0,0.0,0.0,3.0,16.0
2026,2,Stony Brook,Ball State,4923059,Jeremiah Coney,0.0,0.0,0.0,0.0,1.0,1.0,9.0,89.0
2026,2,Stony Brook,Ball State,4923282,C.J. Hester,0.0,0.0,0.0,0.0,10.0,2.0,10.0,85.0
2026,2,Stony Brook,Ball State,5083437,DJ Linkins,0.0,0.0,0.0,0.0,29.0,3.0,0.0,0.0
2026,2,Stony Brook,Ball State,5087722,Justin Reshard,0.0,0.0,0.0,0.0,11.0,2.0,0.0,0.0
2026,2,Stony Brook,Ball State,5156210,Seth Sweitzer,0.0,0.0,0.0,0.0,50.0,7.0,0.0,0.0
2026,2,Stony Brook,Ball State,5156794,Dylan Harris,0.0,0.0,0.0,0.0,4.0,1.0,0.0,0.0
2026,2,Stony Brook,Ball State,5226896,Quinn Boyd,22.0,35.0,0.0,147.0,0.0,0.0,9.0,9.0
2026,2,Stony Brook,Ball State,5301599,Rayden Aphayvong,0.0,0.0,0.0,0.0,8.0,1.0,0.0,0.0
2026,2,Stony Brook,Ball State,5301602,Andrew Riggs,0.0,0.0,0.0,0.0,18.0,1.0,0.0,0.0
2026,2,Stony Brook,Ball State,5301612,James Dely,0.0,0.0,0.0,0.0,9.0,2.0,0.0,0.0
2026,2,Stony Brook,Ball State,5301613,Lucas Martin,0.0,0.0,0.0,0.0,3.0,1.0,0.0,0.0
2026,2,Stony Brook,Ball State,5405824,Frenchmon Bethea,0.0,1.0,0.0,0.0,4.0,1.0,0.0,0.0
2026,2,Syracuse,California,-7579, Team,0.0,0.0,0.0,0.0,0.0,0.0,1.0,-2.0
2026,2,Syracuse,California,4685694,Steven Angeli,24.0,49.0,1.0,306.0,0.0,0.0,6.0,-4.0
2026,2,Syracuse,California,4691315,Umari Hatcher,0.0,0.0,0.0,0.0,77.0,6.0,0.0,0.0
2026,2,Syracuse,California,4870238,Zamondre Merriweather,0.0,0.0,0.0,0.0,2.0,1.0,0.0,0.0
2026,2,Syracuse,California,4910239,Justus Ross-Simmons,0.0,0.0,0.0,0.0,105.0,6.0,0.0,0.0
2026,2,Syracuse,California,5079537,Ju'Juan Johnson,0.0,0.0,0.0,0.0,1.0,1.0,15.0,46.0
2026,2,Syracuse,California,5154420,Ahmad Miller,0.0,0.0,0.0,0.0,0.0,0.0,2.0,2.0
2026,2,Syracuse,California,5155073,David Omopariola,0.0,0.0,0.0,0.0,12.0,1.0,0.0,0.0
2026,2,Syracuse,California,5200435,Demetres Samuel Jr.,0.0,0.0,0.0,0.0,0.0,0.0,1.0,2.0
2026,2,Syracuse,California,5206061,Darien Williams,0.0,0.0,0.0,0.0,28.0,3.0,0.0,0.0
2026,2,Syracuse,California,5210515,Daunte Bacheyie,0.0,0.0,0.0,0.0,73.0,4.0,0.0,0.0
2026,2,Syracuse,California,5212990,Darius Johnson,0.0,0.0,0.0,0.0,20.0,3.0,0.0,0.0
2026,2,Syracuse,California,5261613,Tylik Hill,0.0,0.0,0.0,0.0,0.0,0.0,2.0,56.0
2026,2,Syracuse,California,5289321,Shavane Anderson Jr.,0.0,0.0,0.0,0.0,0.0,0.0,9.0,18.0
2026,2,Syracuse,California,5290980,Jimmy Gregg,1.0,1.0,0.0,12.0,0.0,0.0,0.0,0.0
2026,2,TCU,Grambling,-7595, Team,0.0,0.0,0.0,0.0,0.0,0.0,1.0,-1.0
2026,2,TCU,Grambling,4832792,Major Everhart,0.0,0.0,0.0,0.0,0.0,0.0,1.0,8.0
2026,2,TCU,Grambling,5079663,Jeremy Payne,0.0,0.0,0.0,0.0,6.0,1.0,9.0,79.0
2026,2,TCU,Grambling,5083569,Jaden Craig,24.0,31.0,4.0,391.0,0.0,0.0,8.0,53.0
2026,2,TCU,Grambling,5084293,Ka'Morreun Pimpton,0.0,0.0,0.0,0.0,37.0,2.0,0.0,0.0
2026,2,TCU,Grambling,5120735,Landon Walker,0.0,0.0,0.0,0.0,0.0,0.0,3.0,32.0
2026,2,TCU,Grambling,5126534,Jeremy Scott,0.0,0.0,0.0,0.0,87.0,5.0,0.0,0.0
2026,2,TCU,Grambling,5141643,Adam Schobel,0.0,1.0,0.0,0.0,0.0,0.0,0.0,0.0
2026,2,TCU,Grambling,5164358,Dane Jones,0.0,0.0,0.0,0.0,5.0,1.0,0.0,0.0
2026,2,TCU,Grambling,5200482,Ed Small,0.0,0.0,0.0,0.0,101.0,5.0,0.0,0.0
2026,2,TCU,Grambling,5209316,Amante Martin,0.0,0.0,0.0,0.0,0.0,0.0,4.0,38.0
2026,2,TCU,Grambling,5214401,Jon Denman,0.0,0.0,0.0,0.0,0.0,0.0,6.0,41.0
2026,2,TCU,Grambling,5219571,Joe Pitchford,0.0,0.0,0.0,0.0,0.0,0.0,4.0,25.0
2026,2,TCU,Grambling,5221285,Jacobe Hayes,0.0,0.0,0.0,0.0,36.0,3.0,0.0,0.0
2026,2,TCU,Grambling,5280795,G'Ivori Graham,0.0,0.0,0.0,0.0,0.0,0.0,1.0,10.0
2026,2,TCU,Grambling,5391236,Kari Ashley,0.0,0.0,0.0,0.0,119.0,7.0,0.0,0.0
2026,2,Tarleton State,McNeese,4685398,Michael Hodge,0.0,0.0,0.0,0.0,10.0,1.0,0.0,0.0
2026,2,Tarleton State,McNeese,4879946,Danny Joiner,0.0,0.0,0.0,0.0,42.0,3.0,0.0,0.0
2026,2,Tarleton State,McNeese,4899468,Kaden Anderson,28.0,48.0,0.0,363.0,0.0,0.0,5.0,5.0
2026,2,Tarleton State,McNeese,4912240,Tylan Hines,0.0,0.0,0.0,0.0,6.0,2.0,17.0,141.0
2026,2,Tarleton State,McNeese,5084729,BJ Fleming,0.0,0.0,0.0,0.0,20.0,3.0,0.0,0.0
2026,2,Tarleton State,McNeese,5093787,Cydd Ford,0.0,0.0,0.0,0.0,19.0,1.0,0.0,0.0
2026,2,Tarleton State,McNeese,5152418,Bryce Parker,0.0,0.0,0.0,0.0,89.0,7.0,0.0,0.0
2026,2,Tarleton State,McNeese,5302041,Marquis Willis,0.0,0.0,0.0,0.0,166.0,10.0,0.0,0.0
2026,2,Tarleton State,McNeese,5302070,Colton Rodriguez,0.0,0.0,0.0,0.0,11.0,1.0,0.0,0.0
2026,2,Temple,Penn State,-7598, Team,0.0,0.0,0.0,0.0,0.0,0.0,1.0,-2.0
2026,2,Temple,Penn State,4258419,Hunter Smith,0.0,0.0,0.0,0.0,0.0,0.0,4.0,4.0
2026,2,Temple,Penn State,4726152,Jovanni Bermudez,0.0,0.0,0.0,0.0,6.0,2.0,0.0,0.0
2026,2,Temple,Penn State,5077787,Jaxon Smolik,10.0,16.0,0.0,59.0,0.0,0.0,7.0,71.0
2026,2,Temple,Penn State,5078166,Ajani Sheppard,3.0,6.0,0.0,48.0,0.0,0.0,3.0,10.0
2026,2,Temple,Penn State,5080547,Peter Clarke,0.0,0.0,0.0,0.0,31.0,6.0,0.0,0.0
2026,2,Temple,Penn State,5087747,Jayce Freeman,0.0,0.0,0.0,0.0,39.0,1.0,0.0,0.0
2026,2,Temple,Penn State,5222551,Ryder Kusch,0.0,0.0,0.0,0.0,29.0,3.0,0.0,0.0
2026,2,Temple,Penn State,5296362,De'Carlos Young,0.0,0.0,0.0,0.0,0.0,0.0,4.0,17.0
2026,2,Temple,Penn State,5296364,Keveun Mason,0.0,0.0,0.0,0.0,2.0,1.0,14.0,76.0
2026,2,Tennessee,Georgia Tech,4870683,Ethan Davis,0.0,0.0,0.0,0.0,26.0,2.0,0.0,0.0
2026,2,Tennessee,Georgia Tech,4921108,DeSean Bishop,0.0,0.0,0.0,0.0,15.0,1.0,20.0,147.0
2026,2,Tennessee,Georgia Tech,5079580,Mike Matthews,0.0,0.0,0.0,0.0,16.0,2.0,0.0,0.0
2026,2,Tennessee,Georgia Tech,5132629,Braylon Staley,0.0,0.0,0.0,0.0,20.0,1.0,0.0,0.0
2026,2,Tennessee,Georgia Tech,5141391,Dasaahn Brame,0.0,0.0,0.0,0.0,7.0,1.0,0.0,0.0
2026,2,Tennessee,Georgia Tech,5141598,Daune Morris,0.0,0.0,0.0,0.0,0.0,0.0,10.0,98.0
2026,2,Tennessee,Georgia Tech,5158973,Faizon Brandon,10.0,21.0,2.0,148.0,0.0,0.0,5.0,22.0
2026,2,Tennessee,Georgia Tech,5195481,Radarious Jackson,0.0,0.0,0.0,0.0,64.0,3.0,0.0,0.0
2026,2,Tennessee,Georgia Tech,5294293,Javin Gordon,0.0,0.0,0.0,0.0,0.0,0.0,10.0,32.0
2026,2,Tennessee State,Alabama A&M,-7607, Team,0.0,0.0,0.0,0.0,0.0,0.0,1.0,-1.0
2026,2,Tennessee State,Alabama A&M,4894803,Travis Pearson,0.0,0.0,0.0,0.0,16.0,2.0,0.0,0.0
2026,2,Tennessee State,Alabama A&M,5100368,Francisco Pratts III,0.0,0.0,0.0,0.0,13.0,1.0,0.0,0.0
2026,2,Tennessee State,Alabama A&M,5120632,Dylan Rodd,0.0,0.0,0.0,0.0,20.0,2.0,0.0,0.0
2026,2,Tennessee State,Alabama A&M,5161615,Cam Bulluck,0.0,0.0,0.0,0.0,50.0,4.0,0.0,0.0
2026,2,Tennessee State,Alabama A&M,5162467,Daylin Lee,19.0,41.0,0.0,187.0,0.0,0.0,8.0,6.0
2026,2,Tennessee State,Alabama A&M,5231141,Aaron Duncan,0.0,0.0,0.0,0.0,0.0,1.0,0.0,0.0
2026,2,Tennessee State,Alabama A&M,5298785,Jayden Guy,0.0,0.0,0.0,0.0,44.0,4.0,0.0,0.0
2026,2,Tennessee State,Alabama A&M,5298797,Zack Simmons-Brown,0.0,0.0,0.0,0.0,9.0,1.0,9.0,19.0
2026,2,Tennessee State,Alabama A&M,5441133,Brenton Paul,0.0,0.0,0.0,0.0,4.0,1.0,12.0,40.0
2026,2,Tennessee State,Alabama A&M,5441159,Daion Gaston,0.0,0.0,0.0,0.0,31.0,3.0,0.0,0.0
2026,2,Tennessee Tech,Samford,4812346,Eric Weatherly,0.0,0.0,0.0,0.0,10.0,2.0,0.0,0.0
2026,2,Tennessee Tech,Samford,4870757,Ahmad Haston,0.0,0.0,0.0,0.0,0.0,0.0,6.0,32.0
2026,2,Tennessee Tech,Samford,5027925,Jax Leatherwood,15.0,22.0,2.0,229.0,0.0,0.0,6.0,-3.0
2026,2,Tennessee Tech,Samford,5083111,Qua Ashley,0.0,0.0,0.0,0.0,0.0,0.0,5.0,81.0
2026,2,Tennessee Tech,Samford,5083726,MJ Flowers,0.0,0.0,0.0,0.0,11.0,2.0,8.0,38.0
2026,2,Tennessee Tech,Samford,5089028,Marcus II Harris,0.0,0.0,0.0,0.0,11.0,1.0,5.0,31.0
2026,2,Tennessee Tech,Samford,5104968,Gabe Nunez,0.0,0.0,0.0,0.0,58.0,3.0,0.0,0.0
2026,2,Tennessee Tech,Samford,5153764,Aidan Littles,0.0,0.0,0.0,0.0,0.0,0.0,1.0,-3.0
2026,2,Tennessee Tech,Samford,5221590,Tre' Holloway,0.0,0.0,0.0,0.0,124.0,6.0,1.0,4.0
2026,2,Tennessee Tech,Samford,5407532,Amari Mcarthur,0.0,0.0,0.0,0.0,15.0,1.0,0.0,0.0
2026,2,Texas,Ohio State,-7619, Team,0.0,0.0,0.0,0.0,0.0,0.0,1.0,-1.0
2026,2,Texas,Ohio State,4685268,Raleek Brown,0.0,0.0,0.0,0.0,1.0,4.0,10.0,54.0
2026,2,Texas,Ohio State,4870906,Arch Manning,23.0,37.0,1.0,195.0,0.0,0.0,8.0,24.0
2026,2,Texas,Ohio State,4871053,Daylan Smothers,0.0,0.0,0.0,0.0,29.0,3.0,21.0,74.0
2026,2,Texas,Ohio State,4921318,Spencer Shannon,0.0,0.0,0.0,0.0,4.0,1.0,0.0,0.0
2026,2,Texas,Ohio State,5079376,Cam Coleman,0.0,0.0,0.0,0.0,35.0,3.0,0.0,0.0
2026,2,Texas,Ohio State,5079613,Emmett Mosley V,0.0,0.0,0.0,0.0,65.0,5.0,0.0,0.0
2026,2,Texas,Ohio State,5141757,Emaree Winston,0.0,0.0,0.0,0.0,39.0,3.0,0.0,0.0
2026,2,Texas,Ohio State,5218633,Ryan Wingo,0.0,0.0,0.0,0.0,22.0,4.0,1.0,-10.0
2026,2,Texas A&M,Arizona State,-7622, Team,0.0,0.0,0.0,0.0,0.0,0.0,2.0,-5.0
2026,2,Texas A&M,Arizona State,4685383,Isaiah Horton,0.0,0.0,0.0,0.0,33.0,3.0,0.0,0.0
2026,2,Texas A&M,Arizona State,4870934,Rueben Owens,0.0,0.0,0.0,0.0,7.0,1.0,10.0,35.0
2026,2,Texas A&M,Arizona State,4870971,Marcel Reed,15.0,25.0,3.0,163.0,0.0,0.0,7.0,17.0
2026,2,Texas A&M,Arizona State,5027438,Tyler White,0.0,0.0,0.0,0.0,0.0,0.0,1.0,-10.0
2026,2,Texas A&M,Arizona State,5078160,Richie Anderson,0.0,0.0,0.0,0.0,13.0,1.0,0.0,0.0
2026,2,Texas A&M,Arizona State,5079326,Terry Bussey,0.0,0.0,0.0,0.0,58.0,4.0,2.0,0.0
2026,2,Texas A&M,Arizona State,5079345,Mario Craver,0.0,0.0,0.0,0.0,34.0,3.0,0.0,0.0
2026,2,Texas A&M,Arizona State,5139057,Ashton Bethel-Roman,0.0,0.0,0.0,0.0,0.0,1.0,0.0,0.0
2026,2,Texas A&M,Arizona State,5141561,Jamarion Morrow,0.0,0.0,0.0,0.0,18.0,2.0,8.0,27.0
2026,2,Texas A&M,Arizona State,5158975,KJ Edwards,0.0,0.0,0.0,0.0,0.0,0.0,3.0,22.0
2026,2,Texas A&M,Arizona State,5199850,Carsyn Baker,0.0,0.0,0.0,0.0,0.0,0.0,2.0,6.0
2026,2,Texas Southern,UTEP,-7635, Team,0.0,0.0,0.0,0.0,0.0,0.0,1.0,-2.0
2026,2,Texas Southern,UTEP,4241676,Kordell Rodgers,0.0,0.0,0.0,0.0,10.0,1.0,0.0,0.0
2026,2,Texas Southern,UTEP,4900152,Zyion Claville,0.0,0.0,0.0,0.0,9.0,1.0,0.0,0.0
2026,2,Texas Southern,UTEP,4917305,Cam'Ron McCoy,11.0,17.0,0.0,85.0,0.0,0.0,10.0,3.0
2026,2,Texas Southern,UTEP,5096968,Trenton Leary,0.0,0.0,0.0,0.0,0.0,0.0,2.0,18.0
2026,2,Texas Southern,UTEP,5155699,Fatu Mukuba,0.0,0.0,0.0,0.0,6.0,1.0,1.0,5.0
2026,2,Texas Southern,UTEP,5163009,Roriyon Richardson,0.0,0.0,0.0,0.0,17.0,3.0,2.0,10.0
2026,2,Texas Southern,UTEP,5163010,Jacob Washington,0.0,0.0,0.0,0.0,0.0,1.0,5.0,22.0
2026,2,Texas Southern,UTEP,5227762,Athean Renfro,0.0,0.0,0.0,0.0,0.0,1.0,13.0,45.0
2026,2,Texas Southern,UTEP,5230777,Xavier Phipps,0.0,0.0,0.0,0.0,31.0,3.0,0.0,0.0
2026,2,Texas Southern,UTEP,5232134,Danny Green Jr.,0.0,0.0,0.0,0.0,0.0,0.0,4.0,10.0
2026,2,Texas Southern,UTEP,5306654,Jaquan Mcgee,0.0,0.0,0.0,0.0,26.0,2.0,0.0,0.0
2026,2,Texas Southern,UTEP,5442341,Nelson Peterson Jr.,2.0,5.0,0.0,14.0,0.0,0.0,2.0,1.0
2026,2,Texas State,UTSA,4685157,Blake Smith,0.0,0.0,0.0,0.0,2.0,2.0,0.0,0.0
2026,2,Texas State,UTSA,5077873,Chris Dawn Jr.,0.0,0.0,0.0,0.0,54.0,7.0,1.0,2.0
2026,2,Texas State,UTSA,5088888,Torrance Burgess Jr.,0.0,0.0,0.0,0.0,6.0,1.0,17.0,149.0
2026,2,Texas State,UTSA,5148803,Brad Jackson,17.0,30.0,1.0,192.0,0.0,0.0,14.0,39.0
2026,2,Texas State,UTSA,5149265,Kylen Evans,0.0,0.0,0.0,0.0,96.0,5.0,0.0,0.0
2026,2,Texas State,UTSA,5156893,Jordan Martin,0.0,0.0,0.0,0.0,9.0,1.0,0.0,0.0
2026,2,Texas State,UTSA,5216509,Davian Jackson,0.0,0.0,0.0,0.0,0.0,0.0,18.0,99.0
2026,2,Texas State,UTSA,5236321,Tucker Cusano,0.0,0.0,0.0,0.0,25.0,1.0,0.0,0.0
2026,2,Texas Tech,Oregon State,4773919,Thomas Castellanos,1.0,1.0,1.0,8.0,0.0,0.0,5.0,15.0
2026,2,Texas Tech,Oregon State,4916941,Coy Eakin,0.0,0.0,0.0,0.0,79.0,6.0,0.0,0.0
2026,2,Texas Tech,Oregon State,4917949,Quinten Joyner,0.0,0.0,0.0,0.0,0.0,0.0,5.0,25.0
2026,2,Texas Tech,Oregon State,4923295,Kenny Johnson,0.0,0.0,0.0,0.0,41.0,5.0,0.0,0.0
2026,2,Texas Tech,Oregon State,5079492,Micah Hudson,0.0,0.0,0.0,0.0,18.0,1.0,0.0,0.0
2026,2,Texas Tech,Oregon State,5086393,J'Koby Williams,0.0,0.0,0.0,0.0,16.0,2.0,20.0,116.0
2026,2,Texas Tech,Oregon State,5126468,Will Hammond,20.0,27.0,1.0,189.0,0.0,0.0,6.0,-22.0
2026,2,Texas Tech,Oregon State,5193580,Cameron Dickey,0.0,0.0,0.0,0.0,0.0,0.0,10.0,21.0
2026,2,Texas Tech,Oregon State,5195409,Bryson Jones,0.0,0.0,0.0,0.0,4.0,1.0,0.0,0.0
2026,2,Texas Tech,Oregon State,5209381,Matt Ludwig,0.0,0.0,0.0,0.0,30.0,3.0,0.0,0.0
2026,2,Texas Tech,Oregon State,5220256,Donte Lee Jr,0.0,0.0,0.0,0.0,12.0,2.0,0.0,0.0
2026,2,Texas Tech,Oregon State,5227057,Jalen Jones,0.0,0.0,0.0,0.0,-3.0,1.0,0.0,0.0
2026,2,The Citadel,Charleston Southern,4832849,Gavin Garcia,0.0,0.0,0.0,0.0,0.0,0.0,23.0,84.0
2026,2,The Citadel,Charleston Southern,5089455,Michael Lorino III,0.0,0.0,0.0,0.0,33.0,1.0,7.0,36.0
2026,2,The Citadel,Charleston Southern,5091764,Ismael Zamor,0.0,0.0,0.0,0.0,9.0,1.0,0.0,0.0
2026,2,The Citadel,Charleston Southern,5223107,Quentin Hayes,3.0,14.0,1.0,73.0,0.0,0.0,19.0,67.0
2026,2,The Citadel,Charleston Southern,5230050,Braylon Knauth,0.0,0.0,0.0,0.0,31.0,1.0,4.0,35.0
2026,2,The Citadel,Charleston Southern,5230060,Sebastien Boyle,0.0,0.0,0.0,0.0,0.0,0.0,4.0,13.0
2026,2,Thomas More,Dayton,-7642, Team,0.0,0.0,0.0,0.0,0.0,0.0,1.0,-5.0
2026,2,Thomas More,Dayton,5084375,Shyhiem Drew,0.0,0.0,0.0,0.0,0.0,1.0,0.0,0.0
2026,2,Thomas More,Dayton,5085839,Kayleb Wagner,0.0,0.0,0.0,0.0,0.0,0.0,5.0,3.0
2026,2,Thomas More,Dayton,5115312,Kamalie Pemberton,0.0,0.0,0.0,0.0,20.0,2.0,0.0,0.0
2026,2,Thomas More,Dayton,5156778,Josiah Love,0.0,0.0,0.0,0.0,11.0,2.0,0.0,0.0
2026,2,Thomas More,Dayton,5194062,Javion Bostic,0.0,0.0,0.0,0.0,30.0,3.0,0.0,0.0
2026,2,Thomas More,Dayton,5224226,Ben Fay,0.0,0.0,0.0,0.0,1.0,1.0,0.0,0.0
2026,2,Thomas More,Dayton,5304710,Ben Chesser,19.0,32.0,0.0,140.0,0.0,0.0,8.0,28.0
2026,2,Thomas More,Dayton,5304724,Martavious Smith,0.0,0.0,0.0,0.0,0.0,0.0,3.0,40.0
2026,2,Thomas More,Dayton,5304777,Jaidan Combs,0.0,0.0,0.0,0.0,23.0,2.0,0.0,0.0
2026,2,Thomas More,Dayton,5304779,Kolton Smith,0.0,0.0,0.0,0.0,8.0,1.0,0.0,0.0
2026,2,Thomas More,Dayton,5304785,Tae Townsend,0.0,0.0,0.0,0.0,7.0,2.0,0.0,0.0
2026,2,Thomas More,Dayton,5447467,Numehnne Gwilly,0.0,0.0,0.0,0.0,40.0,5.0,0.0,0.0
2026,2,Thomas More,Dayton,5447468,Parker Johnson,0.0,0.0,0.0,0.0,0.0,0.0,1.0,4.0
2026,2,Thomas More,Dayton,5447481,Aidan Sullivan,0.0,0.0,0.0,0.0,0.0,0.0,1.0,12.0
2026,2,Toledo,Central Connecticut,-7650, Team,0.0,0.0,0.0,0.0,0.0,0.0,2.0,-2.0
2026,2,Toledo,Central Connecticut,4712328,Anthony Simpson,0.0,0.0,0.0,0.0,10.0,1.0,0.0,0.0
2026,2,Toledo,Central Connecticut,4812374,Terrell Crosby Jr.,0.0,0.0,0.0,0.0,22.0,2.0,1.0,18.0
2026,2,Toledo,Central Connecticut,5078063,Connor Walendzak,0.0,0.0,0.0,0.0,4.0,1.0,6.0,34.0
2026,2,Toledo,Central Connecticut,5079699,Corey Smith,0.0,0.0,0.0,0.0,0.0,0.0,7.0,30.0
2026,2,Toledo,Central Connecticut,5082330,John Alan Richter,15.0,24.0,3.0,252.0,0.0,0.0,1.0,1.0
2026,2,Toledo,Central Connecticut,5084698,Tashi Braceful,0.0,0.0,0.0,0.0,11.0,1.0,0.0,0.0
2026,2,Toledo,Central Connecticut,5092811,CJ Miller,0.0,0.0,0.0,0.0,0.0,0.0,9.0,56.0
2026,2,Toledo,Central Connecticut,5109511,Cooper Rusk,0.0,0.0,0.0,0.0,40.0,1.0,0.0,0.0
2026,2,Toledo,Central Connecticut,5153399,Adjatay Dabbs,0.0,0.0,0.0,0.0,34.0,4.0,0.0,0.0
2026,2,Toledo,Central Connecticut,5162858,Bryson Hammer,0.0,0.0,0.0,0.0,57.0,3.0,0.0,0.0
2026,2,Toledo,Central Connecticut,5164730,Autavius Ison,0.0,0.0,0.0,0.0,0.0,0.0,7.0,33.0
2026,2,Toledo,Central Connecticut,5200190,Walter Moses,1.0,1.0,1.0,40.0,0.0,0.0,2.0,8.0
2026,2,Toledo,Central Connecticut,5211696,Noah Sanders,0.0,0.0,0.0,0.0,0.0,0.0,4.0,26.0
2026,2,Toledo,Central Connecticut,5211771,Kadale Williams,0.0,0.0,0.0,0.0,0.0,0.0,2.0,1.0
2026,2,Toledo,Central Connecticut,5220125,Dane Nauman,0.0,0.0,0.0,0.0,0.0,0.0,1.0,2.0
2026,2,Toledo,Central Connecticut,5225646,Rico Bond,0.0,0.0,0.0,0.0,135.0,4.0,0.0,0.0
2026,2,Toledo,Central Connecticut,5230932,Daryl Barnett Jr.,0.0,0.0,0.0,0.0,0.0,1.0,0.0,0.0
2026,2,Toledo,Central Connecticut,5394415,Khamoni Robinson,2.0,6.0,0.0,21.0,0.0,0.0,3.0,49.0
2026,2,Towson,South Carolina,-7655, Team,0.0,0.0,0.0,0.0,0.0,0.0,1.0,-2.0
2026,2,Towson,South Carolina,5092663,Jarvis Jones,0.0,0.0,0.0,0.0,20.0,2.0,0.0,0.0
2026,2,Towson,South Carolina,5122060,Peyton Faulkner,0.0,0.0,0.0,0.0,1.0,1.0,0.0,0.0
2026,2,Towson,South Carolina,5153815,Tristen Kenan,0.0,0.0,0.0,0.0,0.0,0.0,3.0,3.0
2026,2,Towson,South Carolina,5226922,Kahseim Phillips,0.0,0.0,0.0,0.0,0.0,0.0,4.0,15.0
2026,2,Towson,South Carolina,5230376,Aaron Enterline,0.0,0.0,0.0,0.0,123.0,10.0,0.0,0.0
2026,2,Towson,South Carolina,5301657,Andrew Indorf,16.0,30.0,1.0,171.0,0.0,0.0,4.0,-19.0
2026,2,Towson,South Carolina,5301659,Kemarrion Battles,0.0,0.0,0.0,0.0,0.0,0.0,8.0,1.0
2026,2,Towson,South Carolina,5301681,Cody Szymansky,0.0,0.0,0.0,0.0,5.0,1.0,0.0,0.0
2026,2,Towson,South Carolina,5405929,Jashaun Amin,0.0,0.0,0.0,0.0,22.0,2.0,0.0,0.0
2026,2,Towson,South Carolina,5405930,Xavier Pugh,0.0,0.0,0.0,0.0,6.0,1.0,4.0,9.0
2026,2,Towson,South Carolina,5405931,Jacob Davis,2.0,4.0,0.0,11.0,0.0,0.0,5.0,14.0
2026,2,Towson,South Carolina,5405933,Mason Cunningham,0.0,0.0,0.0,0.0,5.0,1.0,0.0,0.0
2026,2,Troy,Alabama State,-7679, Team,0.0,0.0,0.0,0.0,0.0,0.0,1.0,-1.0
2026,2,Troy,Alabama State,4431633,Will Crowder,14.0,27.0,1.0,201.0,0.0,0.0,5.0,-1.0
2026,2,Troy,Alabama State,4899096,Evan Crenshaw,0.0,1.0,0.0,0.0,0.0,0.0,0.0,0.0
2026,2,Troy,Alabama State,4912119,Tucker Kilcrease,0.0,1.0,0.0,0.0,0.0,0.0,1.0,3.0
2026,2,Troy,Alabama State,5079632,Noreel White,0.0,0.0,0.0,0.0,7.0,1.0,0.0,0.0
2026,2,Troy,Alabama State,5086097,Jaheim Merriweather,0.0,0.0,0.0,0.0,3.0,1.0,13.0,127.0
2026,2,Troy,Alabama State,5091753,Fabian Rogosch,0.0,0.0,0.0,0.0,8.0,1.0,0.0,0.0
2026,2,Troy,Alabama State,5120317,Jordan Lovett,0.0,0.0,0.0,0.0,0.0,0.0,8.0,38.0
2026,2,Troy,Alabama State,5122106,Jackson Worley,0.0,0.0,0.0,0.0,4.0,1.0,0.0,0.0
2026,2,Troy,Alabama State,5147346,Jywon Boyd,0.0,0.0,0.0,0.0,38.0,3.0,0.0,0.0
2026,2,Troy,Alabama State,5148784,TK Keyes,0.0,0.0,0.0,0.0,119.0,5.0,0.0,0.0
2026,2,Troy,Alabama State,5150277,Jace Petty,0.0,0.0,0.0,0.0,22.0,2.0,0.0,0.0
2026,2,Troy,Alabama State,5388754,Gavin Griffin,0.0,0.0,0.0,0.0,0.0,0.0,10.0,56.0
2026,2,Troy,Alabama State,5388765,Bryce Burgess,0.0,0.0,0.0,0.0,0.0,0.0,1.0,4.0
2026,2,Tulane,South Alabama,-7689, Team,0.0,0.0,0.0,0.0,0.0,0.0,3.0,-11.0
2026,2,Tulane,South Alabama,4432774,Ty Thompson,0.0,0.0,0.0,0.0,8.0,2.0,0.0,0.0
2026,2,Tulane,South Alabama,4837391,Maurice Turner,0.0,0.0,0.0,0.0,0.0,0.0,3.0,-2.0
2026,2,Tulane,South Alabama,4870635,Anthony Brown,0.0,0.0,0.0,0.0,21.0,1.0,0.0,0.0
2026,2,Tulane,South Alabama,4871148,Jaylin Lucas,0.0,0.0,0.0,0.0,0.0,0.0,11.0,214.0
2026,2,Tulane,South Alabama,5079686,Bredell Richardson,0.0,0.0,0.0,0.0,14.0,1.0,0.0,0.0
2026,2,Tulane,South Alabama,5091744,Garrett Mmahat,0.0,0.0,0.0,0.0,40.0,3.0,0.0,0.0
2026,2,Tulane,South Alabama,5091890,Kadin Semonza,14.0,22.0,1.0,212.0,0.0,0.0,5.0,3.0
2026,2,Tulane,South Alabama,5141431,DJ Dugar Jr.,0.0,0.0,0.0,0.0,0.0,0.0,1.0,0.0
2026,2,Tulane,South Alabama,5150834,Destyn Hill,0.0,0.0,0.0,0.0,91.0,4.0,0.0,0.0
2026,2,Tulane,South Alabama,5218820,Johnnie Daniels,0.0,0.0,0.0,0.0,0.0,0.0,6.0,8.0
2026,2,Tulane,South Alabama,5222239,Dawson Johnson,0.0,0.0,0.0,0.0,2.0,2.0,0.0,0.0
2026,2,Tulane,South Alabama,5294301,Cash Semonza,0.0,0.0,0.0,0.0,36.0,1.0,0.0,0.0
2026,2,Tulsa,Sam Houston,-7692, Team,0.0,0.0,0.0,0.0,0.0,0.0,3.0,-3.0
2026,2,Tulsa,Sam Houston,4429804,Jimmy Calloway,0.0,0.0,0.0,0.0,14.0,2.0,0.0,0.0
2026,2,Tulsa,Sam Houston,4565355,Dexter Williams II,0.0,1.0,0.0,0.0,0.0,0.0,2.0,-3.0
2026,2,Tulsa,Sam Houston,4685699,Damari Alston,0.0,0.0,0.0,0.0,39.0,5.0,13.0,45.0
2026,2,Tulsa,Sam Houston,4710860,Oran Singleton Jr.,0.0,2.0,0.0,0.0,26.0,3.0,0.0,0.0
2026,2,Tulsa,Sam Houston,5125823,DJ McKinney,0.0,0.0,0.0,0.0,0.0,0.0,3.0,7.0
2026,2,Tulsa,Sam Houston,5157287,David Wells Jr.,0.0,0.0,0.0,0.0,9.0,1.0,0.0,0.0
2026,2,Tulsa,Sam Houston,5163541,Max Tulen,0.0,1.0,0.0,0.0,0.0,0.0,0.0,0.0
2026,2,Tulsa,Sam Houston,5224011,Baylor Hayes,16.0,29.0,0.0,126.0,0.0,0.0,9.0,14.0
2026,2,Tulsa,Sam Houston,5229589,Javon Ross,0.0,0.0,0.0,0.0,33.0,4.0,0.0,0.0
2026,2,Tulsa,Sam Houston,5258476,Tristan Lawyer,0.0,0.0,0.0,0.0,0.0,0.0,1.0,56.0
2026,2,Tulsa,Sam Houston,5262779,Grant McAtee,0.0,0.0,0.0,0.0,5.0,1.0,0.0,0.0
2026,2,Tulsa,Sam Houston,5295930,Trequan Jones,0.0,0.0,0.0,0.0,0.0,0.0,9.0,125.0
2026,2,UAB,UL Monroe,-7715, Team,0.0,0.0,0.0,0.0,0.0,0.0,1.0,-1.0
2026,2,UAB,UL Monroe,4711421,C.J. Smith,0.0,0.0,0.0,0.0,14.0,1.0,0.0,0.0
2026,2,UAB,UL Monroe,4897730,Braylon McReynolds,0.0,0.0,0.0,0.0,0.0,0.0,16.0,75.0
2026,2,UAB,UL Monroe,4918110,Roderick Robinson II,0.0,0.0,0.0,0.0,0.0,0.0,21.0,114.0
2026,2,UAB,UL Monroe,5057381,Ryder Burton,8.0,16.0,1.0,115.0,0.0,0.0,10.0,16.0
2026,2,UAB,UL Monroe,5081640,Scott Isacks III,0.0,0.0,0.0,0.0,10.0,1.0,0.0,0.0
2026,2,UAB,UL Monroe,5092470,Tiaquelin Mims,0.0,0.0,0.0,0.0,11.0,1.0,0.0,0.0
2026,2,UAB,UL Monroe,5122390,KJ Daniels,0.0,0.0,0.0,0.0,0.0,0.0,1.0,35.0
2026,2,UAB,UL Monroe,5157261,Ja'Vin Simpkins,0.0,0.0,0.0,0.0,0.0,0.0,2.0,13.0
2026,2,UAB,UL Monroe,5197123,Nate Rogers,0.0,0.0,0.0,0.0,0.0,0.0,1.0,14.0
2026,2,UAB,UL Monroe,5219011,EJ Reid,0.0,0.0,0.0,0.0,65.0,4.0,0.0,0.0
2026,2,UAB,UL Monroe,5219703,Lamar White,0.0,0.0,0.0,0.0,15.0,1.0,0.0,0.0
2026,2,UAlbany,Long Island University,-5175, Team,0.0,0.0,0.0,0.0,0.0,0.0,1.0,-1.0
2026,2,UAlbany,Long Island University,5082909,Aidan Semo,5.0,6.0,1.0,30.0,0.0,0.0,4.0,10.0
2026,2,UAlbany,Long Island University,5089502,Tyler Wilms,0.0,0.0,0.0,0.0,3.0,1.0,0.0,0.0
2026,2,UAlbany,Long Island University,5095216,Kai Coln,16.0,23.0,3.0,207.0,0.0,0.0,4.0,-11.0
2026,2,UAlbany,Long Island University,5122033,Mitch Viviano,0.0,0.0,0.0,0.0,7.0,1.0,0.0,0.0
2026,2,UAlbany,Long Island University,5153888,Matthew Iuvara,0.0,0.0,0.0,0.0,15.0,2.0,0.0,0.0
2026,2,UAlbany,Long Island University,5156959,Jordan Rae,0.0,0.0,0.0,0.0,51.0,3.0,0.0,0.0
2026,2,UAlbany,Long Island University,5156960,Joey Koch,0.0,0.0,0.0,0.0,43.0,4.0,10.0,32.0
2026,2,UAlbany,Long Island University,5226676,Luke McAuliffe,0.0,0.0,0.0,0.0,17.0,2.0,0.0,0.0
2026,2,UAlbany,Long Island University,5229224,Bryce Davis,0.0,0.0,0.0,0.0,0.0,0.0,2.0,6.0
2026,2,UAlbany,Long Island University,5229237,Tavahri Groves,0.0,0.0,0.0,0.0,16.0,1.0,0.0,0.0
2026,2,UAlbany,Long Island University,5301250,BJ Norman,0.0,0.0,0.0,0.0,45.0,5.0,1.0,7.0
2026,2,UAlbany,Long Island University,5414450,Daniel Growney,0.0,0.0,0.0,0.0,4.0,1.0,1.0,6.0
2026,2,UAlbany,Long Island University,5432343,Rahshan La Mons,0.0,0.0,0.0,0.0,36.0,1.0,11.0,57.0
2026,2,UC Davis,SMU,-5481, Team,0.0,0.0,0.0,0.0,0.0,0.0,1.0,-1.0
2026,2,UC Davis,SMU,4876364,Matteo Perez,0.0,0.0,0.0,0.0,6.0,1.0,3.0,19.0
2026,2,UC Davis,SMU,5086505,Samuel Gbatu Jr.,0.0,0.0,0.0,0.0,60.0,5.0,1.0,7.0
2026,2,UC Davis,SMU,5152826,Jordan Fisher,0.0,0.0,0.0,0.0,3.0,1.0,8.0,19.0
2026,2,UC Davis,SMU,5164325,Jackson Kollock,8.0,10.0,1.0,88.0,0.0,0.0,0.0,0.0
2026,2,UC Davis,SMU,5169849,Zach Jones,0.0,0.0,0.0,0.0,1.0,1.0,1.0,1.0
2026,2,UC Davis,SMU,5177568,Kai Acia,0.0,0.0,0.0,0.0,-2.0,1.0,3.0,2.0
2026,2,UC Davis,SMU,5214443,Jake Houseworth,0.0,0.0,0.0,0.0,5.0,1.0,0.0,0.0
2026,2,UC Davis,SMU,5298853,Treynor Cleeland,11.0,26.0,0.0,83.0,0.0,0.0,1.0,-4.0
2026,2,UC Davis,SMU,5298855,Drew Cofield,0.0,0.0,0.0,0.0,0.0,0.0,1.0,-9.0
2026,2,UC Davis,SMU,5298856,Tyler Hennessy,0.0,0.0,0.0,0.0,19.0,3.0,0.0,0.0
2026,2,UC Davis,SMU,5298860,Xzavior Guess,0.0,0.0,0.0,0.0,0.0,0.0,2.0,3.0
2026,2,UC Davis,SMU,5298868,Mason Walsh,0.0,0.0,0.0,0.0,0.0,0.0,1.0,6.0
2026,2,UC Davis,SMU,5298880,LaDanian Streets,0.0,0.0,0.0,0.0,17.0,2.0,0.0,0.0
2026,2,UC Davis,SMU,5298884,Marquis Bradley,0.0,0.0,0.0,0.0,11.0,2.0,0.0,0.0
2026,2,UC Davis,SMU,5441596,Jackson Fay,0.0,0.0,0.0,0.0,47.0,1.0,0.0,0.0
2026,2,UC Davis,SMU,5441599,Coby Herman,0.0,0.0,0.0,0.0,4.0,1.0,2.0,19.0
2026,2,UCF,Pittsburgh,4911929,Alonza Barnett,20.0,31.0,1.0,186.0,0.0,0.0,13.0,13.0
2026,2,UCF,Pittsburgh,4922996,Dylan Wade,0.0,0.0,0.0,0.0,20.0,2.0,0.0,0.0
2026,2,UCF,Pittsburgh,5078144,Landen Chambers,0.0,0.0,0.0,0.0,6.0,1.0,0.0,0.0
2026,2,UCF,Pittsburgh,5079386,Ric'Darious Farmer,0.0,0.0,0.0,0.0,52.0,4.0,0.0,0.0
2026,2,UCF,Pittsburgh,5085337,Keyone Jenkins,0.0,0.0,0.0,0.0,0.0,0.0,1.0,-2.0
2026,2,UCF,Pittsburgh,5136049,Duke Watson,0.0,0.0,0.0,0.0,7.0,3.0,6.0,10.0
2026,2,UCF,Pittsburgh,5141668,Taevion Swint,0.0,0.0,0.0,0.0,0.0,0.0,2.0,-1.0
2026,2,UCF,Pittsburgh,5142600,Waden Charles,0.0,0.0,0.0,0.0,41.0,4.0,0.0,0.0
2026,2,UCF,Pittsburgh,5153889,Joshua Derry,0.0,0.0,0.0,0.0,9.0,2.0,0.0,0.0
2026,2,UCF,Pittsburgh,5193217,Jonathan Bibbs,0.0,0.0,0.0,0.0,8.0,1.0,0.0,0.0
2026,2,UCF,Pittsburgh,5221393,Caleb Rollerson,0.0,0.0,0.0,0.0,22.0,2.0,0.0,0.0
2026,2,UCF,Pittsburgh,5385726,Tyren Hornes,0.0,0.0,0.0,0.0,21.0,1.0,0.0,0.0
2026,2,UCLA,San Diego State,-7720, Team,0.0,1.0,0.0,0.0,0.0,0.0,2.0,-2.0
2026,2,UCLA,San Diego State,4870799,Nico Iamaleava,14.0,22.0,0.0,151.0,0.0,0.0,13.0,57.0
2026,2,UCLA,San Diego State,4899366,Semaj Morgan,0.0,0.0,0.0,0.0,73.0,6.0,0.0,0.0
2026,2,UCLA,San Diego State,4912342,Wayne Knight,0.0,0.0,0.0,0.0,0.0,0.0,13.0,97.0
2026,2,UCLA,San Diego State,5083175,Anthony Woods,0.0,0.0,0.0,0.0,0.0,0.0,8.0,30.0
2026,2,UCLA,San Diego State,5114332,Jaivian Thomas,0.0,0.0,0.0,0.0,4.0,1.0,7.0,32.0
2026,2,UCLA,San Diego State,5209464,Brian Rowe Jr.,0.0,0.0,0.0,0.0,63.0,5.0,0.0,0.0
2026,2,UCLA,San Diego State,5221316,Jalen Saint Paul,0.0,0.0,0.0,0.0,11.0,2.0,0.0,0.0
2026,2,UConn,Maryland,4689529,Kenji Christian,0.0,0.0,0.0,0.0,14.0,2.0,9.0,17.0
2026,2,UConn,Maryland,4870959,Shamar Porter,0.0,0.0,0.0,0.0,62.0,3.0,0.0,0.0
2026,2,UConn,Maryland,5075952,Trey Cornist,0.0,0.0,0.0,0.0,0.0,0.0,6.0,8.0
2026,2,UConn,Maryland,5079619,Kalieb Osborne,10.0,21.0,2.0,156.0,0.0,0.0,13.0,30.0
2026,2,UConn,Maryland,5125750,Jediyah Willoughby,0.0,0.0,0.0,0.0,36.0,1.0,0.0,0.0
2026,2,UConn,Maryland,5221596,Alex Godavitarne,0.0,0.0,0.0,0.0,9.0,1.0,0.0,0.0
2026,2,UConn,Maryland,5222571,Xavier Watson,0.0,0.0,0.0,0.0,27.0,2.0,0.0,0.0
2026,2,UConn,Maryland,5228882,Ryder Treadway,0.0,0.0,0.0,0.0,8.0,1.0,0.0,0.0
2026,2,UConn,Maryland,5296247,Cyncir Bowers,0.0,0.0,0.0,0.0,0.0,0.0,3.0,12.0
2026,2,UL Monroe,UAB,-6368, Team,0.0,1.0,0.0,0.0,0.0,0.0,0.0,0.0
2026,2,UL Monroe,UAB,4431516,Brandon Buckhaulter,0.0,0.0,0.0,0.0,0.0,0.0,1.0,1.0
2026,2,UL Monroe,UAB,5122072,Nic Trujillo,0.0,0.0,0.0,0.0,5.0,1.0,0.0,0.0
2026,2,UL Monroe,UAB,5207934,Austin Carlisle,10.0,19.0,0.0,56.0,0.0,0.0,17.0,93.0
2026,2,UL Monroe,UAB,5218754,Parker Fulghum,0.0,0.0,0.0,0.0,-5.0,1.0,0.0,0.0
2026,2,UL Monroe,UAB,5220666,Derrick Jameson,0.0,0.0,0.0,0.0,17.0,2.0,2.0,14.0
2026,2,UL Monroe,UAB,5295371,Bryce Anderson,0.0,0.0,0.0,0.0,5.0,1.0,0.0,0.0
2026,2,UL Monroe,UAB,5295735,JP Coulter,0.0,0.0,0.0,0.0,0.0,0.0,1.0,5.0
2026,2,UL Monroe,UAB,5382841,LT Robinson,0.0,0.0,0.0,0.0,5.0,1.0,0.0,0.0
2026,2,UL Monroe,UAB,5382854,CJ Phillip,0.0,0.0,0.0,0.0,0.0,0.0,3.0,2.0
2026,2,UL Monroe,UAB,5382856,Bryson Roland,0.0,0.0,0.0,0.0,8.0,1.0,19.0,86.0
2026,2,UL Monroe,UAB,5382869,Marcellus Jackson,0.0,0.0,0.0,0.0,21.0,3.0,0.0,0.0
2026,2,UNLV,North Texas,-7753, Team,0.0,1.0,0.0,0.0,0.0,0.0,0.0,0.0
2026,2,UNLV,North Texas,4685289,Keyan Burnett,0.0,0.0,0.0,0.0,11.0,2.0,0.0,0.0
2026,2,UNLV,North Texas,4685495,Alex Orji,1.0,5.0,0.0,9.0,0.0,0.0,2.0,32.0
2026,2,UNLV,North Texas,4808744,Jaylon Glover,0.0,0.0,0.0,0.0,22.0,2.0,6.0,24.0
2026,2,UNLV,North Texas,4870607,Jackson Arnold,18.0,27.0,0.0,194.0,0.0,0.0,14.0,-11.0
2026,2,UNLV,North Texas,4870965,Tastean Reddicks,0.0,0.0,0.0,0.0,75.0,5.0,0.0,0.0
2026,2,UNLV,North Texas,4940235,Taeshaun Lyons,0.0,0.0,0.0,0.0,37.0,5.0,0.0,0.0
2026,2,UNLV,North Texas,5125730,Darrien Jones,0.0,0.0,0.0,0.0,9.0,1.0,4.0,12.0
2026,2,UNLV,North Texas,5125754,Jai'Den Thomas,0.0,0.0,0.0,0.0,0.0,0.0,10.0,37.0
2026,2,UNLV,North Texas,5141714,Kamran Williams,0.0,0.0,0.0,0.0,0.0,0.0,1.0,2.0
2026,2,UNLV,North Texas,5145523,Jae Beasley II,0.0,0.0,0.0,0.0,16.0,1.0,0.0,0.0
2026,2,UNLV,North Texas,5149831,Kayden McGee,0.0,0.0,0.0,0.0,11.0,1.0,2.0,2.0
2026,2,UNLV,North Texas,5291092,Vincent Carner,0.0,0.0,0.0,0.0,22.0,2.0,0.0,0.0
2026,2,USC,Louisiana,-7768, Team,0.0,1.0,0.0,0.0,0.0,0.0,1.0,-1.0
2026,2,USC,Louisiana,4685454,Jayden Maiava,19.0,29.0,5.0,261.0,0.0,0.0,0.0,0.0
2026,2,USC,Louisiana,4905248,Carson Tabaracci,0.0,0.0,0.0,0.0,6.0,1.0,0.0,0.0
2026,2,USC,Louisiana,5032961,Tucker Ashcraft,0.0,0.0,0.0,0.0,12.0,1.0,0.0,0.0
2026,2,USC,Louisiana,5144164,Riley Wormley,0.0,0.0,0.0,0.0,24.0,3.0,4.0,5.0
2026,2,USC,Louisiana,5146757,Zach Williams,0.0,0.0,0.0,0.0,44.0,1.0,1.0,-7.0
2026,2,USC,Louisiana,5148664,Corey Simms,0.0,0.0,0.0,0.0,19.0,2.0,0.0,0.0
2026,2,USC,Louisiana,5158934,Shahn Alston,0.0,0.0,0.0,0.0,0.0,0.0,5.0,34.0
2026,2,USC,Louisiana,5160469,Trent Mosley,0.0,0.0,0.0,0.0,33.0,2.0,1.0,8.0
2026,2,USC,Louisiana,5161013,Kayden Dixon-Wyatt,0.0,0.0,0.0,0.0,43.0,3.0,0.0,0.0
2026,2,USC,Louisiana,5161854,Jonas Williams,1.0,1.0,0.0,8.0,0.0,0.0,0.0,0.0
2026,2,USC,Louisiana,5233016,King Miller,0.0,0.0,0.0,0.0,0.0,0.0,18.0,128.0
2026,2,USC,Louisiana,5264686,Mark Bowman,0.0,0.0,0.0,0.0,83.0,6.0,0.0,0.0
2026,2,USC,Louisiana,5295318,Waymond Jordan,0.0,0.0,0.0,0.0,5.0,1.0,10.0,47.0
2026,2,UT Martin,West Virginia,4698362,Kaleb Costner,0.0,0.0,0.0,0.0,36.0,3.0,0.0,0.0
2026,2,UT Martin,West Virginia,4801302,Julian Calvez,2.0,4.0,0.0,28.0,0.0,0.0,3.0,14.0
2026,2,UT Martin,West Virginia,5147475,Aidan Glover,1.0,1.0,0.0,5.0,0.0,0.0,2.0,-3.0
2026,2,UT Martin,West Virginia,5154846,Dawson Adams-Grenier,0.0,0.0,0.0,0.0,22.0,2.0,0.0,0.0
2026,2,UT Martin,West Virginia,5155455,Chris Franklin,0.0,0.0,0.0,0.0,4.0,1.0,12.0,85.0
2026,2,UT Martin,West Virginia,5162502,Kaleb Washington,0.0,0.0,0.0,0.0,15.0,3.0,0.0,0.0
2026,2,UT Martin,West Virginia,5220266,Connie Hewitt II,0.0,0.0,0.0,0.0,29.0,2.0,0.0,0.0
2026,2,UT Martin,West Virginia,5226221,Deuce Oliver,0.0,0.0,0.0,0.0,25.0,6.0,2.0,8.0
2026,2,UT Martin,West Virginia,5299224,Thomas Ansley,0.0,0.0,0.0,0.0,12.0,1.0,8.0,21.0
2026,2,UT Martin,West Virginia,5299226,Tate Surber,19.0,28.0,0.0,137.0,0.0,0.0,4.0,-9.0
2026,2,UT Martin,West Virginia,5438965,Makhia Sherrard,0.0,0.0,0.0,0.0,25.0,3.0,2.0,16.0
2026,2,UT Martin,West Virginia,5438970,Jaydon Peete,0.0,0.0,0.0,0.0,2.0,1.0,4.0,16.0
2026,2,UT Rio Grande Valley,Nicholls,4685521,Garret Rangel,12.0,28.0,1.0,127.0,0.0,0.0,4.0,-7.0
2026,2,UT Rio Grande Valley,Nicholls,5141955,Jaydon Smith,0.0,0.0,0.0,0.0,90.0,4.0,0.0,0.0
2026,2,UT Rio Grande Valley,Nicholls,5151067,Hunter Luke,0.0,0.0,0.0,0.0,9.0,1.0,0.0,0.0
2026,2,UT Rio Grande Valley,Nicholls,5193050,Alex Green,0.0,0.0,0.0,0.0,2.0,2.0,0.0,0.0
2026,2,UT Rio Grande Valley,Nicholls,5300846,Brennan Carroll,0.0,0.0,0.0,0.0,2.0,1.0,8.0,36.0
2026,2,UT Rio Grande Valley,Nicholls,5300855,TJ Dement,0.0,0.0,0.0,0.0,0.0,0.0,10.0,21.0
2026,2,UT Rio Grande Valley,Nicholls,5300863,Fabian Garcia,0.0,0.0,0.0,0.0,0.0,0.0,1.0,1.0
2026,2,UT Rio Grande Valley,Nicholls,5300866,Cameron Glenn,0.0,0.0,0.0,0.0,25.0,1.0,0.0,0.0
2026,2,UT Rio Grande Valley,Nicholls,5300877,Corey Holmes,0.0,0.0,0.0,0.0,4.0,1.0,0.0,0.0
2026,2,UT Rio Grande Valley,Nicholls,5300880,Aidan Jakobsohn,7.0,17.0,2.0,137.0,0.0,0.0,8.0,5.0
2026,2,UT Rio Grande Valley,Nicholls,5300882,Kyran Lee,0.0,0.0,0.0,0.0,125.0,8.0,0.0,0.0
2026,2,UT Rio Grande Valley,Nicholls,5300903,Christian Sabsook,0.0,0.0,0.0,0.0,7.0,1.0,0.0,0.0
2026,2,UT Rio Grande Valley,Nicholls,5300907,Broderick Taylor,0.0,0.0,0.0,0.0,0.0,0.0,2.0,7.0
2026,2,UTEP,Texas Southern,4685418,Tavorus Jones,0.0,0.0,0.0,0.0,3.0,1.0,16.0,104.0
2026,2,UTEP,Texas Southern,4877714,Jaden Smith,0.0,0.0,0.0,0.0,8.0,1.0,0.0,0.0
2026,2,UTEP,Texas Southern,4879292,Kam Thomas,0.0,0.0,0.0,0.0,92.0,2.0,0.0,0.0
2026,2,UTEP,Texas Southern,5091891,Lamar Sperling,0.0,0.0,0.0,0.0,0.0,0.0,2.0,6.0
2026,2,UTEP,Texas Southern,5141395,EJ Colson,14.0,21.0,4.0,239.0,0.0,0.0,12.0,49.0
2026,2,UTEP,Texas Southern,5141402,Royal Capell,0.0,0.0,0.0,0.0,25.0,2.0,0.0,0.0
2026,2,UTEP,Texas Southern,5168770,Carver Cheeks,0.0,0.0,0.0,0.0,39.0,3.0,0.0,0.0
2026,2,UTEP,Texas Southern,5172260,Cash Cheeks,0.0,0.0,0.0,0.0,29.0,2.0,0.0,0.0
2026,2,UTEP,Texas Southern,5196350,Jaylan Brown,0.0,0.0,0.0,0.0,6.0,1.0,0.0,0.0
2026,2,UTEP,Texas Southern,5232049,Raymond Moore III,0.0,0.0,0.0,0.0,0.0,0.0,3.0,93.0
2026,2,UTEP,Texas Southern,5390023,Jeremiah Nash,0.0,0.0,0.0,0.0,37.0,2.0,0.0,0.0
2026,2,UTSA,Texas State,4683417,Miles Campbell,0.0,0.0,0.0,0.0,4.0,1.0,0.0,0.0
2026,2,UTSA,Texas State,4702790,DJ Allen,0.0,0.0,0.0,0.0,24.0,5.0,0.0,0.0
2026,2,UTSA,Texas State,4775136,Owen McCown,28.0,42.0,1.0,214.0,0.0,0.0,6.0,8.0
2026,2,UTSA,Texas State,4917054,David Amador,1.0,1.0,1.0,44.0,26.0,3.0,0.0,0.0
2026,2,UTSA,Texas State,4918111,A'Marion Peterson,0.0,0.0,0.0,0.0,2.0,2.0,2.0,4.0
2026,2,UTSA,Texas State,5078422,Brandon High,0.0,0.0,0.0,0.0,0.0,0.0,8.0,47.0
2026,2,UTSA,Texas State,5084802,AJ Wilson,0.0,0.0,0.0,0.0,83.0,9.0,0.0,0.0
2026,2,UTSA,Texas State,5146987,Brandon Young Jr.,0.0,0.0,0.0,0.0,1.0,1.0,1.0,1.0
2026,2,UTSA,Texas State,5194309,Mekhi Anderson,0.0,0.0,0.0,0.0,83.0,5.0,0.0,0.0
2026,2,UTSA,Texas State,5215185,Isaiah Butler-Tanner,0.0,0.0,0.0,0.0,14.0,1.0,0.0,0.0
2026,2,UTSA,Texas State,5223167,Will Henderson III,0.0,0.0,0.0,0.0,21.0,2.0,14.0,80.0
2026,2,Utah,Arkansas,-7771, Team,0.0,0.0,0.0,0.0,0.0,0.0,3.0,-5.0
2026,2,Utah,Arkansas,4685704,Larry Simmons,0.0,0.0,0.0,0.0,17.0,1.0,0.0,0.0
2026,2,Utah,Arkansas,4869422,Braden Pegan,0.0,0.0,0.0,0.0,32.0,3.0,0.0,0.0
2026,2,Utah,Arkansas,4871040,Creed Whittemore,0.0,0.0,0.0,0.0,17.0,1.0,0.0,0.0
2026,2,Utah,Arkansas,4900351,Noah Bennee,0.0,0.0,0.0,0.0,113.0,4.0,0.0,0.0
2026,2,Utah,Arkansas,5105849,Devon Dampier,18.0,24.0,2.0,261.0,0.0,0.0,11.0,50.0
2026,2,Utah,Arkansas,5132652,Ricky Johnson,0.0,0.0,0.0,0.0,17.0,1.0,0.0,0.0
2026,2,Utah,Arkansas,5148821,Hunter Andrews,0.0,0.0,0.0,0.0,4.0,1.0,0.0,0.0
2026,2,Utah,Arkansas,5173431,Wayshawn Parker,0.0,0.0,0.0,0.0,65.0,5.0,10.0,53.0
2026,2,Utah,Arkansas,5203476,Daniel Bray,0.0,0.0,0.0,0.0,14.0,2.0,4.0,-1.0
2026,2,Utah,Arkansas,5220596,Kyri Shoels,0.0,0.0,0.0,0.0,11.0,1.0,0.0,0.0
2026,2,Utah,Arkansas,5294263,Byrd Ficklin,2.0,4.0,0.0,40.0,11.0,1.0,2.0,24.0
2026,2,Utah,Arkansas,5294267,Mateaki Helu,0.0,0.0,0.0,0.0,0.0,0.0,1.0,2.0
2026,2,Utah,Arkansas,5296612,Steve Chavez-Soto,0.0,0.0,0.0,0.0,0.0,0.0,3.0,18.0
2026,2,Utah State,Washington,-7774, Team,0.0,1.0,0.0,0.0,0.0,0.0,0.0,0.0
2026,2,Utah State,Washington,4613165,Demick Starling,0.0,0.0,0.0,0.0,21.0,1.0,0.0,0.0
2026,2,Utah State,Washington,4816099,Javen Jacobs,0.0,0.0,0.0,0.0,8.0,1.0,6.0,-3.0
2026,2,Utah State,Washington,5081197,Grady Brosterhous,17.0,28.0,2.0,196.0,0.0,0.0,21.0,81.0
2026,2,Utah State,Washington,5081209,Eli Wood,0.0,0.0,0.0,0.0,53.0,6.0,0.0,0.0
2026,2,Utah State,Washington,5125366,Sesi Vailahi,0.0,0.0,0.0,0.0,0.0,0.0,2.0,-3.0
2026,2,Utah State,Washington,5151339,Anthony Garcia,0.0,0.0,0.0,0.0,12.0,2.0,0.0,0.0
2026,2,Utah State,Washington,5158829,Javon Robinson,0.0,0.0,0.0,0.0,100.0,3.0,0.0,0.0
2026,2,Utah State,Washington,5297067,Kache Kaio,0.0,0.0,0.0,0.0,7.0,1.0,0.0,0.0
2026,2,Utah State,Washington,5297079,Noah White,0.0,0.0,0.0,0.0,-5.0,3.0,0.0,0.0
2026,2,Utah Tech,Montana,5152425,Justin Buhler,0.0,0.0,0.0,0.0,5.0,1.0,0.0,0.0
2026,2,Utah Tech,Montana,5152426,Kona Crowell,0.0,0.0,0.0,0.0,16.0,3.0,3.0,5.0
2026,2,Utah Tech,Montana,5153655,Ja'kheo Mitchell,0.0,0.0,0.0,0.0,38.0,3.0,1.0,0.0
2026,2,Utah Tech,Montana,5154833,Mike Williams,0.0,0.0,0.0,0.0,80.0,3.0,0.0,0.0
2026,2,Utah Tech,Montana,5219661,Prince Zombo,0.0,0.0,0.0,0.0,33.0,3.0,0.0,0.0
2026,2,Utah Tech,Montana,5224560,Asa Chatman,0.0,0.0,0.0,0.0,11.0,2.0,21.0,95.0
2026,2,Utah Tech,Montana,5224562,Bronson Barben,21.0,35.0,1.0,301.0,0.0,0.0,6.0,-5.0
2026,2,Utah Tech,Montana,5226760,Darnell O'Quinn,0.0,0.0,0.0,0.0,41.0,2.0,0.0,0.0
2026,2,Utah Tech,Montana,5301917,Will Greene,0.0,0.0,0.0,0.0,51.0,1.0,0.0,0.0
2026,2,Utah Tech,Montana,5301921,Isaiah Akinsanya,0.0,0.0,0.0,0.0,4.0,1.0,0.0,0.0
2026,2,Utah Tech,Montana,5301923,Daron Tyson,0.0,0.0,0.0,0.0,0.0,0.0,2.0,9.0
2026,2,Utah Tech,Montana,5441693,Isaac McMullin,0.0,0.0,0.0,0.0,14.0,1.0,0.0,0.0
2026,2,Utah Tech,Montana,5441729,Zay Morris,0.0,0.0,0.0,0.0,7.0,1.0,0.0,0.0
2026,2,VMI,Bucknell,5155250,Cade Cox,0.0,0.0,0.0,0.0,49.0,3.0,0.0,0.0
2026,2,VMI,Bucknell,5225341,JoJo Crump,0.0,0.0,0.0,0.0,0.0,0.0,4.0,18.0
2026,2,VMI,Bucknell,5225349,Cole Varner,0.0,0.0,0.0,0.0,30.0,1.0,3.0,13.0
2026,2,VMI,Bucknell,5225351,Leo Boehling,0.0,0.0,0.0,0.0,-1.0,1.0,13.0,19.0
2026,2,VMI,Bucknell,5301596,Brooks Martin,0.0,0.0,0.0,0.0,12.0,1.0,0.0,0.0
2026,2,VMI,Bucknell,5302501,Ian Reynolds,11.0,27.0,0.0,155.0,0.0,0.0,7.0,26.0
2026,2,VMI,Bucknell,5302525,Halim Hardnett,0.0,0.0,0.0,0.0,19.0,2.0,1.0,5.0
2026,2,VMI,Bucknell,5302527,Traveion Slaughter,0.0,0.0,0.0,0.0,31.0,2.0,7.0,20.0
2026,2,VMI,Bucknell,5302528,Zion Trump,0.0,0.0,0.0,0.0,15.0,1.0,0.0,0.0
2026,2,VMI,Bucknell,5439850,Trevin Simon,0.0,0.0,0.0,0.0,0.0,0.0,1.0,3.0
2026,2,Valparaiso,Murray State,5089335,Rowan Keefe,20.0,35.0,1.0,249.0,0.0,0.0,6.0,29.0
2026,2,Valparaiso,Murray State,5089363,Devin Yeats,0.0,0.0,0.0,0.0,46.0,2.0,0.0,0.0
2026,2,Valparaiso,Murray State,5157544,Chris Gundy,0.0,0.0,0.0,0.0,107.0,5.0,1.0,7.0
2026,2,Valparaiso,Murray State,5157546,Micah Mackay,0.0,0.0,0.0,0.0,28.0,4.0,0.0,0.0
2026,2,Valparaiso,Murray State,5226491,Colin Hayes,0.0,0.0,0.0,0.0,4.0,1.0,0.0,0.0
2026,2,Valparaiso,Murray State,5300243,Kam Fouty-Koonce,0.0,0.0,0.0,0.0,11.0,2.0,0.0,0.0
2026,2,Valparaiso,Murray State,5300258,Ashton Allen,0.0,0.0,0.0,0.0,17.0,1.0,3.0,3.0
2026,2,Valparaiso,Murray State,5300261,Michael Rumoro,0.0,0.0,0.0,0.0,-4.0,2.0,6.0,21.0
2026,2,Valparaiso,Murray State,5412019,Cedric Benning Iii,0.0,0.0,0.0,0.0,0.0,0.0,4.0,7.0
2026,2,Valparaiso,Murray State,5414542,Daniel White,0.0,0.0,0.0,0.0,17.0,2.0,0.0,0.0
2026,2,Valparaiso,Murray State,5419455,Isaac Tran,0.0,0.0,0.0,0.0,23.0,1.0,0.0,0.0
2026,2,Valparaiso,Murray State,5439887,Russell Tye,0.0,0.0,0.0,0.0,0.0,0.0,3.0,11.0
2026,2,Vanderbilt,Delaware,-7793, Team,0.0,0.0,0.0,0.0,0.0,0.0,4.0,-5.0
2026,2,Vanderbilt,Delaware,4912302,Makhilyn Young,0.0,0.0,0.0,0.0,9.0,1.0,8.0,38.0
2026,2,Vanderbilt,Delaware,4915713,Walter Taylor,0.0,0.0,0.0,0.0,19.0,1.0,0.0,0.0
2026,2,Vanderbilt,Delaware,5030333,Sedrick Alexander,0.0,0.0,0.0,0.0,15.0,2.0,9.0,39.0
2026,2,Vanderbilt,Delaware,5041960,Jayvontay Conner,0.0,0.0,0.0,0.0,87.0,6.0,0.0,0.0
2026,2,Vanderbilt,Delaware,5078165,Junior Sherrill,0.0,0.0,0.0,0.0,94.0,5.0,0.0,0.0
2026,2,Vanderbilt,Delaware,5114594,Brycen Coleman,0.0,0.0,0.0,0.0,6.0,1.0,0.0,0.0
2026,2,Vanderbilt,Delaware,5121691,Blaze Berlowitz,3.0,9.0,0.0,29.0,0.0,0.0,2.0,6.0
2026,2,Vanderbilt,Delaware,5149910,Tristen Brown,0.0,0.0,0.0,0.0,9.0,1.0,0.0,0.0
2026,2,Vanderbilt,Delaware,5158948,Jared Curtis,14.0,22.0,1.0,210.0,0.0,0.0,8.0,1.0
2026,2,Vanderbilt,Delaware,5218655,Jamezell Lassiter,0.0,0.0,0.0,0.0,0.0,0.0,5.0,18.0
2026,2,Vanderbilt,Delaware,5245128,Evan Hampton,0.0,0.0,0.0,0.0,0.0,0.0,1.0,1.0
2026,2,Vanderbilt,Delaware,5257993,Kayleb Barnett,0.0,0.0,0.0,0.0,0.0,0.0,1.0,2.0
2026,2,Villanova,Louisville,4875733,Pat McQuaide,18.0,31.0,1.0,166.0,0.0,0.0,3.0,-4.0
2026,2,Villanova,Louisville,5083279,Julian Glantz,0.0,0.0,0.0,0.0,0.0,0.0,2.0,5.0
2026,2,Villanova,Louisville,5150341,Brody Eaton,0.0,0.0,0.0,0.0,14.0,2.0,0.0,0.0
2026,2,Villanova,Louisville,5154000,Nolan Clayton,0.0,0.0,0.0,0.0,8.0,1.0,0.0,0.0
2026,2,Villanova,Louisville,5154007,Ja'briel Mace,0.0,0.0,0.0,0.0,73.0,3.0,6.0,20.0
2026,2,Villanova,Louisville,5154013,Isaiah Ragland,0.0,0.0,0.0,0.0,0.0,0.0,9.0,34.0
2026,2,Villanova,Louisville,5226946,Dylan Mills,0.0,0.0,0.0,0.0,0.0,0.0,1.0,1.0
2026,2,Villanova,Louisville,5226956,Ralee Stephens,0.0,0.0,0.0,0.0,9.0,1.0,0.0,0.0
2026,2,Villanova,Louisville,5226961,Chris Colby,0.0,0.0,0.0,0.0,-1.0,1.0,0.0,0.0
2026,2,Villanova,Louisville,5226962,Brandon Binkowski,0.0,0.0,0.0,0.0,19.0,5.0,0.0,0.0
2026,2,Villanova,Louisville,5301181,Braden Reed,0.0,0.0,0.0,0.0,50.0,6.0,0.0,0.0
2026,2,Villanova,Louisville,5301188,Tyler Womack,0.0,0.0,0.0,0.0,0.0,0.0,1.0,2.0
2026,2,Villanova,Louisville,5402290,Nolan DiLucia,2.0,3.0,0.0,12.0,0.0,0.0,1.0,1.0
2026,2,Villanova,Louisville,5402298,Jake Hilton,0.0,0.0,0.0,0.0,6.0,1.0,0.0,0.0
2026,2,Villanova,Louisville,5402312,Brandon Way Jr.,0.0,0.0,0.0,0.0,0.0,0.0,5.0,16.0
2026,2,Virginia,Norfolk State,-7809, Team,0.0,0.0,0.0,0.0,0.0,0.0,2.0,-4.0
2026,2,Virginia,Norfolk State,4685594,Dakota Twitty,0.0,0.0,0.0,0.0,5.0,1.0,0.0,0.0
2026,2,Virginia,Norfolk State,4685696,Beau Pribula,12.0,14.0,3.0,162.0,0.0,0.0,2.0,-8.0
2026,2,Virginia,Norfolk State,4870819,Eli Holstein,4.0,6.0,2.0,27.0,0.0,0.0,1.0,2.0
2026,2,Virginia,Norfolk State,4873442,Xavier Brown,0.0,0.0,0.0,0.0,11.0,1.0,4.0,14.0
2026,2,Virginia,Norfolk State,4900879,Jacquon Gibson,0.0,0.0,0.0,0.0,36.0,2.0,0.0,0.0
2026,2,Virginia,Norfolk State,5077816,Tekai Kirby,0.0,0.0,0.0,0.0,16.0,1.0,0.0,0.0
2026,2,Virginia,Norfolk State,5078110,Noah Vaughn,0.0,0.0,0.0,0.0,6.0,1.0,8.0,81.0
2026,2,Virginia,Norfolk State,5085246,Tylyric Coleman,0.0,0.0,0.0,0.0,14.0,3.0,0.0,0.0
2026,2,Virginia,Norfolk State,5121721,Jekail Middlebrook,0.0,0.0,0.0,0.0,5.0,1.0,3.0,15.0
2026,2,Virginia,Norfolk State,5122553,Peyton Lewis,0.0,0.0,0.0,0.0,0.0,0.0,4.0,7.0
2026,2,Virginia,Norfolk State,5141657,Isaiah Robinson,0.0,0.0,0.0,0.0,34.0,2.0,0.0,0.0
2026,2,Virginia,Norfolk State,5145789,Cole Geer,2.0,4.0,1.0,40.0,0.0,0.0,2.0,9.0
2026,2,Virginia,Norfolk State,5147376,Kameron Courtney,0.0,0.0,0.0,0.0,35.0,3.0,0.0,0.0
2026,2,Virginia,Norfolk State,5150896,Hayden Rollison,0.0,0.0,0.0,0.0,12.0,1.0,0.0,0.0
2026,2,Virginia,Norfolk State,5210204,Willem Thurber,0.0,0.0,0.0,0.0,28.0,1.0,0.0,0.0
2026,2,Virginia,Norfolk State,5210729,Xay Davis,0.0,0.0,0.0,0.0,0.0,0.0,11.0,107.0
2026,2,Virginia,Norfolk State,5222394,Dashawn Martin,0.0,0.0,0.0,0.0,27.0,1.0,1.0,14.0
2026,2,Virginia Lynchburg,Morgan State,5120651,Josh Soyemi,0.0,0.0,0.0,0.0,40.0,4.0,0.0,0.0
2026,2,Virginia Lynchburg,Morgan State,5232493,Omarion Hairston,0.0,0.0,0.0,0.0,35.0,5.0,0.0,0.0
2026,2,Virginia Lynchburg,Morgan State,5232497,Dustin Placide,0.0,0.0,0.0,0.0,39.0,3.0,0.0,0.0
2026,2,Virginia Lynchburg,Morgan State,5304973,Kenyon Slaughter-Keen,0.0,0.0,0.0,0.0,25.0,3.0,2.0,3.0
2026,2,Virginia Lynchburg,Morgan State,5306367,Max Zavala,16.0,25.0,0.0,151.0,0.0,0.0,7.0,2.0
2026,2,Virginia Lynchburg,Morgan State,5306374,Justyn Bartlett,0.0,0.0,0.0,0.0,7.0,1.0,0.0,0.0
2026,2,Virginia Lynchburg,Morgan State,5451166,James Carney,0.0,0.0,0.0,0.0,29.0,3.0,8.0,32.0
2026,2,Virginia Lynchburg,Morgan State,5451167,Christian Banks,1.0,3.0,0.0,7.0,0.0,0.0,2.0,17.0
2026,2,Virginia Lynchburg,Morgan State,5451169,Nycholas Underwood,0.0,0.0,0.0,0.0,10.0,1.0,3.0,36.0
2026,2,Virginia Lynchburg,Morgan State,5451170,Asa Haskins,0.0,0.0,0.0,0.0,34.0,5.0,0.0,0.0
2026,2,Virginia Lynchburg,Morgan State,5451171,Ashley Terrell,0.0,0.0,0.0,0.0,3.0,1.0,1.0,2.0
2026,2,Virginia Lynchburg,Morgan State,5451182,Keitrick Charles,0.0,0.0,0.0,0.0,0.0,0.0,3.0,4.0
2026,2,Virginia Lynchburg,Morgan State,5451208,Brayden Morgan,10.0,19.0,0.0,75.0,0.0,0.0,2.0,1.0
2026,2,Virginia Lynchburg,Morgan State,5451220,Rashad Williams,0.0,0.0,0.0,0.0,11.0,1.0,0.0,0.0
2026,2,Virginia State,South Carolina State,-7812, Team,0.0,0.0,0.0,0.0,0.0,0.0,3.0,-3.0
2026,2,Virginia State,South Carolina State,4713068,Kevin Gayles,0.0,0.0,0.0,0.0,11.0,1.0,0.0,0.0
2026,2,Virginia State,South Carolina State,5159960,Jaylen Pretlow,0.0,0.0,0.0,0.0,10.0,1.0,1.0,5.0
2026,2,Virginia State,South Carolina State,5162527,Donovan Hoskins,0.0,0.0,0.0,0.0,6.0,1.0,0.0,0.0
2026,2,Virginia State,South Carolina State,5162538,Brandon Rose,0.0,0.0,0.0,0.0,0.0,0.0,5.0,51.0
2026,2,Virginia State,South Carolina State,5162590,Tashaun Williams,0.0,0.0,0.0,0.0,4.0,1.0,0.0,0.0
2026,2,Virginia State,South Carolina State,5222819,Ajenavi Byrd,0.0,0.0,0.0,0.0,7.0,1.0,0.0,0.0
2026,2,Virginia State,South Carolina State,5303118,Rahsaan Matthews Jr.,8.0,19.0,0.0,59.0,0.0,0.0,6.0,0.0
2026,2,Virginia State,South Carolina State,5303120,Vincent Ordenes,0.0,0.0,0.0,0.0,19.0,2.0,0.0,0.0
2026,2,Virginia State,South Carolina State,5303122,Javion Whitfield,0.0,0.0,0.0,0.0,0.0,0.0,2.0,2.0
2026,2,Virginia State,South Carolina State,5303123,Carlos Alvarez,0.0,0.0,0.0,0.0,2.0,1.0,1.0,11.0
2026,2,Virginia State,South Carolina State,5303128,Baron Davis,0.0,2.0,0.0,0.0,0.0,0.0,1.0,-21.0
2026,2,Virginia State,South Carolina State,5303134,TJ Mordecai,0.0,0.0,0.0,0.0,0.0,0.0,4.0,7.0
2026,2,Virginia State,South Carolina State,5308727,Melvin Brown,0.0,0.0,0.0,0.0,0.0,0.0,2.0,3.0
2026,2,Virginia State,South Carolina State,5446889,Anthony Hansom,0.0,3.0,0.0,0.0,0.0,0.0,0.0,0.0
2026,2,Virginia Tech,Old Dominion,4685366,Benji Gosnell,0.0,0.0,0.0,0.0,2.0,1.0,0.0,0.0
2026,2,Virginia Tech,Old Dominion,4726129,Harrison Saint Germain,0.0,0.0,0.0,0.0,5.0,2.0,0.0,0.0
2026,2,Virginia Tech,Old Dominion,4918417,Ayden Greene,0.0,0.0,0.0,0.0,44.0,1.0,0.0,0.0
2026,2,Virginia Tech,Old Dominion,5079402,Tyseer Denmark,0.0,0.0,0.0,0.0,17.0,2.0,1.0,-7.0
2026,2,Virginia Tech,Old Dominion,5092787,Marlion Jackson,0.0,0.0,0.0,0.0,6.0,1.0,0.0,0.0
2026,2,Virginia Tech,Old Dominion,5138451,Luke Reynolds,0.0,0.0,0.0,0.0,108.0,8.0,1.0,-2.0
2026,2,Virginia Tech,Old Dominion,5141366,Bryce Baker,1.0,2.0,0.0,0.0,0.0,0.0,4.0,21.0
2026,2,Virginia Tech,Old Dominion,5142238,Tyler Mason,0.0,0.0,0.0,0.0,0.0,0.0,2.0,1.0
2026,2,Virginia Tech,Old Dominion,5144078,Ethan Grunkemeyer,31.0,42.0,2.0,327.0,0.0,0.0,6.0,-25.0
2026,2,Virginia Tech,Old Dominion,5158951,Davion Brown,0.0,0.0,0.0,0.0,19.0,2.0,0.0,0.0
2026,2,Virginia Tech,Old Dominion,5159010,Messiah Mickens,0.0,0.0,0.0,0.0,0.0,0.0,3.0,11.0
2026,2,Virginia Tech,Old Dominion,5161652,Ja'Ricous Hairston,0.0,0.0,0.0,0.0,35.0,2.0,0.0,0.0
2026,2,Virginia Tech,Old Dominion,5214409,Jeffrey Overton Jr.,0.0,0.0,0.0,0.0,32.0,4.0,14.0,47.0
2026,2,Virginia Tech,Old Dominion,5218787,Que'Sean Brown,0.0,0.0,0.0,0.0,41.0,7.0,0.0,0.0
2026,2,Virginia Tech,Old Dominion,5260847,Marcellous Hawkins,0.0,0.0,0.0,0.0,18.0,2.0,11.0,43.0
2026,2,Wagner,James Madison,-7828, Team,0.0,0.0,0.0,0.0,0.0,0.0,1.0,-3.0
2026,2,Wagner,James Madison,5102160,Derek Burrell,0.0,0.0,0.0,0.0,0.0,0.0,1.0,-1.0
2026,2,Wagner,James Madison,5154303,Zion Fowler-El,0.0,0.0,0.0,0.0,45.0,4.0,0.0,0.0
2026,2,Wagner,James Madison,5160572,Jeremiah Colclough,0.0,0.0,0.0,0.0,5.0,1.0,0.0,0.0
2026,2,Wagner,James Madison,5160581,Sekou Kamau,0.0,0.0,0.0,0.0,0.0,0.0,1.0,4.0
2026,2,Wagner,James Madison,5160593,Teree McDonald,0.0,0.0,0.0,0.0,13.0,1.0,0.0,0.0
2026,2,Wagner,James Madison,5160617,Christopher Harris,0.0,0.0,0.0,0.0,10.0,1.0,0.0,0.0
2026,2,Wagner,James Madison,5227351,Cristian Pinto,3.0,7.0,0.0,17.0,0.0,0.0,0.0,0.0
2026,2,Wagner,James Madison,5227354,Andrew Ransome,0.0,0.0,0.0,0.0,0.0,0.0,11.0,31.0
2026,2,Wagner,James Madison,5302599,Uriah Moats-Maynard,0.0,0.0,0.0,0.0,7.0,1.0,14.0,33.0
2026,2,Wagner,James Madison,5302607,Karlos Grier,0.0,0.0,0.0,0.0,3.0,1.0,0.0,0.0
2026,2,Wagner,James Madison,5302638,Benjamin Newman,11.0,20.0,0.0,101.0,0.0,0.0,6.0,13.0
2026,2,Wagner,James Madison,5302641,Malik Redd,0.0,0.0,0.0,0.0,29.0,3.0,0.0,0.0
2026,2,Wagner,James Madison,5440714,Shawn James,0.0,0.0,0.0,0.0,6.0,2.0,6.0,9.0
2026,2,Wake Forest,Purdue,-7831, Team,0.0,0.0,0.0,0.0,0.0,0.0,1.0,-1.0
2026,2,Wake Forest,Purdue,4920227,Giovanni Lopez,16.0,27.0,1.0,225.0,0.0,0.0,13.0,59.0
2026,2,Wake Forest,Purdue,5099305,Antonio Meeks,0.0,0.0,0.0,0.0,32.0,2.0,0.0,0.0
2026,2,Wake Forest,Purdue,5121666,Kameran Shanks,0.0,0.0,0.0,0.0,39.0,3.0,0.0,0.0
2026,2,Wake Forest,Purdue,5151274,Drayden Dickmann,0.0,0.0,0.0,0.0,0.0,0.0,1.0,44.0
2026,2,Wake Forest,Purdue,5153074,Carlos Hernandez,0.0,0.0,0.0,0.0,88.0,6.0,0.0,0.0
2026,2,Wake Forest,Purdue,5155870,Will Loerzel,0.0,0.0,0.0,0.0,16.0,2.0,0.0,0.0
2026,2,Wake Forest,Purdue,5186586,Ty Clark III,0.0,0.0,0.0,0.0,0.0,0.0,12.0,36.0
2026,2,Wake Forest,Purdue,5216695,Bryce Kania,0.0,0.0,0.0,0.0,38.0,2.0,0.0,0.0
2026,2,Wake Forest,Purdue,5222223,KD Daniels,0.0,0.0,0.0,0.0,0.0,0.0,2.0,3.0
2026,2,Wake Forest,Purdue,5382529,Deuce Lawrence,0.0,0.0,0.0,0.0,12.0,1.0,12.0,45.0
2026,2,Washington,Utah State,4601283,Trevion Cooley,0.0,0.0,0.0,0.0,-1.0,1.0,7.0,22.0
2026,2,Washington,Utah State,4871068,Rashid Williams,0.0,0.0,0.0,0.0,22.0,1.0,0.0,0.0
2026,2,Washington,Utah State,5079373,Decker DeGraaf,0.0,0.0,0.0,0.0,16.0,3.0,0.0,0.0
2026,2,Washington,Utah State,5079653,Demond Williams Jr.,26.0,41.0,0.0,249.0,0.0,0.0,11.0,56.0
2026,2,Washington,Utah State,5141559,Chris Lawson,0.0,0.0,0.0,0.0,29.0,3.0,0.0,0.0
2026,2,Washington,Utah State,5158960,Jordan Clay,0.0,0.0,0.0,0.0,42.0,4.0,0.0,0.0
2026,2,Washington,Utah State,5159065,Ansu Sanoe,0.0,0.0,0.0,0.0,0.0,0.0,5.0,5.0
2026,2,Washington,Utah State,5164338,Baron Naone,0.0,0.0,0.0,0.0,38.0,3.0,0.0,0.0
2026,2,Washington,Utah State,5166797,Dezmen Roebuck,0.0,0.0,0.0,0.0,59.0,7.0,0.0,0.0
2026,2,Washington,Utah State,5200430,Brian Bonner Jr.,0.0,0.0,0.0,0.0,0.0,0.0,9.0,22.0
2026,2,Washington,Utah State,5209387,Derek Zammit,0.0,0.0,0.0,0.0,0.0,0.0,1.0,2.0
2026,2,Washington,Utah State,5274332,Trez Davis,0.0,0.0,0.0,0.0,44.0,4.0,0.0,0.0
2026,2,Washington State,Kansas State,4685297,Darrius Clemons,0.0,0.0,0.0,0.0,27.0,3.0,0.0,0.0
2026,2,Washington State,Kansas State,4685492,Jack Pedersen,0.0,0.0,0.0,0.0,1.0,2.0,0.0,0.0
2026,2,Washington State,Kansas State,5076654,Leo Pulalasi,0.0,0.0,0.0,0.0,0.0,0.0,1.0,-2.0
2026,2,Washington State,Kansas State,5119307,Daniel Blood,0.0,0.0,0.0,0.0,14.0,2.0,0.0,0.0
2026,2,Washington State,Kansas State,5153065,Branden Ganashamoorthy,0.0,0.0,0.0,0.0,11.0,1.0,0.0,0.0
2026,2,Washington State,Kansas State,5154732,Kirby Vorhees,0.0,0.0,0.0,0.0,0.0,0.0,11.0,45.0
2026,2,Washington State,Kansas State,5226019,Caden Pinnick,9.0,20.0,0.0,65.0,0.0,0.0,13.0,29.0
2026,2,Washington State,Kansas State,5227814,Maxwell Woods,0.0,0.0,0.0,0.0,12.0,1.0,5.0,29.0
2026,2,Weber State,Colorado,5085631,Marvin Session,0.0,0.0,0.0,0.0,24.0,1.0,0.0,0.0
2026,2,Weber State,Colorado,5151291,Cash Mccollum,2.0,4.0,0.0,1.0,0.0,0.0,2.0,10.0
2026,2,Weber State,Colorado,5219999,Omar Shah,0.0,0.0,0.0,0.0,0.0,0.0,12.0,65.0
2026,2,Weber State,Colorado,5229961,Mason York,0.0,0.0,0.0,0.0,1.0,1.0,0.0,0.0
2026,2,Weber State,Colorado,5229962,Noah Kjar,0.0,0.0,0.0,0.0,121.0,7.0,0.0,0.0
2026,2,Weber State,Colorado,5304122,Robert Young,0.0,0.0,0.0,0.0,66.0,6.0,0.0,0.0
2026,2,Weber State,Colorado,5439505,Nate Dahle,20.0,48.0,3.0,244.0,0.0,0.0,6.0,16.0
2026,2,Weber State,Colorado,5439508,Jasean Mayberry,0.0,0.0,0.0,0.0,15.0,3.0,0.0,0.0
2026,2,Weber State,Colorado,5439516,Seth Rigtrup,0.0,0.0,0.0,0.0,18.0,3.0,6.0,15.0
2026,2,Weber State,Colorado,5439519,Semisi Kinikini,0.0,0.0,0.0,0.0,0.0,1.0,1.0,11.0
2026,2,Weber State,Colorado,5439526,Dyson Parker,0.0,0.0,0.0,0.0,0.0,0.0,2.0,10.0
2026,2,West Georgia,Arkansas State,-7914, Team,0.0,1.0,0.0,0.0,0.0,0.0,0.0,0.0
2026,2,West Georgia,Arkansas State,4684061,T.J. Lockley,0.0,0.0,0.0,0.0,76.0,6.0,0.0,0.0
2026,2,West Georgia,Arkansas State,4870798,Malik Leverett,0.0,0.0,0.0,0.0,14.0,2.0,0.0,0.0
2026,2,West Georgia,Arkansas State,4880196,Colton FitzGerald,14.0,24.0,1.0,149.0,0.0,0.0,0.0,0.0
2026,2,West Georgia,Arkansas State,5157481,Collin Hurst,4.0,7.0,0.0,16.0,0.0,0.0,2.0,-3.0
2026,2,West Georgia,Arkansas State,5194666,Josh Schuchts,0.0,0.0,0.0,0.0,5.0,1.0,0.0,0.0
2026,2,West Georgia,Arkansas State,5194695,Luke Marble,1.0,1.0,0.0,9.0,0.0,0.0,3.0,11.0
2026,2,West Georgia,Arkansas State,5224729,Colby Dixon,0.0,0.0,0.0,0.0,7.0,1.0,0.0,0.0
2026,2,West Georgia,Arkansas State,5224748,Jamarcus Prince,0.0,0.0,0.0,0.0,9.0,1.0,0.0,0.0
2026,2,West Georgia,Arkansas State,5224749,DK Daniel,0.0,1.0,0.0,0.0,34.0,2.0,0.0,0.0
2026,2,West Georgia,Arkansas State,5226573,Shammai Gates,0.0,0.0,0.0,0.0,0.0,0.0,4.0,18.0
2026,2,West Georgia,Arkansas State,5231055,BJ Atkins,0.0,0.0,0.0,0.0,0.0,0.0,1.0,11.0
2026,2,West Georgia,Arkansas State,5231064,Justin Montgomery,0.0,0.0,0.0,0.0,0.0,0.0,3.0,11.0
2026,2,West Georgia,Arkansas State,5291188,Brody Jones,0.0,0.0,0.0,0.0,17.0,2.0,0.0,0.0
2026,2,West Georgia,Arkansas State,5300122,Chance Washington,0.0,0.0,0.0,0.0,0.0,0.0,2.0,2.0
2026,2,West Georgia,Arkansas State,5300141,Jaden Henry,0.0,0.0,0.0,0.0,1.0,1.0,0.0,0.0
2026,2,West Georgia,Arkansas State,5300928,Naeem Odeniyi,0.0,0.0,0.0,0.0,0.0,0.0,3.0,2.0
2026,2,West Georgia,Arkansas State,5300949,Jabari Staples,0.0,0.0,0.0,0.0,9.0,1.0,0.0,0.0
2026,2,West Georgia,Arkansas State,5300952,Aidan Sefa,0.0,0.0,0.0,0.0,2.0,2.0,0.0,0.0
2026,2,West Georgia,Arkansas State,5438897,Christian Monfort,0.0,0.0,0.0,0.0,0.0,0.0,6.0,20.0
2026,2,West Virginia,UT Martin,4683719,Jaden Bray,0.0,0.0,0.0,0.0,0.0,0.0,1.0,4.0
2026,2,West Virginia,UT Martin,4918103,Cam Cook,0.0,0.0,0.0,0.0,0.0,0.0,10.0,52.0
2026,2,West Virginia,UT Martin,5079465,Michael Hawkins Jr.,5.0,7.0,2.0,155.0,0.0,0.0,6.0,96.0
2026,2,West Virginia,UT Martin,5082584,DJ Epps,0.0,0.0,0.0,0.0,112.0,2.0,1.0,18.0
2026,2,West Virginia,UT Martin,5141456,TaRon Francis,0.0,0.0,0.0,0.0,0.0,0.0,1.0,3.0
2026,2,West Virginia,UT Martin,5141754,Armoni Weaver,0.0,0.0,0.0,0.0,18.0,2.0,1.0,3.0
2026,2,West Virginia,UT Martin,5142265,Ryan Ward,0.0,0.0,0.0,0.0,32.0,1.0,0.0,0.0
2026,2,West Virginia,UT Martin,5150460,John Neider,0.0,0.0,0.0,0.0,9.0,1.0,0.0,0.0
2026,2,West Virginia,UT Martin,5154886,Cyrus Traugh,0.0,0.0,0.0,0.0,11.0,1.0,0.0,0.0
2026,2,West Virginia,UT Martin,5158933,Lawrence Autry,0.0,0.0,0.0,0.0,0.0,0.0,2.0,9.0
2026,2,West Virginia,UT Martin,5161022,Amari Latimer,0.0,0.0,0.0,0.0,0.0,0.0,5.0,33.0
2026,2,West Virginia,UT Martin,5161828,Jyron Hughley,1.0,1.0,1.0,27.0,0.0,0.0,4.0,28.0
2026,2,West Virginia,UT Martin,5164314,Scotty Fox Jr.,2.0,4.0,0.0,27.0,0.0,0.0,4.0,21.0
2026,2,West Virginia,UT Martin,5219881,Darius Morant,0.0,0.0,0.0,0.0,0.0,0.0,7.0,11.0
2026,2,West Virginia,UT Martin,5264725,Max Anderson,0.0,0.0,0.0,0.0,0.0,0.0,1.0,7.0
2026,2,West Virginia,UT Martin,5384819,Kedrick Triplett,0.0,0.0,0.0,0.0,27.0,1.0,0.0,0.0
2026,2,West Virginia,UT Martin,5384821,Martavious Boswell,0.0,0.0,0.0,0.0,0.0,0.0,8.0,31.0
2026,2,Western Carolina,Cincinnati,4431527,Derrick Davis Jr.,0.0,0.0,0.0,0.0,7.0,2.0,2.0,0.0
2026,2,Western Carolina,Cincinnati,4875128,Lex Thomas,23.0,32.0,0.0,165.0,0.0,0.0,5.0,18.0
2026,2,Western Carolina,Cincinnati,5081427,Jake Young,0.0,0.0,0.0,0.0,49.0,5.0,0.0,0.0
2026,2,Western Carolina,Cincinnati,5089572,AJ Colombo,0.0,0.0,0.0,0.0,17.0,2.0,0.0,0.0
2026,2,Western Carolina,Cincinnati,5132643,Kale Woodburn,0.0,0.0,0.0,0.0,5.0,2.0,0.0,0.0
2026,2,Western Carolina,Cincinnati,5158904,Anthony Benjamin,0.0,0.0,0.0,0.0,0.0,0.0,1.0,0.0
2026,2,Western Carolina,Cincinnati,5159359,Jai Boyd,0.0,0.0,0.0,0.0,32.0,6.0,0.0,0.0
2026,2,Western Carolina,Cincinnati,5159364,Marlin Cochran,0.0,0.0,0.0,0.0,0.0,0.0,3.0,25.0
2026,2,Western Carolina,Cincinnati,5222257,Kha'Leal Sterling,0.0,0.0,0.0,0.0,12.0,1.0,0.0,0.0
2026,2,Western Carolina,Cincinnati,5225530,Austin Cunningham,0.0,0.0,0.0,0.0,2.0,1.0,0.0,0.0
2026,2,Western Carolina,Cincinnati,5225532,Bode Burns,0.0,0.0,0.0,0.0,6.0,1.0,0.0,0.0
2026,2,Western Carolina,Cincinnati,5231037,Isaac Lee,1.0,3.0,0.0,2.0,0.0,0.0,0.0,0.0
2026,2,Western Carolina,Cincinnati,5272771,Santana Carlos,0.0,0.0,0.0,0.0,26.0,2.0,0.0,0.0
2026,2,Western Carolina,Cincinnati,5291710,Jadarius Dobie,0.0,0.0,0.0,0.0,0.0,0.0,1.0,3.0
2026,2,Western Carolina,Cincinnati,5301979,Josh Perry,0.0,0.0,0.0,0.0,11.0,2.0,7.0,24.0
2026,2,Western Carolina,Cincinnati,5441193,Patrick Harding,0.0,2.0,0.0,0.0,0.0,0.0,0.0,0.0
2026,2,Western Carolina,Cincinnati,5441194,Joshua Balloon,0.0,0.0,0.0,0.0,0.0,0.0,1.0,4.0
2026,2,Western Illinois,Wisconsin,4832021,Elijah Jackson-Anderson,0.0,0.0,0.0,0.0,12.0,3.0,8.0,19.0
2026,2,Western Illinois,Wisconsin,5165011,Kennedy McGill,13.0,22.0,0.0,139.0,0.0,0.0,18.0,88.0
2026,2,Western Illinois,Wisconsin,5165734,Josh Robinson,0.0,0.0,0.0,0.0,26.0,3.0,6.0,17.0
2026,2,Western Illinois,Wisconsin,5220681,Petey Tucker,0.0,0.0,0.0,0.0,10.0,1.0,0.0,0.0
2026,2,Western Illinois,Wisconsin,5226318,Avery Knight,0.0,0.0,0.0,0.0,0.0,0.0,4.0,18.0
2026,2,Western Illinois,Wisconsin,5226320,Cam Edwards,0.0,0.0,0.0,0.0,7.0,1.0,0.0,0.0
2026,2,Western Illinois,Wisconsin,5226329,Aric Johnson,0.0,0.0,0.0,0.0,7.0,2.0,0.0,0.0
2026,2,Western Illinois,Wisconsin,5299364,Cason Carswell,2.0,2.0,0.0,9.0,0.0,0.0,0.0,0.0
2026,2,Western Illinois,Wisconsin,5419701,Israel Hiraldo,0.0,0.0,0.0,0.0,14.0,2.0,1.0,7.0
2026,2,Western Illinois,Wisconsin,5438626,Jacob Kania,0.0,0.0,0.0,0.0,58.0,2.0,0.0,0.0
2026,2,Western Illinois,Wisconsin,5438628,Xavier Coleman,0.0,0.0,0.0,0.0,14.0,1.0,0.0,0.0
2026,2,Western Illinois,Wisconsin,5438631,Cornell Conely,0.0,0.0,0.0,0.0,0.0,0.0,1.0,5.0
2026,2,Western Kentucky,Georgia,4716507,Quincy Burroughs,0.0,0.0,0.0,0.0,29.0,2.0,0.0,0.0
2026,2,Western Kentucky,Georgia,4878394,Ajay Allen,0.0,0.0,0.0,0.0,-2.0,1.0,11.0,19.0
2026,2,Western Kentucky,Georgia,4920135,Kalib Hicks,0.0,0.0,0.0,0.0,-3.0,1.0,2.0,5.0
2026,2,Western Kentucky,Georgia,4920158,Brock Glenn,12.0,23.0,1.0,84.0,0.0,0.0,13.0,70.0
2026,2,Western Kentucky,Georgia,4921322,Zion Taylor,0.0,0.0,0.0,0.0,19.0,2.0,0.0,0.0
2026,2,Western Kentucky,Georgia,5091828,Lofton Howard,0.0,0.0,0.0,0.0,14.0,3.0,0.0,0.0
2026,2,Western Kentucky,Georgia,5151200,Qua'Vez Humphreys,0.0,0.0,0.0,0.0,3.0,1.0,0.0,0.0
2026,2,Western Kentucky,Georgia,5155579,Cameron Flowers,0.0,0.0,0.0,0.0,14.0,1.0,0.0,0.0
2026,2,Western Kentucky,Georgia,5159815,Coleson Arends,0.0,0.0,0.0,0.0,18.0,2.0,0.0,0.0
2026,2,Western Kentucky,Georgia,5196864,Rodney Tisdale Jr.,6.0,14.0,0.0,31.0,0.0,0.0,4.0,-11.0
2026,2,Western Kentucky,Georgia,5290447,Le'Kamren Meadows,0.0,0.0,0.0,0.0,0.0,1.0,5.0,26.0
2026,2,Western Kentucky,Georgia,5290902,Jonathan Stafford Jr.,0.0,0.0,0.0,0.0,17.0,3.0,2.0,1.0
2026,2,Western Kentucky,Georgia,5291156,Devin Hamilton,0.0,0.0,0.0,0.0,6.0,1.0,0.0,0.0
2026,2,Western Michigan,Monmouth,-7923, Team,0.0,0.0,0.0,0.0,0.0,0.0,1.0,-1.0
2026,2,Western Michigan,Monmouth,4596437,AJ Green,0.0,0.0,0.0,0.0,0.0,0.0,1.0,2.0
2026,2,Western Michigan,Monmouth,4917858,Cole Cabana,0.0,0.0,0.0,0.0,0.0,0.0,4.0,6.0
2026,2,Western Michigan,Monmouth,5074245,Broc Lowry,14.0,20.0,3.0,212.0,0.0,0.0,4.0,40.0
2026,2,Western Michigan,Monmouth,5075962,Baylin Brooks,0.0,0.0,0.0,0.0,25.0,2.0,0.0,0.0
2026,2,Western Michigan,Monmouth,5085006,Jalen Buckley,0.0,0.0,0.0,0.0,9.0,1.0,10.0,28.0
2026,2,Western Michigan,Monmouth,5086095,Terence Marshall,0.0,0.0,0.0,0.0,8.0,1.0,0.0,0.0
2026,2,Western Michigan,Monmouth,5121636,Adam Parks,0.0,0.0,0.0,0.0,12.0,2.0,0.0,0.0
2026,2,Western Michigan,Monmouth,5126475,Trey Petty,4.0,5.0,1.0,54.0,0.0,0.0,4.0,30.0
2026,2,Western Michigan,Monmouth,5144956,Ryan Brotherton,0.0,0.0,0.0,0.0,21.0,1.0,0.0,0.0
2026,2,Western Michigan,Monmouth,5155273,Egypt Nelson,0.0,0.0,0.0,0.0,39.0,3.0,0.0,0.0
2026,2,Western Michigan,Monmouth,5157528,Nathan Levicki,0.0,0.0,0.0,0.0,28.0,2.0,0.0,0.0
2026,2,Western Michigan,Monmouth,5164351,Aveion Chenault,0.0,0.0,0.0,0.0,101.0,4.0,0.0,0.0
2026,2,Western Michigan,Monmouth,5276960,Donovan Triplett,0.0,0.0,0.0,0.0,0.0,0.0,1.0,3.0
2026,2,Western Michigan,Monmouth,5282469,Harper Hughes,0.0,0.0,0.0,0.0,23.0,2.0,3.0,12.0
2026,2,Western Michigan,Monmouth,5296166,Ofa Mataele,0.0,0.0,0.0,0.0,0.0,0.0,4.0,28.0
2026,2,William & Mary,Lehigh,-8054, Team,0.0,0.0,0.0,0.0,0.0,0.0,3.0,-21.0
2026,2,William & Mary,Lehigh,5083268,Carson Jenkins,0.0,0.0,0.0,0.0,1.0,1.0,0.0,0.0
2026,2,William & Mary,Lehigh,5083271,Sean McElwain,0.0,0.0,0.0,0.0,14.0,2.0,0.0,0.0
2026,2,William & Mary,Lehigh,5154031,Garrett Robertson,0.0,0.0,0.0,0.0,10.0,1.0,0.0,0.0
2026,2,William & Mary,Lehigh,5170940,Leonte Oulahi,0.0,0.0,0.0,0.0,8.0,1.0,0.0,0.0
2026,2,William & Mary,Lehigh,5226827,Andrew King,0.0,0.0,0.0,0.0,0.0,0.0,11.0,78.0
2026,2,William & Mary,Lehigh,5226917,Winston Watkins,18.0,22.0,0.0,164.0,0.0,0.0,10.0,36.0
2026,2,William & Mary,Lehigh,5227007,Haven Mullins,0.0,0.0,0.0,0.0,1.0,1.0,0.0,0.0
2026,2,William & Mary,Lehigh,5299908,Jah'Kei Chavis,0.0,0.0,0.0,0.0,0.0,0.0,10.0,51.0
2026,2,William & Mary,Lehigh,5301109,Kai Austin,0.0,0.0,0.0,0.0,82.0,10.0,0.0,0.0
2026,2,William & Mary,Lehigh,5301110,Alfred Honesty,0.0,0.0,0.0,0.0,16.0,2.0,0.0,0.0
2026,2,William & Mary,Lehigh,5301114,Carter Carroll,7.0,17.0,0.0,34.0,0.0,0.0,0.0,0.0
2026,2,William & Mary,Lehigh,5301127,Gavin McIntosh,0.0,0.0,0.0,0.0,11.0,1.0,0.0,0.0
2026,2,William & Mary,Lehigh,5402325,Khylil Johnson,0.0,0.0,0.0,0.0,0.0,1.0,0.0,0.0
2026,2,William & Mary,Lehigh,5402331,Luke Vanantwerp,0.0,0.0,0.0,0.0,55.0,5.0,0.0,0.0
2026,2,Wisconsin,Western Illinois,4714046,Tyrell Henry,0.0,0.0,0.0,0.0,91.0,4.0,1.0,2.0
2026,2,Wisconsin,Western Illinois,4917172,Chris Brooks Jr.,0.0,0.0,0.0,0.0,39.0,2.0,0.0,0.0
2026,2,Wisconsin,Western Illinois,5078005,Abu Sama III,0.0,0.0,0.0,0.0,5.0,1.0,8.0,107.0
2026,2,Wisconsin,Western Illinois,5079378,Darrion Dupree,0.0,0.0,0.0,0.0,0.0,0.0,4.0,38.0
2026,2,Wisconsin,Western Illinois,5079500,Bryan Jackson,0.0,0.0,0.0,0.0,0.0,0.0,10.0,40.0
2026,2,Wisconsin,Western Illinois,5079552,Nate Palmer,0.0,0.0,0.0,0.0,0.0,0.0,1.0,2.0
2026,2,Wisconsin,Western Illinois,5122018,Jacob Harris,0.0,0.0,0.0,0.0,6.0,2.0,0.0,0.0
2026,2,Wisconsin,Western Illinois,5125715,Colton Joseph,12.0,22.0,1.0,173.0,0.0,0.0,4.0,33.0
2026,2,Wisconsin,Western Illinois,5141505,Eugene Hilton Jr.,0.0,0.0,0.0,0.0,32.0,3.0,0.0,0.0
2026,2,Wisconsin,Western Illinois,5210475,Ryan Hopkins,0.0,0.0,0.0,0.0,0.0,0.0,3.0,11.0
2026,2,Wofford,Kent State,5153792,Jack Purdy,0.0,0.0,0.0,0.0,2.0,1.0,0.0,0.0
2026,2,Wofford,Kent State,5156255,JT Fayard,4.0,11.0,0.0,15.0,0.0,0.0,2.0,-9.0
2026,2,Wofford,Kent State,5172059,Anjuan Coleman Jr.,0.0,0.0,0.0,0.0,6.0,1.0,0.0,0.0
2026,2,Wofford,Kent State,5203716,Ethan Drumm,9.0,16.0,0.0,100.0,0.0,0.0,8.0,4.0
2026,2,Wofford,Kent State,5209366,Davis Penn,0.0,0.0,0.0,0.0,0.0,0.0,1.0,6.0
2026,2,Wofford,Kent State,5225610,Ivory Aikens,0.0,0.0,0.0,0.0,3.0,1.0,0.0,0.0
2026,2,Wofford,Kent State,5225611,Isaiah Scott,0.0,0.0,0.0,0.0,47.0,3.0,0.0,0.0
2026,2,Wofford,Kent State,5225614,Isaiah Nell,0.0,0.0,0.0,0.0,-1.0,1.0,1.0,1.0
2026,2,Wofford,Kent State,5301987,Terrance Honeywood,0.0,0.0,0.0,0.0,27.0,1.0,0.0,0.0
2026,2,Wofford,Kent State,5301989,Gerald Modest,0.0,0.0,0.0,0.0,18.0,1.0,14.0,56.0
2026,2,Wofford,Kent State,5302026,Jack Ewell,0.0,0.0,0.0,0.0,19.0,2.0,0.0,0.0
2026,2,Wofford,Kent State,5302028,Colby Alexander,0.0,0.0,0.0,0.0,-6.0,2.0,0.0,0.0
2026,2,Wyoming,Northern Colorado,-8086, Team,0.0,0.0,0.0,0.0,0.0,0.0,3.0,-3.0
2026,2,Wyoming,Northern Colorado,4826579,Tyler Siddons,0.0,0.0,0.0,0.0,5.0,1.0,0.0,0.0
2026,2,Wyoming,Northern Colorado,4838536,Tyler Hughes,18.0,26.0,2.0,149.0,0.0,0.0,8.0,26.0
2026,2,Wyoming,Northern Colorado,4879876,Isaac Schoenfeld,0.0,0.0,0.0,0.0,4.0,1.0,0.0,0.0
2026,2,Wyoming,Northern Colorado,4912280,Charlie Coenen,0.0,0.0,0.0,0.0,34.0,3.0,0.0,0.0
2026,2,Wyoming,Northern Colorado,5078816,Jackson Holman,0.0,0.0,0.0,0.0,10.0,1.0,0.0,0.0
2026,2,Wyoming,Northern Colorado,5193325,Jake Wilson,0.0,0.0,0.0,0.0,35.0,3.0,0.0,0.0
2026,2,Wyoming,Northern Colorado,5215395,Kyle Frendt,0.0,0.0,0.0,0.0,18.0,1.0,0.0,0.0
2026,2,Wyoming,Northern Colorado,5227257,Markell Holman,0.0,0.0,0.0,0.0,27.0,5.0,11.0,80.0
2026,2,Wyoming,Northern Colorado,5258056,Samuel Harris,0.0,0.0,0.0,0.0,7.0,2.0,11.0,48.0
2026,2,Wyoming,Northern Colorado,5296622,Eric Richardson,0.0,0.0,0.0,0.0,9.0,1.0,1.0,4.0
2026,2,Youngstown State,Duquesne,-8097, Team,0.0,0.0,0.0,0.0,0.0,0.0,2.0,-7.0
2026,2,Youngstown State,Duquesne,4869735,Roger Walters,0.0,0.0,0.0,0.0,15.0,2.0,0.0,0.0
2026,2,Youngstown State,Duquesne,5094046,Aidan Stephens,0.0,0.0,0.0,0.0,6.0,1.0,0.0,0.0
2026,2,Youngstown State,Duquesne,5102806,Alex McDonald,0.0,0.0,0.0,0.0,10.0,1.0,0.0,0.0
2026,2,Youngstown State,Duquesne,5109518,Beau Brungard,20.0,23.0,6.0,290.0,0.0,0.0,14.0,111.0
2026,2,Youngstown State,Duquesne,5109526,Da'Shaun Whatley,0.0,0.0,0.0,0.0,0.0,0.0,3.0,24.0
2026,2,Youngstown State,Duquesne,5122403,Lorenzo Jenkins,0.0,0.0,0.0,0.0,13.0,1.0,0.0,0.0
2026,2,Youngstown State,Duquesne,5144409,Dorian Williams,0.0,0.0,0.0,0.0,58.0,3.0,0.0,0.0
2026,2,Youngstown State,Duquesne,5182253,Jaden Gilbert,0.0,0.0,0.0,0.0,3.0,1.0,7.0,20.0
2026,2,Youngstown State,Duquesne,5219180,Zane Kinsey,0.0,0.0,0.0,0.0,15.0,2.0,0.0,0.0
2026,2,Youngstown State,Duquesne,5227371,Antuan Gardner,0.0,0.0,0.0,0.0,0.0,0.0,4.0,18.0
2026,2,Youngstown State,Duquesne,5300739,Tahir Mills,0.0,0.0,0.0,0.0,0.0,0.0,3.0,1.0
2026,2,Youngstown State,Duquesne,5300743,Malachi Lewis,8.0,9.0,1.0,117.0,0.0,0.0,2.0,13.0
2026,2,Youngstown State,Duquesne,5300750,Donald Barksdale,0.0,0.0,0.0,0.0,0.0,0.0,2.0,5.0
2026,2,Youngstown State,Duquesne,5300752,Jeremiah Sanders,0.0,0.0,0.0,0.0,65.0,4.0,0.0,0.0
2026,2,Youngstown State,Duquesne,5300768,Max Welter,0.0,0.0,0.0,0.0,54.0,1.0,0.0,0.0
2026,2,Youngstown State,Duquesne,5406177,Lynn Wyche-El,0.0,0.0,0.0,0.0,77.0,5.0,0.0,0.0
2026,2,Youngstown State,Duquesne,5406179,Bryan Hunt,0.0,0.0,0.0,0.0,64.0,5.0,0.0,0.0
2026,2,Youngstown State,Duquesne,5406181,Connor Smith,0.0,0.0,0.0,0.0,28.0,1.0,0.0,0.0
2026,2,Youngstown State,Duquesne,5406185,Zion Neal,0.0,0.0,0.0,0.0,-1.0,1.0,1.0,11.0
