season,player_id,player_name,team,position,overall_usage,rush_usage,pass_usage
2026,239093,Jeff Logan,Central Connecticut,RB,0.032,0.083,0.0
2026,518623,Isaiah Jones,Maine,TE,0.016,0.038,0.0
2026,1967653,Brian Green Jr.,Gardner-Webb,WR,0.056,0.0,0.08
2026,3116099,Monte Harrison,Arkansas,WR,0.051,0.0,0.075
2026,3149911,Jordan Jackson,Arkansas-Pine Bluff,WR,0.082,0.0,0.194
2026,3949586,Jake Taylor,Duke,TE,0.037,0.0,0.104
2026,4241676,Kordell Rodgers,Texas Southern,TE,0.034,0.0,0.09
2026,4244849,Marcel Williams,Akron,WR,0.071,0.015,0.129
2026,4258419,Hunter Smith,Temple,RB,0.083,0.12,0.024
2026,4379471,Tyler Brown,Clemson,WR,0.055,0.0,0.113
2026,4429804,Jimmy Calloway,Tulsa,WR,0.121,0.015,0.25
2026,4430827,Troy Omeire,New Mexico,WR,0.042,0.0,0.13
2026,4431484,Jay Wilkerson,Louisiana Tech,WR,0.017,0.0,0.048
2026,4431516,Brandon Buckhaulter,UL Monroe,WR,0.037,0.013,0.077
2026,4431527,Derrick Davis Jr.,Western Carolina,RB,0.082,0.143,0.06
2026,4431633,Will Crowder,Troy,QB,0.468,0.13,0.965
2026,4431647,Chauncey Magwood,Purdue,WR,0.057,0.013,0.1
2026,4431976,Dustin Fletcher,Florida A&M,QB,0.249,0.145,0.344
2026,4432236,DaJon Harrison,Utah Tech,WR,0.038,0.0,0.07
2026,4432404,Jamall Mensah,Rhode Island,WR,0.047,0.0,0.098
2026,4432534,Tyree Saunders,North Carolina Central,WR,0.022,0.0,0.053
2026,4432669,Joshua Burrell,Arkansas State,TE,0.017,0.0,0.041
2026,4432691,Carlos Del Rio-Wilson,Marshall,QB,0.036,0.083,0.0
2026,4432703,Jake Garcia,Furman,QB,0.535,0.226,0.94
2026,4432727,Solomon Lewis,McNeese,WR,0.052,0.0,0.108
2026,4432757,Evan Pryor,Florida,RB,0.032,0.033,0.032
2026,4432774,Ty Thompson,Tulane,TE,0.037,0.0,0.075
2026,4433829,Mitch Griffis,East Carolina,QB,0.596,0.226,0.933
2026,4433968,Byron Cardwell,Mercyhurst,RB,0.125,0.261,0.032
2026,4461429,Elijah Caldwell,Eastern Kentucky,WR,0.085,0.01,0.19
2026,4463590,Caleb Anderson,Alcorn State,TE,0.033,0.0,0.095
2026,4522107,Daveon Walker,Texas Southern,WR,0.021,0.012,0.036
2026,4565355,Dexter Williams II,Tulsa,QB,0.054,0.029,0.081
2026,4568237,Matt Smith,Sam Houston,TE,0.022,0.0,0.034
2026,4568411,Cornelious Brown,Alabama A&M,QB,0.575,0.077,0.971
2026,4569262,Alex Honig,Northwestern,TE,0.055,0.0,0.115
2026,4571205,Talmage Brown,Southern Utah,RB,0.03,0.026,0.04
2026,4581420,Lonyatta Alexander,Idaho,WR,0.093,0.016,0.16
2026,4592532,Billy Edwards,North Carolina,QB,0.496,0.094,0.895
2026,4596437,AJ Green,Western Michigan,RB,0.017,0.032,0.0
2026,4597499,Mikey Keene,Arizona State,QB,0.099,0.0,0.194
2026,4601283,Trevion Cooley,Washington,RB,0.092,0.186,0.026
2026,4602644,Brendon Barrow,Rhode Island,RB,0.249,0.392,0.109
2026,4602895,Makai Cope,Missouri State,WR,0.024,0.0,0.059
2026,4602923,Jaylen Henderson,Liberty,QB,0.059,0.051,0.074
2026,4603185,Markus Allen,Middle Tennessee,WR,0.042,0.0,0.068
2026,4606658,Samari Collier,Delaware State,QB,0.092,0.143,0.029
2026,4606685,Logan Mauldin,Charlotte,TE,0.026,0.0,0.048
2026,4608801,Nae'Saan Dickerson,Grambling,WR,0.07,0.0,0.161
2026,4608922,Braydon Bennett,Eastern Michigan,RB,0.12,0.273,0.018
2026,4612624,Antwan Roberts,Arizona,RB,0.054,0.121,0.0
2026,4613112,Terence Loville,Portland State,WR,0.134,0.011,0.228
2026,4613165,Demick Starling,Utah State,WR,0.034,0.0,0.066
2026,4618083,Ethan Hampton,Southern Miss,QB,0.386,0.064,0.806
2026,4680018,Alton McCaskill,Sam Houston,RB,0.274,0.565,0.125
2026,4680024,Da'Wain Lofton,Delaware,WR,0.064,0.0,0.114
2026,4683136,Tae'Shaun Johnson,Gardner-Webb,WR,0.013,0.0,0.019
2026,4683210,Brady Hunt,South Carolina,TE,0.035,0.0,0.085
2026,4683306,Landon Morris,Wake Forest,TE,0.044,0.0,0.086
2026,4683417,Miles Campbell,UTSA,TE,0.022,0.0,0.042
2026,4683466,Jamir Roberts,Incarnate Word,WR,0.031,0.0,0.055
2026,4683543,RJ Garcia II,Florida Atlantic,WR,0.013,0.0,0.029
2026,4683665,Zuberi Mobley,Bethune-Cookman,RB,0.145,0.158,0.136
2026,4683719,Jaden Bray,West Virginia,WR,0.043,0.009,0.185
2026,4683911,Damir Abdullah,The Citadel,WR,0.057,0.0,0.218
2026,4683912,Hunter Herring,Auburn,TE,0.012,0.0,0.029
2026,4684061,T.J. Lockley,West Georgia,WR,0.105,0.0,0.183
2026,4684279,Charlie Browder,East Tennessee State,TE,0.059,0.01,0.113
2026,4684502,Justin Lamson,Montana State,QB,0.464,0.139,0.856
2026,4685157,Blake Smith,Texas State,TE,0.033,0.011,0.07
2026,4685237,Michael Allen,East Carolina,RB,0.114,0.189,0.05
2026,4685252,Henry Belin IV,Missouri State,QB,0.063,0.019,0.154
2026,4685254,Jabari Bates,San José State,RB,0.296,0.549,0.065
2026,4685268,Raleek Brown,Texas,RB,0.189,0.293,0.085
2026,4685269,Jovantae Barnes,Kentucky,RB,0.06,0.103,0.029
2026,4685274,Janiran Bonner,Nebraska,WR,0.014,0.0,0.029
2026,4685283,Kaleb Brown,UAB,WR,0.076,0.022,0.156
2026,4685286,Kareem Burke,Alcorn State,WR,0.025,0.013,0.038
2026,4685289,Keyan Burnett,UNLV,TE,0.064,0.0,0.144
2026,4685290,Tychaun Chapman,Memphis,WR,0.062,0.01,0.145
2026,4685291,Jacurri Brown,Rice,QB,0.357,0.272,0.783
2026,4685293,Trevonte' Citizen,McNeese,RB,0.071,0.124,0.027
2026,4685297,Darrius Clemons,Washington State,WR,0.101,0.0,0.212
2026,4685311,Jayden Denegal,San Diego State,QB,0.306,0.013,0.854
2026,4685334,A.J. Duffy,New Haven,QB,0.513,0.108,0.938
2026,4685342,Cristian Driver,Abilene Christian,WR,0.169,0.0,0.305
2026,4685345,JC French,Cincinnati,QB,0.366,0.152,0.809
2026,4685356,Greg Gaines III,Florida International,WR,0.032,0.0,0.056
2026,4685358,Kevin Green Jr.,Rhode Island,WR,0.015,0.0,0.034
2026,4685366,Benji Gosnell,Virginia Tech,TE,0.045,0.0,0.085
2026,4685374,Rodney Hill,Savannah State,RB,0.207,0.308,0.0
2026,4685383,Isaiah Horton,Texas A&M,WR,0.099,0.012,0.215
2026,4685393,Preston Howard,Maryland,TE,0.032,0.0,0.063
2026,4685396,Anthony Ivey,San José State,WR,0.028,0.0,0.056
2026,4685398,Michael Hodge,Tarleton State,WR,0.028,0.0,0.052
2026,4685401,Josh Hoover,Indiana,QB,0.269,0.027,0.844
2026,4685414,Jake Johnson,Auburn,TE,0.067,0.0,0.128
2026,4685418,Tavorus Jones,UTEP,RB,0.219,0.313,0.093
2026,4685436,Antonio Martin,Middle Tennessee,RB,0.033,0.0,0.054
2026,4685440,Kyle Lowe,SE Louisiana,QB,0.506,0.157,0.986
2026,4685445,Rayshon Luke,Fresno State,RB,0.155,0.175,0.152
2026,4685450,Hassan Mahasin,Georgetown,WR,0.086,0.074,0.111
2026,4685454,Jayden Maiava,USC,QB,0.407,0.059,0.847
2026,4685464,Tyler Morris,Indiana,WR,0.056,0.0,0.188
2026,4685490,Devaughn Mortimer,Stephen F. Austin,WR,0.074,0.0,0.169
2026,4685492,Jack Pedersen,Washington State,TE,0.055,0.0,0.115
2026,4685494,George Pettaway,James Madison,RB,0.239,0.391,0.043
2026,4685495,Alex Orji,UNLV,QB,0.041,0.035,0.041
2026,4685509,Gi'Bran Payne,Cincinnati,RB,0.176,0.261,0.021
2026,4685516,Shazz Preston,Indiana,WR,0.019,0.0,0.063
2026,4685517,Talyn Shettron,Louisiana Tech,WR,0.034,0.016,0.06
2026,4685521,Garret Rangel,UT Rio Grande Valley,QB,0.352,0.082,0.591
2026,4685535,C.J. Stokes,Furman,RB,0.121,0.208,0.024
2026,4685545,Gavin Sawchuk,Northwestern,RB,0.145,0.286,0.0
2026,4685565,Evan Stewart,Oregon,WR,0.152,0.02,0.25
2026,4685574,Conner Weigman,Houston,QB,0.374,0.106,0.843
2026,4685578,Gunner Stockton,Georgia,QB,0.268,0.016,0.552
2026,4685594,Dakota Twitty,Virginia,TE,0.015,0.0,0.056
2026,4685691,Brady Allen,Indiana State,QB,0.125,0.048,0.2
2026,4685694,Steven Angeli,Syracuse,QB,0.503,0.041,0.908
2026,4685696,Beau Pribula,Virginia,QB,0.311,0.161,0.722
2026,4685697,Zion Turner,Marshall,QB,0.119,0.032,0.212
2026,4685698,Destin Wade,North Alabama,QB,0.575,0.29,0.974
2026,4685699,Damari Alston,Tulsa,RB,0.28,0.412,0.15
2026,4685700,Rian Black,Rhode Island,WR,0.016,0.0,0.032
2026,4685701,James Jointer,Central Arkansas,RB,0.021,0.0,0.054
2026,4685704,Larry Simmons,Utah,WR,0.029,0.0,0.073
2026,4685706,Bennett Christian,Ohio State,TE,0.016,0.0,0.03
2026,4685740,Max Johnson,Georgia Southern,QB,0.648,0.106,0.908
2026,4688540,Treyson Bourguet,BYU,QB,0.043,0.022,0.087
2026,4688541,Kyion Grayes,California,WR,0.033,0.0,0.057
2026,4688904,Reece Adkins,Massachusetts,TE,0.048,0.03,0.081
2026,4689529,Kenji Christian,UConn,RB,0.165,0.221,0.107
2026,4689721,Ty Robinson,Illinois,WR,0.026,0.0,0.057
2026,4690158,Noah Kim,Eastern Michigan,QB,0.635,0.143,1.0
2026,4690984,Jayden York,Abilene Christian,TE,0.032,0.0,0.057
2026,4691315,Umari Hatcher,Syracuse,WR,0.133,0.014,0.241
2026,4691966,Maddox Kopp,Houston Christian,QB,0.078,0.014,0.186
2026,4692968,Travon Jones,Prairie View A&M,TE,0.048,0.0,0.078
2026,4693740,Kahleil Jackson,Florida,WR,0.032,0.0,0.065
2026,4694149,Walker Eget,Duke,QB,0.356,0.024,0.958
2026,4694452,Myles Morales,Bethune-Cookman,TE,0.015,0.0,0.038
2026,4695195,Jett Carpenter,Texas Tech,TE,0.027,0.0,0.061
2026,4695602,Nick Billoups,The Citadel,QB,0.219,0.163,0.375
2026,4695709,Devin Brown,Weber State,QB,0.443,0.188,0.714
2026,4695711,Max Whisner,Sam Houston,TE,0.044,0.0,0.068
2026,4695784,Carson Camp,Duquesne,QB,0.398,0.06,0.771
2026,4695867,Grant Wilson,Indiana,QB,0.046,0.041,0.063
2026,4696073,Mark Bails,Southern Utah,WR,0.045,0.007,0.118
2026,4697094,DJ Williams,Southern Illinois,QB,0.336,0.173,0.507
2026,4697633,Dylan Paine,Montana,RB,0.13,0.227,0.056
2026,4698179,River Helms,Georgia Southern,TE,0.069,0.0,0.102
2026,4698362,Kaleb Costner,UT Martin,TE,0.025,0.0,0.061
2026,4698727,Dallan Hayden,Memphis,RB,0.065,0.088,0.024
2026,4699866,Nic Anderson,Kentucky,WR,0.039,0.0,0.083
2026,4700135,Cam Fancher,Michigan State,QB,0.057,0.033,0.094
2026,4700147,Joseph Griffin Jr.,Massachusetts,WR,0.076,0.0,0.216
2026,4700811,Ja'Quez Cross,App State,RB,0.116,0.175,0.048
2026,4701593,Marquez Dortch,Troy,WR,0.029,0.0,0.067
2026,4702556,Arlis Boardingham,Auburn,TE,0.024,0.0,0.059
2026,4702560,Grant Page,Southern Miss,WR,0.021,0.0,0.048
2026,4702561,De'Nylon Morrissette,Purdue,WR,0.032,0.0,0.063
2026,4702755,Amorion Walker,UNLV,WR,0.016,0.0,0.053
2026,4702790,DJ Allen,UTSA,WR,0.09,0.0,0.167
2026,4702826,Kelsey Johnson,Liberty,TE,0.043,0.0,0.103
2026,4702829,Braedyn Locke,Tarleton State,QB,0.088,0.0,0.222
2026,4702832,Keith Wheeler,Houston Christian,WR,0.058,0.0,0.159
2026,4703067,Mehki Wall,North Carolina Central,WR,0.045,0.0,0.118
2026,4708099,Gus McGee,Charlotte,TE,0.022,0.0,0.042
2026,4709781,Myles Walker,Duquesne,WR,0.039,0.0,0.083
2026,4709804,Cole Rusk,Arizona,TE,0.029,0.0,0.056
2026,4710843,Jasaiah Gathings,Buffalo,WR,0.084,0.0,0.149
2026,4710860,Oran Singleton Jr.,Tulsa,WR,0.091,0.015,0.183
2026,4710861,Kobe Stewart,Bethune-Cookman,WR,0.023,0.0,0.058
2026,4711408,Horatio Fields,Ole Miss,WR,0.071,0.0,0.145
2026,4711410,Brett Griffis,Central Connecticut,QB,0.341,0.211,0.477
2026,4711421,C.J. Smith,UAB,WR,0.054,0.0,0.157
2026,4711434,Eian Pugh,Ohio,WR,0.05,0.0,0.125
2026,4712328,Anthony Simpson,Toledo,WR,0.013,0.0,0.032
2026,4712886,Mekhi Miller,Missouri State,WR,0.017,0.0,0.047
2026,4713649,Drew Dickey,Arkansas State,QB,0.017,0.026,0.0
2026,4714046,Tyrell Henry,Wisconsin,WR,0.137,0.017,0.283
2026,4714341,Ben Ford,Boise State,WR,0.014,0.0,0.033
2026,4714427,Jency Riley,Jackson State,TE,0.021,0.0,0.057
2026,4716507,Quincy Burroughs,Western Kentucky,WR,0.038,0.0,0.075
2026,4717430,Chris Marshall,Arkansas,WR,0.129,0.0,0.236
2026,4726152,Jovanni Bermudez,Temple,WR,0.058,0.013,0.146
2026,4736246,Jacob Knuth,Kansas State,QB,0.056,0.068,0.037
2026,4755664,Nick Evers,Missouri,QB,0.025,0.0,0.063
2026,4769792,C.J. Hawkins,Rhode Island,WR,0.015,0.0,0.033
2026,4773919,Thomas Castellanos,Texas Tech,QB,0.065,0.095,0.031
2026,4775136,Owen McCown,UTSA,QB,0.567,0.117,0.958
2026,4790965,Donovan Leary,West Florida,QB,0.106,0.025,0.261
2026,4795295,Katin Houser,Illinois,QB,0.526,0.121,1.0
2026,4801276,Houston Thomas,Texas A&M,TE,0.016,0.0,0.038
2026,4801299,Rocco Becht,Penn State,QB,0.362,0.038,0.836
2026,4801301,Tevin Carter,Prairie View A&M,QB,0.596,0.275,0.864
2026,4801302,Julian Calvez,UT Martin,QB,0.236,0.151,0.366
2026,4801306,Conner Harrell,Charlotte,QB,0.115,0.0,0.241
2026,4801307,Tayven Jackson,North Texas,QB,0.478,0.149,0.917
2026,4801717,Noah Fifita,Arizona,QB,0.555,0.213,0.875
2026,4804878,Cooper Barkate,Miami,WR,0.049,0.0,0.115
2026,4804879,Quincy Craig,Arizona,RB,0.102,0.115,0.083
2026,4804882,Garrett Oakley,Kansas State,TE,0.027,0.0,0.066
2026,4804883,Jalen Moss,Arizona State,WR,0.028,0.0,0.056
2026,4804885,Brandon Rose,Utah,QB,0.026,0.041,0.0
2026,4805256,Sutton Smith,Arkansas,RB,0.19,0.314,0.101
2026,4806381,Jarel Williams,Alabama A&M,WR,0.118,0.0,0.214
2026,4808719,Zach Wilcke,Northwestern State,QB,0.199,0.137,0.278
2026,4808744,Jaylon Glover,UNLV,RB,0.087,0.142,0.031
2026,4808767,Xavier Townsend,Purdue,WR,0.101,0.0,0.2
2026,4812342,Anthony Rucker,North Carolina A&T,TE,0.056,0.0,0.102
2026,4812346,Eric Weatherly,Tennessee Tech,WR,0.094,0.022,0.168
2026,4812356,Jaydn Girard,Lamar,WR,0.032,0.0,0.068
2026,4812374,Terrell Crosby Jr.,Toledo,WR,0.053,0.022,0.097
2026,4812381,Gunnar Smith,Fordham,QB,0.586,0.23,1.0
2026,4812474,DJ Riles,Georgia State,WR,0.035,0.0,0.091
2026,4816072,Clayton Leonard,Southeast Missouri State,TE,0.013,0.0,0.023
2026,4816098,Makhi Hughes,Houston,RB,0.194,0.294,0.039
2026,4816099,Javen Jacobs,Utah State,RB,0.245,0.391,0.118
2026,4816307,Joseph Himon II,Northwestern,RB,0.109,0.143,0.077
2026,4819226,Brody Foley,Louisville,TE,0.022,0.0,0.05
2026,4819250,AJ Bianco,Nevada,QB,0.361,0.194,0.545
2026,4819259,Devon Tauaefa,Hawai'i,TE,0.033,0.0,0.05
2026,4824124,Alex Broome,Abilene Christian,RB,0.222,0.418,0.076
2026,4826574,Owen Anderson,Massachusetts,TE,0.025,0.0,0.071
2026,4826579,Tyler Siddons,Wyoming,TE,0.016,0.0,0.038
2026,4826635,Jaxon Dailey,Northern Iowa,QB,0.527,0.167,1.0
2026,4826636,Jordan Anderson,Illinois,RB,0.068,0.115,0.0
2026,4826637,Henry Boyer,Kentucky,TE,0.031,0.016,0.05
2026,4827041,Jacob Bostick,San Diego State,WR,0.018,0.0,0.05
2026,4827047,Aidan Laughery,Illinois,RB,0.184,0.31,0.057
2026,4827049,Max Reese,North Texas,TE,0.043,0.0,0.1
2026,4831976,Javon Tracy,Minnesota,WR,0.123,0.0,0.207
2026,4832021,Elijah Jackson-Anderson,Western Illinois,RB,0.107,0.145,0.067
2026,4832789,Carson Haggard,Robert Morris,QB,0.505,0.1,0.954
2026,4832792,Major Everhart,TCU,WR,0.014,0.028,0.0
2026,4832824,Austin Terry,Boise State,TE,0.026,0.0,0.071
2026,4832830,Joshua Wood,Idaho,QB,0.65,0.333,0.97
2026,4832849,Gavin Garcia,The Citadel,RB,0.297,0.399,0.073
2026,4832875,Leon Haughton Jr.,Old Dominion,TE,0.038,0.0,0.105
2026,4832918,Ethan Vasko,Liberty,QB,0.014,0.027,0.0
2026,4832952,Mekhi Collins,North Dakota State,WR,0.06,0.0,0.158
2026,4833016,Chedon James,Idaho State,WR,0.112,0.026,0.179
2026,4833073,Zion Steptoe,Minnesota,WR,0.014,0.0,0.031
2026,4833238,Jaydon Johnson,Louisiana,WR,0.015,0.0,0.037
2026,4833241,Gage Roy,Illinois State,QB,0.263,0.028,0.567
2026,4833356,Zach Courtney,Coastal Carolina,TE,0.015,0.0,0.026
2026,4833372,Sean Sallis,East Texas A&M,TE,0.079,0.0,0.196
2026,4833591,Ky Woods,Nevada,RB,0.061,0.09,0.02
2026,4833629,Jace Wilson,Sacramento State,WR,0.036,0.0,0.082
2026,4833635,Landy Lyddy,Southern Miss,QB,0.062,0.0,0.145
2026,4836476,Davin Wydner,Louisville,QB,0.076,0.027,0.143
2026,4837182,Eden James,Howard,RB,0.031,0.044,0.021
2026,4837193,Jmariyae Robinson,Missouri State,WR,0.1,0.0,0.279
2026,4837195,Luca Stanzani,Long Island University,QB,0.494,0.268,0.833
2026,4837269,Omari Hayes,Iowa State,WR,0.078,0.031,0.167
2026,4837279,Jaylin Terzado,Delaware State,WR,0.112,0.0,0.221
2026,4837348,Donta Whack,Robert Morris,RB,0.03,0.063,0.0
2026,4837391,Maurice Turner,Tulane,RB,0.084,0.135,0.038
2026,4837392,Ty Washington,Notre Dame,TE,0.015,0.0,0.032
2026,4837469,Amari Jones,Bethune-Cookman,QB,0.168,0.041,0.365
2026,4838520,Micah Bell,Mercer,RB,0.108,0.2,0.0
2026,4838527,Josh Dallas,Georgia Southern,WR,0.131,0.021,0.184
2026,4838532,Tyler Griffin,East Tennessee State,WR,0.04,0.0,0.082
2026,4838536,Tyler Hughes,Wyoming,QB,0.547,0.269,1.0
2026,4838549,Kamryn Perry,Colorado,WR,0.04,0.0,0.094
2026,4838556,Kaleb Webb,Maryland,WR,0.07,0.013,0.125
2026,4838679,Ashton Daniels,Florida State,QB,0.537,0.228,1.0
2026,4840118,Tucker Holloway,Florida Atlantic,WR,0.013,0.0,0.029
2026,4867887,Terrance Carter,Texas Tech,TE,0.054,0.0,0.121
2026,4868249,Davis Lane,Rice,WR,0.037,0.0,0.3
2026,4869120,Ashton Hayes,Indiana State,RB,0.111,0.25,0.0
2026,4869294,Jake Appleget,Fresno State,TE,0.031,0.0,0.067
2026,4869317,Diego Tello,Houston Christian,QB,0.054,0.054,0.056
2026,4869324,Tyler Johnson,East Carolina,WR,0.068,0.0,0.132
2026,4869341,Cade Yacamelli,Miami (OH),RB,0.061,0.121,0.0
2026,4869390,Wyatt Sullivan,South Florida,TE,0.07,0.0,0.163
2026,4869422,Braden Pegan,Utah,WR,0.086,0.012,0.2
2026,4869443,Tyler King,New Mexico State,WR,0.129,0.0,0.25
2026,4869538,Dane Pardridge,Indiana State,WR,0.052,0.0,0.099
2026,4869552,Robert Briggs,Southern Miss,RB,0.024,0.035,0.0
2026,4869553,Bishop Davenport,South Alabama,QB,0.475,0.167,1.0
2026,4869581,Braylen Walker,Rice,WR,0.023,0.0,0.13
2026,4869582,Cam Barfield,Hawai'i,RB,0.039,0.048,0.038
2026,4869592,Maurice Edwards,Alabama A&M,RB,0.123,0.353,0.026
2026,4869599,Chrishon Mccray,Michigan State,WR,0.082,0.022,0.172
2026,4869601,Chance Morrow,Buffalo,WR,0.203,0.0,0.341
2026,4869602,Toby Payne,Marshall,TE,0.102,0.0,0.231
2026,4869603,Cam Pickett,Kansas,WR,0.045,0.0,0.091
2026,4869694,Langston Lewis,Central Michigan,WR,0.107,0.058,0.2
2026,4869728,Jeremiah Hasley,Duke,TE,0.089,0.0,0.25
2026,4869730,Nik McMillan,Kansas,WR,0.097,0.0,0.241
2026,4869735,Roger Walters,Youngstown State,WR,0.03,0.01,0.049
2026,4869817,Cole Pennington,Gardner-Webb,QB,0.692,0.169,1.0
2026,4869821,D.C. Temple,Oregon State,TE,0.055,0.0,0.075
2026,4869962,Ashton Hollins,Georgia Southern,WR,0.139,0.031,0.213
2026,4869991,Caden Veltkamp,Florida Atlantic,QB,0.552,0.105,0.978
2026,4870077,Curtis Deville Jr.,McNeese,WR,0.1,0.0,0.191
2026,4870238,Zamondre Merriweather,Syracuse,WR,0.012,0.0,0.023
2026,4870513,Maddux Madsen,Boise State,QB,0.462,0.075,1.0
2026,4870518,Zeon Chriss,Tulane,QB,0.255,0.217,0.29
2026,4870601,Jaylen Bonelli,Arkansas State,WR,0.042,0.0,0.102
2026,4870607,Jackson Arnold,UNLV,QB,0.61,0.363,0.948
2026,4870608,Benjamin Brahmer,Penn State,TE,0.065,0.0,0.145
2026,4870609,CJ Baxter Jr.,Kentucky,RB,0.195,0.306,0.1
2026,4870629,Jackson Bowers,Oregon State,TE,0.014,0.0,0.019
2026,4870631,Derrick Bohler,Stephen F. Austin,WR,0.068,0.0,0.169
2026,4870635,Anthony Brown,Tulane,WR,0.103,0.0,0.208
2026,4870642,Jeremiah Cobb,Auburn,RB,0.169,0.286,0.041
2026,4870645,Rickie Collins,Kennesaw State,QB,0.536,0.242,0.829
2026,4870656,Johntay Cook II,Ole Miss,WR,0.029,0.016,0.043
2026,4870662,Isaiah Carlson,San José State,RB,0.052,0.104,0.0
2026,4870683,Ethan Davis,Tennessee,TE,0.035,0.0,0.1
2026,4870699,Karmello English,Coastal Carolina,WR,0.096,0.016,0.171
2026,4870709,Shamar Easter,North Carolina,TE,0.044,0.0,0.088
2026,4870712,Cameron Edge,Morgan State,QB,0.392,0.072,0.692
2026,4870728,Kaden Feagin,Illinois,TE,0.043,0.0,0.083
2026,4870733,Cooper Flanagan,Notre Dame,TE,0.023,0.0,0.048
2026,4870736,Mark Fletcher Jr.,Miami,RB,0.16,0.26,0.049
2026,4870745,Nyck Harbor,South Carolina,WR,0.085,0.0,0.203
2026,4870754,Rodney Gallagher,Arizona,WR,0.051,0.0,0.097
2026,4870757,Ahmad Haston,Tennessee Tech,RB,0.109,0.207,0.0
2026,4870760,Justice Haynes,Georgia Tech,RB,0.31,0.593,0.1
2026,4870768,Jaden Greathouse,Notre Dame,WR,0.031,0.0,0.065
2026,4870770,Nathaniel Joseph,East Carolina,WR,0.088,0.0,0.167
2026,4870776,Jalen Hale,SMU,WR,0.018,0.0,0.03
2026,4870784,Trey Holly,Southern,RB,0.239,0.396,0.065
2026,4870786,Marco Lainez,Marist,QB,0.084,0.034,0.138
2026,4870797,Luke Hasz,Ole Miss,TE,0.029,0.0,0.058
2026,4870798,Malik Leverett,West Georgia,WR,0.049,0.0,0.086
2026,4870799,Nico Iamaleava,UCLA,QB,0.533,0.225,1.0
2026,4870802,Sedrick Irvin,Stanford,RB,0.115,0.237,0.026
2026,4870819,Eli Holstein,Virginia,QB,0.109,0.027,0.25
2026,4870820,Datrell Jones,Holy Cross,RB,0.071,0.108,0.05
2026,4870826,Micah Mays Jr.,Florida,WR,0.046,0.0,0.103
2026,4870835,Brandon Inniss,Ohio State,WR,0.029,0.0,0.056
2026,4870842,Vandrevious Jacobs,Miami,WR,0.027,0.0,0.074
2026,4870848,Tyler Jefferson,Bethune-Cookman,QB,0.321,0.189,0.538
2026,4870850,Omarion Miller,Arizona State,WR,0.178,0.016,0.329
2026,4870857,Avery Johnson,Kansas State,QB,0.446,0.143,0.885
2026,4870858,Cayden Lee,Missouri,WR,0.085,0.0,0.21
2026,4870860,DeAndre Moore Jr.,Colorado,WR,0.099,0.0,0.234
2026,4870864,Gabarri Johnson,Samford,QB,0.708,0.277,0.984
2026,4870868,Jayden Limar,Washington,RB,0.188,0.429,0.0
2026,4870869,Brett Norfleet,Missouri,TE,0.039,0.0,0.097
2026,4870870,Ty Lockwood,Arkansas,TE,0.055,0.0,0.101
2026,4870874,Lawson Luckie,Georgia,TE,0.016,0.0,0.04
2026,4870876,Kyler Kasper,BYU,WR,0.109,0.0,0.28
2026,4870883,J.J. Kohl,Florida International,QB,0.635,0.156,1.0
2026,4870889,Chris Parson,Austin Peay,QB,0.46,0.146,0.903
2026,4870900,Dylan Lonergan,Rutgers,QB,0.556,0.2,0.738
2026,4870906,Arch Manning,Texas,QB,0.507,0.133,0.901
2026,4870912,Traylon Ray,Ole Miss,WR,0.036,0.0,0.072
2026,4870921,Dante Moore,Oregon,QB,0.592,0.059,0.986
2026,4870922,Duce Robinson,Florida State,WR,0.067,0.0,0.17
2026,4870923,Jahlil McClain,Fresno State,WR,0.064,0.0,0.152
2026,4870927,Bryson Rodgers,South Florida,WR,0.096,0.0,0.224
2026,4870928,Malachi Nelson,Syracuse,QB,0.026,0.0,0.054
2026,4870934,Rueben Owens,Texas A&M,RB,0.199,0.333,0.046
2026,4870941,Cameron Seldon,South Florida,WR,0.071,0.08,0.067
2026,4870954,Randy Pittman,SMU,TE,0.049,0.0,0.087
2026,4870955,Samuel Singleton,Florida State,RB,0.172,0.203,0.132
2026,4870959,Shamar Porter,UConn,WR,0.039,0.0,0.089
2026,4870965,Tastean Reddicks,UNLV,WR,0.071,0.014,0.128
2026,4870971,Marcel Reed,Texas A&M,QB,0.457,0.136,0.877
2026,4870999,Malachi Singleton,App State,QB,0.463,0.175,0.857
2026,4871001,Jaedn Skeete,Boston College,WR,0.041,0.0,0.086
2026,4871003,Christian Ross,Miami (OH),TE,0.052,0.0,0.113
2026,4871022,Robby Washington,Coastal Carolina,WR,0.089,0.031,0.143
2026,4871039,Jelani Thurman,North Carolina,TE,0.106,0.0,0.211
2026,4871040,Creed Whittemore,Utah,WR,0.036,0.0,0.091
2026,4871050,Marquese Williams,Akron,RB,0.035,0.074,0.0
2026,4871051,J.T. Smith Jr.,North Carolina A&T,RB,0.227,0.477,0.037
2026,4871053,Daylan Smothers,Texas,RB,0.25,0.4,0.099
2026,4871054,Riley Williams,Mississippi State,TE,0.025,0.0,0.048
2026,4871061,Pearce Spurlin III,Colorado State,TE,0.029,0.0,0.054
2026,4871062,Asaad Waseem,Purdue,WR,0.089,0.0,0.175
2026,4871068,Rashid Williams,Washington,WR,0.057,0.0,0.104
2026,4871076,Tre Wisner,Florida State,RB,0.104,0.105,0.111
2026,4871081,Richard Young,Colorado,RB,0.026,0.049,0.0
2026,4871086,Ja'Ryan Wallace,Houston Christian,WR,0.062,0.0,0.177
2026,4871091,D'Wayne' Winfield,Louisiana,QB,0.545,0.319,0.857
2026,4871148,Jaylin Lucas,Tulane,RB,0.15,0.25,0.057
2026,4872721,Cardell Williams,Maryland,QB,0.082,0.092,0.075
2026,4872961,Matt Byrnes,UNLV,TE,0.032,0.0,0.064
2026,4873077,Brayten Silbor,Northern Colorado,QB,0.104,0.016,0.197
2026,4873234,Victor Rosa,Ohio,RB,0.122,0.176,0.071
2026,4873418,Kaden Helms,Minnesota,TE,0.031,0.0,0.04
2026,4873442,Xavier Brown,Virginia,RB,0.111,0.129,0.083
2026,4873456,Addison Ostrenga,Iowa,TE,0.029,0.0,0.058
2026,4873588,CJ Campbell,Duke,RB,0.148,0.202,0.063
2026,4875127,Lanorris Sellers,South Carolina,QB,0.38,0.089,0.78
2026,4875128,Lex Thomas,Western Carolina,QB,0.688,0.288,0.967
2026,4875733,Pat McQuaide,Villanova,QB,0.497,0.08,0.964
2026,4875755,Mason Blakemore,Kent State,RB,0.172,0.258,0.08
2026,4875853,Cody Jackson,Iowa State,WR,0.039,0.0,0.111
2026,4875861,Ayo Adeyi,Oklahoma State,RB,0.086,0.145,0.043
2026,4876243,Elijah Taylor,San Diego,WR,0.057,0.0,0.136
2026,4876364,Matteo Perez,UC Davis,RB,0.101,0.21,0.028
2026,4876386,Devin Ford,Weber State,WR,0.013,0.0,0.02
2026,4876541,Elijah Tidwell,Fairmont State,RB,0.03,0.059,0.0
2026,4876642,Maleek Huggins,Miami (OH),WR,0.087,0.0,0.189
2026,4876646,Kendall McKoy,Winston-Salem State,QB,0.082,0.1,0.077
2026,4876695,Jaden Allen,Central Michigan,TE,0.02,0.0,0.059
2026,4877014,Nazeviah Burris,Arkansas State,WR,0.034,0.026,0.059
2026,4877209,Myion Hicks,Northwestern State,RB,0.068,0.069,0.068
2026,4877259,Zeke Lewis,Eastern Illinois,RB,0.152,0.185,0.125
2026,4877480,Lem Wash,Southern Illinois,RB,0.041,0.043,0.04
2026,4877627,Chase Gillespie,Florida A&M,RB,0.178,0.303,0.078
2026,4877714,Jaden Smith,UTEP,WR,0.035,0.0,0.093
2026,4877774,Jamarien Dalton,Elon,WR,0.038,0.0,0.101
2026,4877868,Eli Mahan,Maine,TE,0.033,0.0,0.067
2026,4878109,Hayden Hansen,Oklahoma,TE,0.016,0.0,0.036
2026,4878223,Jackson Proctor,South Dakota,QB,0.07,0.086,0.056
2026,4878394,Ajay Allen,Western Kentucky,RB,0.241,0.408,0.088
2026,4878681,Davis Warren,Stanford,QB,0.576,0.068,0.987
2026,4878788,Antonio Johnson,Florida Atlantic,TE,0.023,0.0,0.045
2026,4878822,Jaylon Tolbert,Alcorn State,QB,0.505,0.15,0.92
2026,4878886,Grahm Goering,South Dakota State,WR,0.107,0.0,0.271
2026,4878994,Victor Dawson,Illinois State,RB,0.2,0.37,0.011
2026,4879163,Dominic Grguric,New Haven,WR,0.067,0.0,0.135
2026,4879192,Jonah Burton,Duke,WR,0.067,0.0,0.188
2026,4879292,Kam Thomas,UTEP,RB,0.044,0.015,0.093
2026,4879455,Damashja Harris,Incarnate Word,RB,0.089,0.176,0.0
2026,4879567,Trent Walker,Houston,WR,0.036,0.0,0.098
2026,4879572,Gabe Milbourn,Oregon State,TE,0.028,0.0,0.037
2026,4879602,Chris Hicks,Arkansas-Pine Bluff,WR,0.093,0.143,0.04
2026,4879655,Henry Rutledge,Charlotte,RB,0.065,0.109,0.028
2026,4879783,Caeleb Schlachter,Eastern Kentucky,TE,0.031,0.0,0.067
2026,4879824,Callum Wither,Kentucky,QB,0.016,0.03,0.0
2026,4879876,Isaac Schoenfeld,Wyoming,TE,0.026,0.0,0.067
2026,4879925,Blane Cleaver,Bowling Green,TE,0.015,0.0,0.034
2026,4879946,Danny Joiner,Tarleton State,TE,0.053,0.0,0.093
2026,4879999,Maguire Anderson,Florida International,WR,0.122,0.016,0.202
2026,4880196,Colton FitzGerald,West Georgia,QB,0.291,0.021,0.508
2026,4880272,Byrum Brown,Auburn,QB,0.606,0.321,0.945
2026,4880358,Cam Pedro,Charlotte,WR,0.066,0.0,0.138
2026,4880485,Tavion Faulk,Edward Waters,QB,0.15,0.231,0.091
2026,4880668,Isaiah Knowles,Florida A&M,QB,0.459,0.105,0.806
2026,4880760,Reed Shumpert,Marist,WR,0.067,0.0,0.138
2026,4880964,Terron Kellman,Liberty,RB,0.09,0.146,0.0
2026,4881032,Taron Dickens,Northern Illinois,QB,0.411,0.07,0.742
2026,4881961,Kobe Paul,Jackson State,WR,0.035,0.0,0.094
2026,4882122,Sterling Berkhalter,Texas,WR,0.029,0.0,0.059
2026,4883774,Jayden McGowan,Baylor,WR,0.071,0.024,0.116
2026,4884086,Jalen Macon,Northern Illinois,QB,0.177,0.123,0.242
2026,4884418,TK Paisant,Hampton,TE,0.019,0.0,0.043
2026,4885443,Robert Giaimo,Lindenwood,RB,0.084,0.13,0.026
2026,4885469,Darrin Fugitt,App State,TE,0.082,0.0,0.19
2026,4887151,Andrew Body,Alabama State,QB,0.474,0.208,0.922
2026,4887396,Tay Norman,Northern Iowa,WR,0.053,0.014,0.107
2026,4887640,Kaderris Roberts,Delaware,RB,0.092,0.136,0.063
2026,4888886,Kenyon Clay,Arkansas State,RB,0.246,0.369,0.102
2026,4889821,Zavione Wood,Glenville State,RB,0.071,0.222,0.0
2026,4891191,Christian Anaya,Western Illinois,WR,0.085,0.0,0.182
2026,4891198,Tre Spivey,Arizona,WR,0.08,0.033,0.125
2026,4892974,Jason Malbrue,Nicholls,TE,0.012,0.0,0.024
2026,4892983,Terrell Timmons Jr.,Memphis,WR,0.038,0.0,0.071
2026,4893007,Thomas Amankwaa,Indiana State,WR,0.016,0.0,0.031
2026,4894451,Brennan Parachek,Michigan State,TE,0.012,0.0,0.028
2026,4894661,Durell Robinson,Colorado State,RB,0.168,0.344,0.014
2026,4894803,Travis Pearson,Tennessee State,RB,0.068,0.088,0.057
2026,4894839,Brandon White,Kansas State,WR,0.088,0.048,0.148
2026,4895711,Chris Reed,Sam Houston,WR,0.104,0.0,0.159
2026,4896289,Gavin Freeman,Baylor,WR,0.167,0.0,0.316
2026,4896389,Louis Brown,Baylor,WR,0.07,0.0,0.133
2026,4896391,Sean Wilson,Bryant,WR,0.095,0.009,0.224
2026,4897730,Braylon McReynolds,UAB,RB,0.216,0.298,0.078
2026,4899360,Jaden Platt,Arkansas,TE,0.012,0.0,0.028
2026,4899361,Kedrick Reescano,Arizona,RB,0.197,0.393,0.042
2026,4899366,Semaj Morgan,UCLA,WR,0.083,0.0,0.208
2026,4899367,Ryan Niblett,Texas,RB,0.029,0.057,0.0
2026,4899368,Kendrick Raphael,SMU,RB,0.139,0.283,0.029
2026,4899369,Christopher Vizzina,Clemson,QB,0.22,0.068,0.371
2026,4899418,Javonte Vereen,Colorado State,TE,0.051,0.0,0.099
2026,4899468,Kaden Anderson,Tarleton State,QB,0.535,0.122,0.941
2026,4899470,Ja'Koby Banks,Prairie View A&M,WR,0.082,0.043,0.119
2026,4899472,Chris Culliver,Marshall,WR,0.042,0.0,0.096
2026,4899484,Andrew Rappleyea,Penn State,TE,0.029,0.0,0.073
2026,4899704,Jordan King,California,WR,0.04,0.0,0.074
2026,4900025,Kanye Roberts,App State,RB,0.054,0.103,0.0
2026,4900152,Zyion Claville,Texas Southern,WR,0.017,0.0,0.049
2026,4900351,Noah Bennee,Utah,TE,0.043,0.0,0.109
2026,4900771,Marquis Gillis,Arizona State,RB,0.052,0.094,0.014
2026,4900879,Jacquon Gibson,Virginia,WR,0.022,0.0,0.083
2026,4905248,Carson Tabaracci,USC,TE,0.027,0.0,0.061
2026,4905594,Jawaun Northington,Murray State,RB,0.098,0.154,0.038
2026,4905609,Fredrick Moore,Michigan State,WR,0.038,0.0,0.094
2026,4906094,Nick Munson,Butler,WR,0.058,0.012,0.143
2026,4907671,Anthony Evans III,Mississippi State,WR,0.135,0.012,0.297
2026,4907786,Rocky Beers,Oklahoma,TE,0.089,0.0,0.196
2026,4909541,Ty Harding,Massachusetts,WR,0.076,0.015,0.189
2026,4910222,Hawkins Polley,Baylor,TE,0.022,0.0,0.041
2026,4910239,Justus Ross-Simmons,Syracuse,WR,0.08,0.0,0.14
2026,4910682,Jamal Hailey,Florida A&M,RB,0.238,0.491,0.016
2026,4911529,Trinidad Chambliss,Ole Miss,QB,0.529,0.172,0.899
2026,4911929,Alonza Barnett,UCF,QB,0.569,0.268,0.911
2026,4911932,Joshua Thompson,Lamar,WR,0.054,0.011,0.102
2026,4911971,Jahiem White,North Texas,RB,0.268,0.351,0.183
2026,4912040,Jordan Williams,Sacramento State,TE,0.059,0.0,0.111
2026,4912067,Chase Sowell,Penn State,WR,0.065,0.0,0.164
2026,4912119,Tucker Kilcrease,Troy,QB,0.029,0.026,0.033
2026,4912130,Trell Harris,Oklahoma,WR,0.089,0.0,0.196
2026,4912186,Trey Johnson,Bowling Green,WR,0.02,0.0,0.059
2026,4912238,Turner Helton,Georgia Southern,QB,0.127,0.063,0.17
2026,4912240,Tylan Hines,Tarleton State,RB,0.385,0.756,0.088
2026,4912254,Jordan McCants,North Dakota State,WR,0.014,0.0,0.038
2026,4912275,Christian Washington,San Diego State,RB,0.031,0.05,0.0
2026,4912280,Charlie Coenen,Wyoming,WR,0.085,0.0,0.222
2026,4912281,Taven Curry,Akron,RB,0.021,0.044,0.0
2026,4912302,Makhilyn Young,Vanderbilt,RB,0.133,0.219,0.034
2026,4912342,Wayne Knight,UCLA,RB,0.2,0.296,0.063
2026,4912361,Devan Williams,Lamar,WR,0.018,0.0,0.042
2026,4912453,Lucky Sutton,San Diego State,RB,0.314,0.493,0.024
2026,4912454,Jason Thompson,Marist,WR,0.085,0.0,0.19
2026,4914830,Easton Messer,Florida Atlantic,WR,0.128,0.0,0.247
2026,4915622,Jake Strong,McNeese,QB,0.294,0.194,0.412
2026,4915713,Walter Taylor,Vanderbilt,TE,0.014,0.0,0.03
2026,4915980,John Mateer,Oklahoma,QB,0.54,0.215,0.946
2026,4916460,Miles Marshall,Southern Illinois,TE,0.018,0.0,0.04
2026,4916885,Jaylen Jenkins,Texas State,RB,0.096,0.154,0.033
2026,4916888,Bert Emanuel Jr.,San Diego State,WR,0.035,0.0,0.1
2026,4916941,Coy Eakin,Texas Tech,WR,0.06,0.0,0.138
2026,4916987,TJ West,UTSA,WR,0.067,0.0,0.138
2026,4917048,Dom Henry,Florida Atlantic,WR,0.093,0.0,0.18
2026,4917054,David Amador,UTSA,WR,0.067,0.0,0.125
2026,4917093,Ryan Staub,Tennessee,QB,0.041,0.0,0.107
2026,4917119,Devin Alves,Hawai'i,WR,0.071,0.02,0.101
2026,4917172,Chris Brooks Jr.,Wisconsin,WR,0.06,0.0,0.132
2026,4917288,Charles Kellom,Eastern Illinois,RB,0.28,0.404,0.143
2026,4917305,Cam'Ron McCoy,Texas Southern,QB,0.402,0.185,0.744
2026,4917310,Zylan Perry,Cincinnati,RB,0.106,0.13,0.064
2026,4917349,Jamari Hawkins,Arkansas,WR,0.025,0.0,0.045
2026,4917619,Khamari Anderson,Arizona State,TE,0.016,0.0,0.029
2026,4917858,Cole Cabana,Western Michigan,RB,0.07,0.093,0.041
2026,4917945,Aidan Mizell,UCLA,WR,0.015,0.0,0.042
2026,4917949,Quinten Joyner,Texas Tech,RB,0.099,0.185,0.0
2026,4917981,AJ Newberry,Oregon State,RB,0.152,0.316,0.094
2026,4918094,Damian Henderson II,Colorado,RB,0.113,0.195,0.0
2026,4918099,Kenny Minchey,Kentucky,QB,0.5,0.065,0.983
2026,4918103,Cam Cook,West Virginia,RB,0.293,0.351,0.074
2026,4918107,Reid Mikeska,UT Rio Grande Valley,TE,0.012,0.0,0.028
2026,4918108,Jordan Napier,San Diego State,WR,0.033,0.0,0.098
2026,4918110,Roderick Robinson II,UAB,RB,0.257,0.372,0.059
2026,4918111,A'Marion Peterson,UTSA,RB,0.09,0.167,0.028
2026,4918121,Cole Adams,Vanderbilt,WR,0.014,0.0,0.03
2026,4918126,LJ Martin,BYU,RB,0.242,0.365,0.08
2026,4918414,Dylan Edwards,Kansas,RB,0.131,0.145,0.121
2026,4918417,Ayden Greene,Virginia Tech,WR,0.043,0.0,0.09
2026,4918421,Tiger Bachmeier,BYU,WR,0.014,0.0,0.043
2026,4918422,Kai Black,Northern Iowa,TE,0.031,0.0,0.063
2026,4918453,Tanner Lemaster,Eastern Michigan,TE,0.014,0.0,0.025
2026,4918455,Lontrell Turner,Incarnate Word,RB,0.144,0.257,0.029
2026,4919037,Sergio Snider,Louisiana Tech,RB,0.052,0.079,0.02
2026,4920135,Kalib Hicks,Western Kentucky,RB,0.041,0.057,0.026
2026,4920145,Braylen Ragland,Southeast Missouri State,QB,0.563,0.127,1.0
2026,4920147,Paul Billups II,Norfolk State,WR,0.071,0.0,0.169
2026,4920153,William Watson III,Massachusetts,QB,0.4,0.136,0.892
2026,4920158,Brock Glenn,Western Kentucky,QB,0.228,0.171,0.288
2026,4920161,Tripp Riordan,SMU,TE,0.055,0.0,0.091
2026,4920163,Kelby Valsin,Florida Atlantic,WR,0.14,0.013,0.258
2026,4920164,Sam West,Mississippi State,TE,0.02,0.0,0.047
2026,4920187,Will Anciaux,Kansas State,TE,0.02,0.0,0.049
2026,4920192,Carson Conklin,Sacramento State,QB,0.75,0.063,1.0
2026,4920196,Javance Tupou'ata-Johnson,North Dakota,QB,0.068,0.057,0.08
2026,4920227,Giovanni Lopez,Wake Forest,QB,0.569,0.239,0.953
2026,4920228,Jocquez Smith,New Hampshire,RB,0.154,0.316,0.012
2026,4920229,Jerry Mcclure,San José State,WR,0.089,0.0,0.178
2026,4920896,Lavon Brown,Colorado State,WR,0.029,0.0,0.054
2026,4920901,Darius Taylor,Minnesota,RB,0.174,0.385,0.049
2026,4921108,DeSean Bishop,Tennessee,RB,0.231,0.356,0.02
2026,4921110,Chase Hendricks,California,WR,0.114,0.016,0.198
2026,4921113,Joshua Manning,Kansas State,WR,0.115,0.0,0.279
2026,4921116,Jamal Roberts,Missouri,RB,0.261,0.464,0.016
2026,4921154,Eugene Wilson,LSU,WR,0.071,0.02,0.136
2026,4921291,Ricky Ahumaraeze,Northwestern,WR,0.036,0.0,0.077
2026,4921292,Isaiah Augustave,South Carolina,RB,0.077,0.139,0.0
2026,4921305,Matthew Klopfenstein,Baylor,TE,0.016,0.0,0.031
2026,4921306,Mikey Matthews,UCLA,WR,0.094,0.0,0.208
2026,4921316,Nolan Ray,Boston College,RB,0.031,0.032,0.034
2026,4921318,Spencer Shannon,Texas,TE,0.02,0.0,0.042
2026,4921322,Zion Taylor,Western Kentucky,WR,0.041,0.0,0.077
2026,4921517,Dawson Pendergrass,Baylor,RB,0.242,0.476,0.051
2026,4922983,Manny Covey,Memphis,RB,0.181,0.301,0.014
2026,4922988,Jamari Johnson,Oregon,TE,0.094,0.0,0.154
2026,4922993,Devin Roche,Old Dominion,RB,0.198,0.318,0.0
2026,4922995,Dijon Stanley,New Mexico State,RB,0.085,0.132,0.048
2026,4922996,Dylan Wade,UCF,TE,0.06,0.0,0.125
2026,4923032,Giovanni Adopte,Gardner-Webb,WR,0.163,0.0,0.261
2026,4923046,Keyjuan Brown,Louisville,RB,0.067,0.11,0.017
2026,4923050,Israel Carter,Idaho,QB,0.055,0.083,0.03
2026,4923057,Connor Cox,Virginia,TE,0.014,0.0,0.083
2026,4923059,Jeremiah Coney,Stony Brook,RB,0.134,0.278,0.033
2026,4923226,Collin Dixon,Illinois,WR,0.184,0.0,0.396
2026,4923281,Jamel Hardy,UTSA,WR,0.037,0.0,0.069
2026,4923282,C.J. Hester,Stony Brook,RB,0.226,0.456,0.066
2026,4923285,McCae Hillstead,Utah State,QB,0.427,0.186,0.667
2026,4923288,Barry Jackson Jr.,Rice,WR,0.043,0.0,0.154
2026,4923290,Parker Jenkins,Lamar,RB,0.199,0.326,0.08
2026,4923295,Kenny Johnson,Texas Tech,WR,0.079,0.0,0.185
2026,4923298,Peyton Jones,Liberty,RB,0.184,0.282,0.056
2026,4923300,Spencer Jones,Campbell,WR,0.103,0.0,0.18
2026,4924150,Keaton Kubecka,Kansas,WR,0.055,0.0,0.138
2026,4940235,Taeshaun Lyons,UNLV,WR,0.041,0.0,0.093
2026,4940236,Ryan Manning,Maryland,WR,0.013,0.0,0.025
2026,4941012,London Montgomery,Florida,RB,0.046,0.086,0.0
2026,4949488,Jacobe Robinson,Grambling,QB,0.106,0.048,0.172
2026,4950379,Zach Ortwerth,Iowa,TE,0.013,0.0,0.026
2026,4950560,Xavier Terrell,Northern Iowa,RB,0.094,0.2,0.0
2026,4954455,Bryson Washington,Auburn,RB,0.063,0.095,0.027
2026,4954511,Krystian Williams,Richmond,WR,0.078,0.0,0.143
2026,4993406,CJ Tiller,Utah Tech,QB,0.212,0.083,0.297
2026,5004520,David Clement,Syracuse,TE,0.026,0.0,0.054
2026,5008017,Benjamin Hall,North Carolina,RB,0.168,0.283,0.07
2026,5010409,Jayden Mandal,Fresno State,QB,0.473,0.14,0.935
2026,5027432,Ardell Banks,Kent State,WR,0.055,0.0,0.148
2026,5027925,Jax Leatherwood,Tennessee Tech,QB,0.526,0.065,1.0
2026,5030333,Sedrick Alexander,Vanderbilt,RB,0.178,0.247,0.103
2026,5031157,Reed Harris,Arizona State,WR,0.148,0.0,0.286
2026,5031158,Andrew Metzger,Ohio,TE,0.014,0.0,0.036
2026,5032961,Tucker Ashcraft,USC,TE,0.013,0.0,0.032
2026,5041960,Jayvontay Conner,Vanderbilt,TE,0.104,0.0,0.241
2026,5044349,Mekhi Jenkins,Ohio Dominican,RB,0.227,0.556,0.0
2026,5044387,Anthony Colandrea,Nebraska,QB,0.486,0.151,0.864
2026,5044424,Pierce Walsh,Minnesota,TE,0.036,0.0,0.061
2026,5054036,Jackson Brousseau,California,QB,0.067,0.0,0.13
2026,5054390,Jahbari Kuykendall,Prairie View A&M,RB,0.038,0.052,0.027
2026,5056106,Evan Boyd,Iowa State,WR,0.019,0.0,0.056
2026,5057381,Ryder Burton,UAB,QB,0.459,0.191,0.98
2026,5069231,Deondre Johnson,Jacksonville State,WR,0.058,0.0,0.136
2026,5074243,Logan Blake,Rutgers,TE,0.023,0.0,0.043
2026,5074245,Broc Lowry,Western Michigan,QB,0.469,0.213,0.898
2026,5075390,Ian Strong,California,WR,0.114,0.0,0.21
2026,5075392,Keldric Luster,Ball State,QB,0.644,0.278,0.945
2026,5075529,Anthony Eager,South Alabama,WR,0.054,0.0,0.121
2026,5075592,Cal Swanson,Holy Cross,QB,0.065,0.167,0.0
2026,5075705,Demitrius Bell,Nebraska,WR,0.015,0.0,0.031
2026,5075800,Emory Williams,East Carolina,QB,0.122,0.053,0.182
2026,5075805,Aidan Chiles,Northwestern,QB,0.582,0.214,1.0
2026,5075912,George Burhenn,Purdue,TE,0.032,0.0,0.063
2026,5075920,Jarriett Buie,Iowa,WR,0.038,0.0,0.077
2026,5075952,Trey Cornist,UConn,RB,0.102,0.176,0.018
2026,5075962,Baylin Brooks,Western Michigan,WR,0.047,0.0,0.122
2026,5076100,Jarred Sample,Houston Christian,WR,0.017,0.0,0.047
2026,5076106,Marquis Johnson,Mississippi State,WR,0.054,0.0,0.125
2026,5076122,Evan Dickens,Boston College,RB,0.219,0.348,0.109
2026,5076584,Terrell Washington Jr.,New Mexico State,RB,0.104,0.176,0.048
2026,5076651,Christian Abney,Illinois,TE,0.014,0.0,0.028
2026,5076653,Brandon Hills,Akron,WR,0.035,0.015,0.057
2026,5076654,Leo Pulalasi,Washington State,RB,0.092,0.107,0.077
2026,5076952,Devin Mccuin,Ohio State,WR,0.073,0.0,0.141
2026,5077060,Amare Thomas,Houston,WR,0.115,0.0,0.314
2026,5077266,Trech Kekahuna,North Carolina,WR,0.044,0.019,0.07
2026,5077304,Zeke Moore,Boston College,TE,0.015,0.0,0.031
2026,5077390,Jambres Dubar,Missouri State,RB,0.175,0.253,0.047
2026,5077500,Luke Duncan,Nevada,QB,0.222,0.0,0.455
2026,5077502,Carson Hansen,Penn State,RB,0.225,0.363,0.036
2026,5077670,Jackson Grier,App State,WR,0.027,0.013,0.048
2026,5077784,Zachary Card,Idaho,WR,0.075,0.0,0.149
2026,5077787,Jaxon Smolik,Temple,QB,0.273,0.12,0.585
2026,5077803,Jackson Harper,Colorado State,WR,0.095,0.0,0.183
2026,5077804,Chico Holt,Stanford,TE,0.015,0.0,0.023
2026,5077806,Tucker McDonald,UConn,QB,0.108,0.025,0.219
2026,5077816,Tekai Kirby,Virginia,WR,0.016,0.0,0.042
2026,5077873,Chris Dawn Jr.,Texas State,WR,0.131,0.0,0.351
2026,5077874,Max Drag,South Carolina,TE,0.015,0.0,0.038
2026,5077876,TJ Horton,Ball State,RB,0.174,0.278,0.11
2026,5077877,Justyn Reid,Louisville,TE,0.015,0.0,0.031
2026,5077962,Noah Braham,Bryant,TE,0.022,0.0,0.058
2026,5078005,Abu Sama III,Wisconsin,RB,0.197,0.367,0.019
2026,5078014,Brandon Johnson,Abilene Christian,RB,0.056,0.118,0.014
2026,5078052,AJ Szymanski,Maryland,TE,0.025,0.0,0.053
2026,5078053,Isaiah Thacker,Ball State,WR,0.076,0.019,0.123
2026,5078063,Connor Walendzak,Toledo,RB,0.144,0.206,0.074
2026,5078105,TJ Lott,Troy,WR,0.043,0.0,0.105
2026,5078110,Noah Vaughn,Virginia,RB,0.111,0.151,0.028
2026,5078144,Landen Chambers,UCF,RB,0.069,0.107,0.036
2026,5078160,Richie Anderson,Texas A&M,TE,0.016,0.0,0.038
2026,5078165,Junior Sherrill,Vanderbilt,WR,0.133,0.014,0.293
2026,5078166,Ajani Sheppard,Temple,QB,0.198,0.093,0.415
2026,5078223,Re'Shaun Sanford II,Houston,RB,0.122,0.176,0.039
2026,5078225,Jaron Tibbs,Kansas State,WR,0.068,0.0,0.164
2026,5078227,Braeden Wisloski,James Madison,WR,0.053,0.016,0.106
2026,5078244,Caleb Komolafe,Northwestern,RB,0.218,0.357,0.077
2026,5078245,Kenric Lanier II,Missouri,WR,0.013,0.0,0.031
2026,5078272,Bryce Cohoon,South Dakota,WR,0.016,0.0,0.043
2026,5078274,Lonnie Johnson,Old Dominion,TE,0.02,0.0,0.043
2026,5078278,Lincoln Kienholz,Louisville,QB,0.53,0.233,0.9
2026,5078422,Brandon High,UTSA,RB,0.127,0.267,0.014
2026,5078453,London Humphreys,Georgia,WR,0.065,0.0,0.16
2026,5078533,Jabari Smith,Ball State,WR,0.086,0.0,0.171
2026,5078549,Dedrick Latulas,Louisiana Tech,WR,0.033,0.0,0.095
2026,5078810,Sam Leavitt,LSU,QB,0.484,0.184,0.864
2026,5078812,Antonio Ferguson,UAB,TE,0.02,0.0,0.059
2026,5078816,Jackson Holman,Wyoming,WR,0.026,0.0,0.067
2026,5078916,Joe Jackson,Kansas State,RB,0.162,0.202,0.115
2026,5078917,Khalifa Keith,Alabama,RB,0.038,0.063,0.0
2026,5079289,Tawaski Abrams,Florida,WR,0.031,0.0,0.069
2026,5079290,Keylen Adams,Virginia Tech,WR,0.041,0.0,0.097
2026,5079298,Lloyd Avant,Oklahoma,RB,0.218,0.354,0.071
2026,5079299,Jordan Anderson,San José State,WR,0.033,0.0,0.065
2026,5079301,CJ Bailey,NC State,QB,0.467,0.2,0.782
2026,5079307,Kobe Boykin,Delaware State,RB,0.071,0.096,0.049
2026,5079320,Josiah Brown,Long Island University,WR,0.052,0.01,0.111
2026,5079322,Jadan Baugh,Florida,RB,0.198,0.371,0.0
2026,5079324,Christian Bentancur,Clemson,TE,0.024,0.0,0.048
2026,5079326,Terry Bussey,Texas A&M,WR,0.093,0.049,0.154
2026,5079329,Mazeo Bennett,South Carolina,WR,0.077,0.0,0.186
2026,5079335,Chauncey Bowens,Georgia,RB,0.073,0.082,0.069
2026,5079345,Mario Craver,Texas A&M,WR,0.066,0.0,0.154
2026,5079348,Jason Brown Jr.,Arizona State,RB,0.085,0.143,0.028
2026,5079349,Isaac Brown,Louisville,RB,0.231,0.384,0.05
2026,5079354,Braylon Burnside,Memphis,WR,0.04,0.0,0.122
2026,5079357,Aaron Butler,Oregon State,WR,0.09,0.026,0.113
2026,5079364,Kam Davis,Liberty,RB,0.206,0.333,0.037
2026,5079367,Jadyn Davis,East Tennessee State,QB,0.034,0.0,0.087
2026,5079369,C.J. Carr,Notre Dame,QB,0.392,0.032,0.79
2026,5079370,Ernest Campbell,Colorado,WR,0.027,0.0,0.056
2026,5079371,Chris Davis Jr.,Stanford,RB,0.045,0.136,0.0
2026,5079372,Anthony Carrie,Florida International,RB,0.179,0.359,0.056
2026,5079373,Decker DeGraaf,Washington,TE,0.064,0.0,0.117
2026,5079376,Cam Coleman,Texas,WR,0.054,0.0,0.113
2026,5079378,Darrion Dupree,Wisconsin,RB,0.077,0.133,0.019
2026,5079379,Caden Durham,LSU,RB,0.022,0.041,0.0
2026,5079386,Ric'Darious Farmer,UCF,WR,0.086,0.018,0.161
2026,5079405,Stacy Gage,LSU,RB,0.077,0.122,0.025
2026,5079410,Jerrick Gibson,Purdue,RB,0.051,0.107,0.0
2026,5079412,Trae'von Dunbar,South Alabama,RB,0.111,0.177,0.016
2026,5079417,Channing Goodwin,Michigan,WR,0.021,0.0,0.042
2026,5079419,TJ Engleman,East Carolina,RB,0.053,0.094,0.017
2026,5079420,Trey'Dez Green,LSU,TE,0.088,0.02,0.173
2026,5079429,Gavin Grover,Cincinnati,TE,0.014,0.0,0.043
2026,5079435,Tayvion Galloway,Middle Tennessee,TE,0.042,0.0,0.068
2026,5079438,David Eziomume,Clemson,RB,0.02,0.045,0.0
2026,5079443,Hauss Hejny,Colorado State,QB,0.555,0.172,0.901
2026,5079444,Mylan Graham,Notre Dame,WR,0.038,0.0,0.081
2026,5079465,Michael Hawkins Jr.,West Virginia,QB,0.329,0.216,0.815
2026,5079468,Davion Gause,NC State,RB,0.07,0.093,0.037
2026,5079474,Elijah Jones,Cincinnati,WR,0.013,0.0,0.033
2026,5079475,Micah Gilbert,Notre Dame,WR,0.046,0.0,0.097
2026,5079482,Dilin Jones,LSU,RB,0.242,0.408,0.049
2026,5079486,Zy'marion Lang,UConn,WR,0.038,0.0,0.083
2026,5079492,Micah Hudson,Texas Tech,WR,0.04,0.0,0.092
2026,5079499,Audric Harris,Hawai'i,WR,0.061,0.0,0.095
2026,5079500,Bryan Jackson,Wisconsin,RB,0.179,0.323,0.0
2026,5079501,Zycarl Lewis Jr.,Tulane,WR,0.036,0.0,0.065
2026,5079503,Elija Lofton,Miami,TE,0.014,0.0,0.033
2026,5079506,Daniel Hill,Alabama,RB,0.21,0.321,0.053
2026,5079508,Austin Mack,Alabama,QB,0.038,0.021,0.063
2026,5079510,Walter Matthews,USC,TE,0.014,0.0,0.034
2026,5079516,KJ Jackson,Arkansas,QB,0.528,0.2,0.798
2026,5079519,Jeremiah McClellan,Oregon,WR,0.096,0.0,0.167
2026,5079523,Derrick McFall,SMU,WR,0.127,0.227,0.061
2026,5079524,Keenan Jackson,NC State,WR,0.066,0.0,0.145
2026,5079537,Ju'Juan Johnson,Syracuse,RB,0.207,0.455,0.06
2026,5079542,Luke Kromenhoek,South Florida,QB,0.018,0.04,0.0
2026,5079548,Air Noland,Memphis,QB,0.015,0.021,0.0
2026,5079555,D.J. Lagway,Baylor,QB,0.564,0.047,1.0
2026,5079556,Parker Livingstone,Oklahoma,WR,0.016,0.015,0.018
2026,5079561,Dwight Phillips Jr.,Georgia,RB,0.041,0.066,0.017
2026,5079569,Luca Puccinelli,Purdue,TE,0.012,0.0,0.022
2026,5079571,James Madison II,UTSA,WR,0.017,0.0,0.034
2026,5079574,Jordan Marshall,Michigan,RB,0.208,0.323,0.047
2026,5079577,Quinton Martin Jr.,Penn State,RB,0.162,0.227,0.071
2026,5079580,Mike Matthews,Tennessee,WR,0.091,0.0,0.26
2026,5079589,Braylen Russell,Arkansas,RB,0.141,0.314,0.011
2026,5079592,Michael Smith,Ole Miss,TE,0.029,0.0,0.058
2026,5079600,Nick Marsh,Indiana,WR,0.046,0.0,0.156
2026,5079604,Isaiah Marshall,Kansas,QB,0.531,0.289,0.897
2026,5079607,Marquawn McCraney,Idaho,WR,0.029,0.0,0.053
2026,5079610,Jayden Moore,Duke,WR,0.03,0.0,0.083
2026,5079612,Drelon Miller,Baylor,WR,0.027,0.0,0.051
2026,5079613,Emmett Mosley V,Texas,WR,0.088,0.013,0.169
2026,5079619,Kalieb Osborne,UConn,QB,0.528,0.265,0.875
2026,5079620,Michael Van Buren Jr.,South Florida,QB,0.018,0.0,0.033
2026,5079626,Micah Welch,Colorado,RB,0.152,0.268,0.016
2026,5079627,Jadon Porter,Baylor,WR,0.099,0.0,0.182
2026,5079628,John White,Southern Miss,QB,0.047,0.035,0.074
2026,5079632,Noreel White,Troy,WR,0.065,0.013,0.14
2026,5079643,Zion Ragins,Mississippi State,WR,0.074,0.0,0.172
2026,5079647,Caleb Odom,Ole Miss,TE,0.063,0.0,0.143
2026,5079651,Devon Rice,Hawai'i,RB,0.261,0.566,0.109
2026,5079653,Demond Williams Jr.,Washington,QB,0.638,0.237,0.987
2026,5079657,Gabe Winowich,Rhode Island,RB,0.038,0.076,0.0
2026,5079659,Jonathan Paylor,NC State,RB,0.028,0.047,0.0
2026,5079660,Brandon Winton,East Tennessee State,WR,0.089,0.01,0.175
2026,5079661,Chance Robinson,NC State,WR,0.042,0.0,0.111
2026,5079663,Jeremy Payne,TCU,RB,0.259,0.431,0.09
2026,5079679,Ryan Puglisi,Georgia,QB,0.163,0.033,0.31
2026,5079684,James Resar,Florida International,TE,0.064,0.0,0.112
2026,5079686,Bredell Richardson,Tulane,WR,0.037,0.0,0.075
2026,5079687,Jordan Shipp,North Carolina,WR,0.097,0.0,0.193
2026,5079691,Malcolm Simmons,Texas Tech,WR,0.014,0.0,0.03
2026,5079699,Corey Smith,Toledo,RB,0.092,0.156,0.0
2026,5079705,Grant Stec,Wisconsin,TE,0.049,0.0,0.097
2026,5079712,Julian Sayin,Ohio State,QB,0.467,0.048,0.845
2026,5079714,Rico Scott,Alabama,WR,0.035,0.0,0.088
2026,5079717,AJ Surace,Rutgers,QB,0.336,0.085,0.536
2026,5079720,Jeremiah Smith,Ohio State,WR,0.182,0.016,0.338
2026,5079734,Marcelis Tate,Tennessee State,QB,0.051,0.034,0.071
2026,5079738,Landen Thomas,Florida State,TE,0.03,0.0,0.075
2026,5079742,Aneyas Williams,Notre Dame,RB,0.238,0.46,0.032
2026,5079745,Joshisa Trader,NC State,WR,0.057,0.0,0.127
2026,5079749,Yasin Willis,Kansas,RB,0.145,0.229,0.034
2026,5079759,Jelani Watkins,Arkansas,WR,0.018,0.014,0.022
2026,5079766,Chanz Wiggins,Virginia Tech,WR,0.027,0.0,0.065
2026,5079769,Izaiah Williams,Kansas State,WR,0.014,0.0,0.037
2026,5079771,Isaac Wilson,Colorado,QB,0.027,0.0,0.056
2026,5079772,Damarion Witten,Miami (OH),WR,0.035,0.0,0.075
2026,5080403,Jaylen Raynor,Iowa State,QB,0.476,0.219,0.972
2026,5080703,Isaiah Sategna,Oklahoma,WR,0.145,0.046,0.268
2026,5080786,Cedric Anton,Sacramento State,TE,0.015,0.0,0.027
2026,5080819,Davion Dozier,NC State,WR,0.033,0.0,0.073
2026,5080888,Matt Wagner,Boise State,TE,0.077,0.0,0.183
2026,5081054,Micah Riley-Ducker,Texas A&M,TE,0.02,0.0,0.046
2026,5081076,Jimmy Casey,Sacred Heart,TE,0.021,0.0,0.059
2026,5081089,Dylan Gary,Kennesaw State,WR,0.071,0.0,0.143
2026,5081134,Malachi Lane,UT Rio Grande Valley,RB,0.06,0.1,0.024
2026,5081163,Anthony Favrow,Missouri,RB,0.127,0.182,0.063
2026,5081172,Xayvion Turner-Bradshaw,Marshall,WR,0.102,0.048,0.173
2026,5081197,Grady Brosterhous,Utah State,QB,0.49,0.377,0.592
2026,5081209,Eli Wood,Utah State,WR,0.129,0.0,0.25
2026,5081213,DJ Black,South Carolina,WR,0.054,0.026,0.091
2026,5081332,Jaziun Patterson,Michigan State,RB,0.063,0.111,0.0
2026,5081363,Justin Williams-Thomas,Massachusetts,RB,0.1,0.154,0.0
2026,5081364,Titus Rohrer,Montana,TE,0.02,0.0,0.038
2026,5081367,Chas Nimrod,Auburn,WR,0.069,0.0,0.151
2026,5081378,Hunter Barnes,Tennessee,RB,0.054,0.087,0.0
2026,5081427,Jake Young,Western Carolina,TE,0.052,0.0,0.096
2026,5081436,Domonique Thomas,Samford,RB,0.144,0.354,0.048
2026,5081503,Teddy Gleaton,Tusculum,QB,0.258,0.333,0.063
2026,5081611,Mason Williams,Ohio State,TE,0.022,0.0,0.042
2026,5081640,Scott Isacks III,UAB,TE,0.02,0.0,0.059
2026,5081766,Jason Albritton,East Tennessee State,RB,0.094,0.184,0.01
2026,5081845,Ashton Locklear,NC State,WR,0.02,0.0,0.036
2026,5081863,Carson Brown,Hawai'i,WR,0.035,0.0,0.054
2026,5081882,Tyler Claiborne,Iowa State,WR,0.055,0.0,0.158
2026,5081934,Dallas Dudley,Abilene Christian,WR,0.016,0.0,0.027
2026,5081981,Reece Beauchamp,Marist,WR,0.028,0.0,0.049
2026,5082004,Ace Cobb,Florida A&M,WR,0.016,0.0,0.029
2026,5082118,Zach Mundell,Army,WR,0.088,0.074,0.167
2026,5082271,Quinton Jackson,Rice,RB,0.134,0.143,0.1
2026,5082304,Justin Guin,Northern Colorado,RB,0.189,0.312,0.069
2026,5082330,John Alan Richter,Toledo,QB,0.424,0.048,0.87
2026,5082407,Connor Barry,Penn State,QB,0.041,0.045,0.036
2026,5082548,A.J. Turner,Minnesota,RB,0.046,0.154,0.02
2026,5082549,DeMarcus McElroy,Merrimack,RB,0.105,0.186,0.037
2026,5082551,Beau Blankenship,Gardner-Webb,TE,0.026,0.0,0.043
2026,5082584,DJ Epps,West Virginia,WR,0.057,0.027,0.185
2026,5082587,Matthew Coleman,Sacramento State,WR,0.143,0.011,0.259
2026,5082662,Cole Boscia,California,WR,0.011,0.0,0.022
2026,5082909,Aidan Semo,UAlbany,QB,0.125,0.117,0.14
2026,5082965,Tommy Ulatowski,App State,QB,0.068,0.0,0.152
2026,5083041,Gerard Bullock,Kennesaw State,TE,0.012,0.0,0.029
2026,5083042,Skyler Locklear,Missouri State,QB,0.375,0.093,0.884
2026,5083103,Davis Bryson,Kennesaw State,WR,0.021,0.015,0.029
2026,5083111,Qua Ashley,Tennessee Tech,RB,0.109,0.174,0.053
2026,5083175,Anthony Woods,UCLA,RB,0.133,0.211,0.021
2026,5083199,Jeremiah Salem,Eastern Illinois,QB,0.065,0.0,0.188
2026,5083205,Nick Devereaux,Eastern Michigan,WR,0.12,0.0,0.209
2026,5083213,Jordan Reed,Montana State,WR,0.031,0.0,0.067
2026,5083268,Carson Jenkins,William & Mary,WR,0.058,0.014,0.107
2026,5083271,Sean McElwain,William & Mary,TE,0.033,0.0,0.072
2026,5083279,Julian Glantz,Villanova,RB,0.024,0.053,0.0
2026,5083370,Jacory Barney Jr.,Nebraska,WR,0.129,0.014,0.258
2026,5083372,Quanye Veney,Richmond,WR,0.083,0.012,0.149
2026,5083373,Ashten Snelsire,Richmond,QB,0.519,0.06,0.947
2026,5083381,Sean Clarke,Richmond,TE,0.094,0.0,0.181
2026,5083393,Marquis Buchanan,Rhode Island,WR,0.171,0.0,0.359
2026,5083395,Jaden Griffin,Franklin Pierce,RB,0.104,0.212,0.0
2026,5083407,Hunter Hopperton,Kent State,FB,0.057,0.0,0.14
2026,5083437,DJ Linkins,Stony Brook,WR,0.069,0.0,0.123
2026,5083442,Myles Thomason,New Hampshire,RB,0.314,0.456,0.198
2026,5083444,Josh Fillion,New Hampshire,WR,0.017,0.0,0.032
2026,5083457,Colby Ramshaw,New Hampshire,TE,0.038,0.0,0.063
2026,5083490,Ayden Pereira,Georgia State,QB,0.127,0.053,0.212
2026,5083500,Evan Wallace,Maine,WR,0.071,0.0,0.146
2026,5083518,Lasalle Rose Jr.,New Haven,WR,0.034,0.0,0.07
2026,5083545,Coleman Kuntz,South Dakota State,TE,0.038,0.0,0.081
2026,5083553,Rovaughn Banks Jr.,Abilene Christian,RB,0.175,0.364,0.03
2026,5083569,Jaden Craig,TCU,QB,0.51,0.097,0.985
2026,5083652,Kai Rios,Michigan State,TE,0.014,0.0,0.036
2026,5083657,Rocco Ciocca,Norfolk State,TE,0.03,0.0,0.057
2026,5083663,Plez Lawrence,North Carolina Central,RB,0.192,0.316,0.026
2026,5083726,MJ Flowers,Tennessee Tech,RB,0.203,0.337,0.084
2026,5083747,Justin Bowick,Oklahoma State,WR,0.08,0.0,0.151
2026,5083748,Cam Thompson,Northern Illinois,WR,0.052,0.04,0.067
2026,5083750,Alex Ginnever,Eastern Illinois,TE,0.052,0.0,0.111
2026,5083778,Nolan Reed,Southeast Missouri State,TE,0.015,0.0,0.027
2026,5083848,Jamar Curtis,Sacramento State,RB,0.143,0.264,0.046
2026,5083941,Collin Shannon,Murray State,QB,0.397,0.1,0.702
2026,5083966,Morgan McPhaul,Oklahoma State,TE,0.011,0.0,0.022
2026,5083976,Emari Matthews,Jackson State,RB,0.126,0.184,0.038
2026,5083981,Joanes Fortilien,Jackson State,WR,0.051,0.0,0.148
2026,5084026,Wesley Garrett,Eastern Washington,WR,0.119,0.0,0.217
2026,5084027,Miles Williams,New Mexico,WR,0.028,0.0,0.074
2026,5084047,Nate Frazier,Georgia,RB,0.089,0.164,0.017
2026,5084050,Quavel Thornton,Morgan State,WR,0.059,0.0,0.115
2026,5084084,Kevin Jennings,SMU,QB,0.475,0.132,0.739
2026,5084086,Charlie Fiser,SMU,QB,0.036,0.0,0.061
2026,5084183,Kheagian Heckaman,Prairie View A&M,TE,0.022,0.0,0.041
2026,5084208,Kameran Senegal,McNeese,WR,0.067,0.021,0.109
2026,5084210,Joshon Barbie,Marshall,RB,0.169,0.242,0.096
2026,5084266,Treylin Whaley,Nicholls,TE,0.027,0.0,0.061
2026,5084286,Makhi Frazier,Ole Miss,RB,0.064,0.141,0.0
2026,5084291,Damien McDaniel,Prairie View A&M,WR,0.096,0.013,0.165
2026,5084293,Ka'Morreun Pimpton,TCU,TE,0.035,0.0,0.075
2026,5084310,Kenji Lewis,Northern Illinois,WR,0.017,0.0,0.033
2026,5084317,Johness Davis,Duquesne,RB,0.223,0.42,0.042
2026,5084352,Bryce Patterson,Morehead State,QB,0.115,0.056,0.2
2026,5084404,Liam O'Brien,Cincinnati,QB,0.113,0.083,0.167
2026,5084409,Jared Richardson,Duke,WR,0.026,0.0,0.074
2026,5084429,Darren Morris,Boise State,WR,0.015,0.0,0.031
2026,5084459,Cincere Rhaney,Sacramento State,RB,0.086,0.16,0.0
2026,5084468,Hogan Wasson,Middle Tennessee,WR,0.067,0.0,0.108
2026,5084495,Kody Finley,Grambling,WR,0.026,0.0,0.057
2026,5084519,Rickie Shaw II,Bethune-Cookman,WR,0.061,0.0,0.154
2026,5084555,Xavier Gaillardetz,East Tennessee State,WR,0.025,0.0,0.052
2026,5084582,Jordan Gant,Akron,RB,0.184,0.294,0.086
2026,5084590,Craig Cunningham,Morehead State,RB,0.208,0.382,0.063
2026,5084657,Dakarai Anderson,Central Arkansas,WR,0.099,0.009,0.243
2026,5084663,Evan Austin,Campbell,WR,0.071,0.0,0.125
2026,5084698,Tashi Braceful,Toledo,WR,0.026,0.0,0.065
2026,5084701,John Cineas,West Georgia,WR,0.018,0.0,0.031
2026,5084704,Patrick Clacks III,Buffalo,WR,0.033,0.0,0.055
2026,5084729,BJ Fleming,Tarleton State,WR,0.07,0.0,0.137
2026,5084769,Angel H Flores,Central Michigan,QB,0.455,0.435,0.5
2026,5084771,KJ Duff,Rutgers,WR,0.206,0.0,0.391
2026,5084772,Hayden Eligon Ii,Northwestern,WR,0.018,0.0,0.038
2026,5084802,AJ Wilson,UTSA,WR,0.119,0.017,0.208
2026,5084825,Jackson White,Houston Christian,WR,0.018,0.0,0.056
2026,5084905,Jaylan Hornsby,Purdue,WR,0.027,0.0,0.057
2026,5084906,Jaden Hart,UConn,RB,0.068,0.1,0.031
2026,5084910,Josh Phifer,UCLA,TE,0.019,0.0,0.042
2026,5084941,Weston Adams,Montana,WR,0.058,0.0,0.105
2026,5084967,Victor Snow,NC State,WR,0.033,0.0,0.073
2026,5085006,Jalen Buckley,Western Michigan,RB,0.242,0.387,0.041
2026,5085022,Patrick Williams II,Grambling,TE,0.034,0.0,0.082
2026,5085023,Max Ware,Stony Brook,WR,0.013,0.0,0.024
2026,5085112,Emmett Brown,Incarnate Word,QB,0.594,0.132,0.945
2026,5085246,Tylyric Coleman,Virginia,WR,0.037,0.0,0.139
2026,5085259,Ashton Frye,Grambling,QB,0.06,0.038,0.08
2026,5085300,Jared White,Montana State,RB,0.084,0.111,0.062
2026,5085301,Taco Dowler,Montana State,WR,0.138,0.02,0.278
2026,5085335,Deion Brown,Indiana State,RB,0.042,0.095,0.0
2026,5085337,Keyone Jenkins,UCF,QB,0.043,0.0,0.089
2026,5085354,Lynel Billups-Williams,Miami (OH),WR,0.087,0.0,0.189
2026,5085405,Dwartney Wortham,Furman,WR,0.014,0.0,0.037
2026,5085496,Chauncy Cobb,Arkansas State,WR,0.127,0.046,0.245
2026,5085497,Ty Stamey,Texas State,TE,0.013,0.0,0.035
2026,5085503,Grayson O'Bara,North Texas,WR,0.014,0.0,0.033
2026,5085504,Daniel Haughton,Furman,WR,0.106,0.019,0.226
2026,5085507,D.J. Crowther,South Florida,RB,0.184,0.323,0.02
2026,5085508,Desmin Jackson,Butler,RB,0.145,0.224,0.02
2026,5085509,Chris Corbo,Georgia Tech,TE,0.028,0.0,0.045
2026,5085540,Aidan Garcia,Drake,WR,0.037,0.0,0.05
2026,5085564,Julian Mason,Idaho State,WR,0.144,0.0,0.255
2026,5085598,Tanner Beaman,Portland State,TE,0.112,0.0,0.197
2026,5085609,Treyshun Hurry,Louisville,WR,0.075,0.0,0.167
2026,5085631,Marvin Session,Weber State,WR,0.078,0.0,0.138
2026,5085677,Mitchell January,Drake,WR,0.095,0.0,0.131
2026,5085685,Taj Hughes,Northern Iowa,RB,0.107,0.083,0.143
2026,5085707,Tyler Nansel,Indiana State,TE,0.018,0.0,0.034
2026,5085729,Connor Lair,Missouri State,RB,0.075,0.12,0.0
2026,5085768,Brady McCullough,Northern Iowa,TE,0.069,0.0,0.161
2026,5085784,Chase Mason,South Dakota State,QB,0.437,0.118,0.929
2026,5085803,Gavin Nelson,Monmouth,WR,0.155,0.0,0.274
2026,5085830,Rahkeem Smith,Georgia Tech,WR,0.014,0.0,0.023
2026,5085839,Kayleb Wagner,Thomas More,RB,0.096,0.278,0.0
2026,5085846,Ethan Harris,Furman,WR,0.056,0.0,0.131
2026,5085852,Ben Croasdale,Furman,RB,0.101,0.179,0.012
2026,5085866,Gram Smithson,Furman,WR,0.042,0.0,0.111
2026,5085883,Jake Reichle,Oregon State,RB,0.099,0.235,0.056
2026,5085903,Ed Osley,Miles,RB,0.056,0.14,0.0
2026,5085913,Austin Bray,Youngstown State,TE,0.015,0.0,0.028
2026,5085972,Kainoa Carvalho,Hawai'i,WR,0.104,0.013,0.156
2026,5086034,Camryn Edwards,Michigan State,RB,0.329,0.533,0.063
2026,5086079,John Anthony,Southeast Missouri State,WR,0.084,0.0,0.17
2026,5086086,Drew Krobath,Lindenwood,WR,0.084,0.0,0.208
2026,5086091,Jared Rhodes,Lindenwood,RB,0.226,0.333,0.091
2026,5086095,Terence Marshall,Western Michigan,WR,0.017,0.0,0.038
2026,5086096,Lawayne McCoy,Louisville,WR,0.06,0.0,0.133
2026,5086097,Jaheim Merriweather,Troy,RB,0.151,0.247,0.035
2026,5086100,Tei Nacua,BYU,WR,0.014,0.0,0.043
2026,5086102,Cameron Hergott,Eastern Kentucky,WR,0.046,0.015,0.083
2026,5086174,Keynan Richardson-Cook,Campbell,WR,0.055,0.0,0.095
2026,5086182,Jack Capaldi,Maryland,QB,0.038,0.025,0.053
2026,5086202,Chris Tuck,Fordham,TE,0.045,0.0,0.096
2026,5086388,Kewan Lacy,Ole Miss,RB,0.279,0.469,0.13
2026,5086393,J'Koby Williams,Texas Tech,RB,0.285,0.407,0.154
2026,5086448,Kamrean Johnson,Wake Forest,TE,0.029,0.0,0.057
2026,5086470,Keion Dunlap,Samford,RB,0.032,0.068,0.014
2026,5086502,Laviel Pickett,UC Davis,WR,0.071,0.0,0.128
2026,5086505,Samuel Gbatu Jr.,UC Davis,WR,0.146,0.0,0.266
2026,5086540,Landyn Backey,Elon,WR,0.015,0.0,0.037
2026,5086628,AJ Jones,Middle Tennessee,WR,0.075,0.0,0.122
2026,5086629,Rex Haynes,Utah State,WR,0.034,0.0,0.067
2026,5086893,Donovan Shepard,Hampton,RB,0.106,0.198,0.012
2026,5086912,Andrew Tabor,Butler,WR,0.032,0.0,0.077
2026,5086921,Amonte Jones,North Carolina A&T,WR,0.015,0.0,0.028
2026,5086922,Mack David II,North Carolina A&T,RB,0.014,0.0,0.022
2026,5086933,Christian MacDonald,Mercyhurst,WR,0.042,0.0,0.075
2026,5086946,Elijah Kennedy,North Carolina A&T,WR,0.091,0.0,0.167
2026,5086952,Jo'Nathan Silver,Delaware,RB,0.184,0.39,0.038
2026,5086956,Elijah Sessoms,Delaware,TE,0.028,0.0,0.051
2026,5086964,Santino Correa,Marist,WR,0.03,0.0,0.061
2026,5087031,Reagan Andrew,Butler,QB,0.032,0.057,0.0
2026,5087069,Max Mosey,Rice,WR,0.016,0.01,0.043
2026,5087070,Sam Slade,Long Island University,RB,0.069,0.103,0.028
2026,5087090,Aboraa Kwarteng,Rhode Island,WR,0.093,0.0,0.196
2026,5087095,Justin Bloise,Sacred Heart,WR,0.014,0.0,0.04
2026,5087156,Nathan Hayes,North Dakota State,QB,0.417,0.102,0.921
2026,5087169,Luke Kokat,North Dakota State,TE,0.015,0.0,0.043
2026,5087198,Haydn Stay,North Dakota,TE,0.013,0.0,0.034
2026,5087199,Mason South,North Dakota,TE,0.021,0.0,0.051
2026,5087215,Sam Strandell,North Dakota,WR,0.032,0.0,0.08
2026,5087227,Lavarion Logan,Miles,RB,0.079,0.2,0.0
2026,5087241,Max Ziebarth,Illinois State,TE,0.033,0.0,0.075
2026,5087255,Jason Wonodi,Norfolk State,WR,0.058,0.0,0.154
2026,5087297,Ja'Shawn Scroggins,Howard,QB,0.539,0.231,0.863
2026,5087687,Eli Gillman,Montana,RB,0.28,0.545,0.075
2026,5087705,Ian Finch,Montana,WR,0.012,0.0,0.024
2026,5087716,Brandon Jorgensen,Southern Connecticut State,QB,0.196,0.231,0.167
2026,5087722,Justin Reshard,Stony Brook,WR,0.02,0.0,0.035
2026,5087747,Jayce Freeman,Temple,WR,0.058,0.0,0.171
2026,5087930,Jamill Williams,Jacksonville State,WR,0.089,0.019,0.185
2026,5088100,Deverious Abercrombie,Presbyterian,WR,0.059,0.0,0.116
2026,5088143,Terik Mulder,Kent State,TE,0.041,0.0,0.1
2026,5088153,Micahi Danzy,Florida State,WR,0.045,0.013,0.094
2026,5088170,Cole Clarke,Stonehill,TE,0.052,0.009,0.103
2026,5088196,Noah Canty,Duquesne,TE,0.017,0.0,0.038
2026,5088336,Makai Jackson,Liberty,WR,0.066,0.0,0.167
2026,5088421,Charles Pierre Jr.,South Dakota,RB,0.216,0.324,0.069
2026,5088435,Tysen Boze,South Dakota,WR,0.043,0.0,0.111
2026,5088564,Ellis Bynum,Prairie View A&M,RB,0.018,0.045,0.0
2026,5088565,Preston Alford,Stephen F. Austin,RB,0.136,0.205,0.056
2026,5088584,Ben Marshall,Austin Peay,TE,0.015,0.0,0.043
2026,5088851,Tre'Von Taylor,Hampton,QB,0.271,0.146,0.435
2026,5088888,Torrance Burgess Jr.,Texas State,RB,0.19,0.315,0.018
2026,5088896,Keith Jenkins Jr.,Morgan State,RB,0.118,0.203,0.051
2026,5088910,Joseph Kennerly,Morgan State,WR,0.027,0.0,0.05
2026,5088952,Eric Olsen,Oregon State,TE,0.076,0.0,0.104
2026,5088964,Sonny Mannino,Marist,QB,0.603,0.239,1.0
2026,5088974,Carter James,Mississippi Valley State,RB,0.077,0.129,0.014
2026,5088989,Gabriel Abel,St. Thomas (MN),RB,0.135,0.26,0.0
2026,5089003,Colin Chase,Temple,WR,0.033,0.0,0.098
2026,5089021,Patrick Wagner,St. Thomas (MN),TE,0.036,0.0,0.08
2026,5089028,Marcus II Harris,Tennessee Tech,RB,0.089,0.174,0.011
2026,5089171,Dominic Rezac,South Dakota State,RB,0.054,0.067,0.0
2026,5089179,Brian Henry,Abilene Christian,TE,0.048,0.0,0.086
2026,5089181,Jett Huff,Central Oklahoma,QB,0.031,0.0,0.05
2026,5089182,CJ Nelson,Ball State,WR,0.03,0.0,0.055
2026,5089279,Seth Glatz,Illinois State,RB,0.112,0.194,0.022
2026,5089300,Elijah Griffin,Alcorn State,WR,0.05,0.0,0.11
2026,5089309,Jake Stearney,Colgate,QB,0.503,0.156,0.976
2026,5089314,Hank Brown,Iowa,QB,0.432,0.149,0.725
2026,5089327,Samaj Jones,Cincinnati,QB,0.077,0.098,0.043
2026,5089335,Rowan Keefe,Valparaiso,QB,0.487,0.115,0.895
2026,5089363,Devin Yeats,Valparaiso,WR,0.138,0.0,0.229
2026,5089455,Michael Lorino III,The Citadel,RB,0.107,0.125,0.067
2026,5089502,Tyler Wilms,UAlbany,TE,0.016,0.0,0.031
2026,5089539,Censere Lee,Pittsburgh,WR,0.06,0.0,0.12
2026,5089540,Cole Gonzales,Charlotte,QB,0.525,0.156,0.887
2026,5089560,Camury Reid,Southern Utah,RB,0.127,0.15,0.098
2026,5089572,AJ Colombo,Western Carolina,WR,0.111,0.0,0.183
2026,5089859,Floyd Chalk IV,Southern Utah,RB,0.317,0.478,0.066
2026,5089860,Chance Williams,Charlotte,RB,0.187,0.313,0.085
2026,5089861,Phaizon Wilson,UT Martin,WR,0.025,0.0,0.061
2026,5091384,Dallas Elliott,Massachusetts,WR,0.038,0.0,0.108
2026,5091725,Lee Beebe,Indiana,RB,0.278,0.392,0.031
2026,5091744,Garrett Mmahat,Tulane,WR,0.065,0.0,0.132
2026,5091753,Fabian Rogosch,Troy,TE,0.029,0.0,0.07
2026,5091764,Ismael Zamor,The Citadel,WR,0.038,0.0,0.145
2026,5091828,Lofton Howard,Western Kentucky,TE,0.038,0.0,0.075
2026,5091830,Cam'Ron Lacy,Middle Tennessee,WR,0.208,0.023,0.324
2026,5091845,Zeke Wimbush,Liberty,TE,0.037,0.0,0.093
2026,5091890,Kadin Semonza,Tulane,QB,0.486,0.154,0.83
2026,5091891,Lamar Sperling,UTEP,RB,0.044,0.06,0.023
2026,5092200,Preston Rex,BYU,RB,0.055,0.081,0.02
2026,5092352,Chris Lofton,App State,WR,0.041,0.0,0.1
2026,5092410,Dorian Fleming,Maryland,TE,0.032,0.0,0.063
2026,5092438,Raeden Oliver,Morgan State,QB,0.034,0.042,0.029
2026,5092470,Tiaquelin Mims,UAB,WR,0.054,0.0,0.157
2026,5092483,Josiah Freeman,Fresno State,WR,0.091,0.0,0.217
2026,5092496,Elisha Edwards,McNeese,WR,0.119,0.0,0.227
2026,5092662,JD Sherrod,Glenville State,QB,0.107,0.278,0.028
2026,5092663,Jarvis Jones,Towson,WR,0.064,0.0,0.129
2026,5092666,Trey Firestone,Murray State,WR,0.116,0.0,0.234
2026,5092787,Marlion Jackson,Virginia Tech,WR,0.022,0.0,0.043
2026,5092806,Travion Solomon,Mercer,WR,0.087,0.0,0.198
2026,5092811,CJ Miller,Toledo,RB,0.161,0.27,0.037
2026,5092954,Max Dowling,Massachusetts,TE,0.046,0.0,0.13
2026,5092983,Luke Shields,Furman,WR,0.094,0.0,0.232
2026,5093141,Jarvis Green,Clemson,RB,0.055,0.102,0.016
2026,5093197,Jalyn Daniels,Norfolk State,RB,0.194,0.282,0.084
2026,5093361,Conor Lawlor,Wagner,WR,0.052,0.0,0.081
2026,5093362,Cole Monach,San Diego,WR,0.113,0.0,0.271
2026,5093363,Adam Criter,San Diego,RB,0.241,0.385,0.068
2026,5093373,Hayden Kincheloe,Idaho,RB,0.082,0.143,0.018
2026,5093396,Rylan Schlepp,Montana State,TE,0.015,0.0,0.031
2026,5093733,Joshua Acord,Southern Utah,TE,0.076,0.0,0.235
2026,5093750,Jack Fairchild,Southern Utah,WR,0.022,0.0,0.066
2026,5093761,Chance Arbon,Southern Utah,WR,0.03,0.0,0.08
2026,5093787,Cydd Ford,Tarleton State,WR,0.028,0.0,0.052
2026,5093815,Kymari Gray,Chicago State,WR,0.014,0.0,0.026
2026,5093837,Chris Hunter,Arizona,WR,0.073,0.016,0.125
2026,5093886,Kamari Moulton,Iowa,RB,0.23,0.373,0.101
2026,5093929,Eric Rodriguez,East Texas A&M,QB,0.538,0.218,0.85
2026,5093944,EJ Oakmon,East Texas A&M,RB,0.199,0.354,0.036
2026,5094046,Aidan Stephens,Youngstown State,WR,0.014,0.0,0.032
2026,5095078,Jayden Brown,Colorado State,RB,0.161,0.266,0.07
2026,5095114,Nate Garnett,Austin Peay,WR,0.057,0.021,0.111
2026,5095138,Trevor Wilson,Buffalo,TE,0.039,0.0,0.066
2026,5095216,Kai Coln,UAlbany,QB,0.016,0.0,0.031
2026,5095242,Cyrus Ellison,Coastal Carolina,TE,0.037,0.016,0.057
2026,5095260,Shamontae Burgess,South Carolina State,WR,0.023,0.0,0.07
2026,5095771,Ethan Greenwood,Long Island University,QB,0.125,0.09,0.163
2026,5095915,Moussa Barry,Western Kentucky,WR,0.019,0.0,0.038
2026,5096134,Keely Watson,South Carolina State,QB,0.243,0.024,0.657
2026,5096878,Dekalon Taylor,Colorado,RB,0.078,0.087,0.071
2026,5096903,Ty Yocum,Merrimack,RB,0.022,0.0,0.05
2026,5097945,Josh Shaw,South Carolina State,RB,0.114,0.181,0.0
2026,5098135,Isaiah Smith,Hampton,WR,0.027,0.0,0.059
2026,5098448,Isaiah Freeman,Howard,QB,0.103,0.068,0.143
2026,5098472,Jayden Jenkins,Delaware State,RB,0.161,0.24,0.088
2026,5098610,Terrell Walden II,Miami,RB,0.093,0.156,0.0
2026,5099305,Antonio Meeks,Wake Forest,WR,0.058,0.0,0.125
2026,5099307,Corey Petty,Florida A&M,WR,0.11,0.0,0.194
2026,5099446,Deuce Zimmerman,Northern Arizona,WR,0.03,0.013,0.057
2026,5099550,Tamaj Hoffman,Nicholls,RB,0.135,0.219,0.051
2026,5099704,KD Dorsey,Charleston Southern,WR,0.037,0.011,0.067
2026,5100368,Francisco Pratts III,Tennessee State,TE,0.019,0.0,0.036
2026,5100582,Hudson Clement,Illinois,WR,0.096,0.0,0.208
2026,5100583,Will Dixon,Rhode Island,TE,0.036,0.0,0.076
2026,5101124,Micah Alejado,Hawai'i,QB,0.657,0.118,0.952
2026,5102160,Derek Burrell,Wagner,WR,0.02,0.012,0.033
2026,5102556,Cataurus Hicks,Pittsburgh,WR,0.101,0.0,0.2
2026,5102806,Alex McDonald,Youngstown State,TE,0.034,0.0,0.068
2026,5102932,Ethan Crite,Merrimack,WR,0.041,0.0,0.067
2026,5103084,Jackson Lanier,Morehead State,RB,0.026,0.063,0.0
2026,5103514,Daidren Zipperer,Utah,WR,0.016,0.0,0.034
2026,5103639,Trelain Maddox,Georgia Tech,RB,0.097,0.148,0.068
2026,5103798,Daelen Alexander,Coastal Carolina,RB,0.029,0.051,0.0
2026,5103836,Marshaun Brown,Nevada,WR,0.038,0.013,0.082
2026,5104052,David Alpers,Jacksonville State,TE,0.025,0.0,0.054
2026,5104212,Jaren Hamilton,Arizona State,WR,0.014,0.0,0.028
2026,5104738,Ryan Browne,Purdue,QB,0.5,0.067,0.925
2026,5104817,Jackson Wasserstrom,Indiana,WR,0.016,0.0,0.059
2026,5104821,Brady Simmons,Miami (OH),WR,0.017,0.0,0.026
2026,5104888,Grady O'Neill,Sam Houston,WR,0.111,0.0,0.17
2026,5104968,Gabe Nunez,Tennessee Tech,WR,0.089,0.0,0.179
2026,5105269,Sacovie White,Georgia,WR,0.041,0.016,0.069
2026,5105334,Jackson Gilkey,Tarleton State,QB,0.024,0.043,0.0
2026,5105336,Conner Kenyon,Central Connecticut,QB,0.264,0.0,0.523
2026,5105849,Devon Dampier,Utah,QB,0.414,0.183,0.782
2026,5106299,Ca'Lil Valentine,Illinois,RB,0.263,0.483,0.038
2026,5106301,Kedren Young,Notre Dame,RB,0.069,0.111,0.032
2026,5106897,Jack O'Connell,Stonehill,QB,0.581,0.236,1.0
2026,5107875,Cole Tabb,Cincinnati,RB,0.07,0.109,0.0
2026,5108225,Josiah Martin,North Texas,WR,0.072,0.041,0.117
2026,5109511,Cooper Rusk,Toledo,WR,0.026,0.0,0.065
2026,5109518,Beau Brungard,Youngstown State,QB,0.645,0.433,0.864
2026,5109526,Da'Shaun Whatley,Youngstown State,RB,0.037,0.07,0.0
2026,5110019,Kyan Mason,Akron,WR,0.028,0.0,0.057
2026,5110029,Jaxon Branch,Eastern Washington,WR,0.128,0.0,0.238
2026,5110168,Carter Nelson,Nebraska,TE,0.014,0.0,0.029
2026,5110454,James Peoples,Penn State,RB,0.13,0.225,0.0
2026,5110460,Keonde Henry,Abilene Christian,WR,0.032,0.0,0.061
2026,5110500,Kevin Riley,Alabama,RB,0.075,0.125,0.0
2026,5110516,Arnold Barnes,Iowa State,RB,0.068,0.078,0.056
2026,5110535,Kyson Brown,Arizona State,RB,0.156,0.297,0.029
2026,5111406,Tennel Bryant,South Dakota,WR,0.049,0.01,0.111
2026,5112674,Bryant Wesco Jr.,Clemson,WR,0.11,0.017,0.21
2026,5112719,Greyton Gannon,South Dakota State,TE,0.063,0.0,0.135
2026,5113896,Cole Lacrue,Eastern Illinois,QB,0.511,0.192,0.961
2026,5114310,Chance Fitzgerald,Austin Peay,WR,0.017,0.0,0.043
2026,5114311,Jackson Harris,LSU,WR,0.033,0.0,0.074
2026,5114313,Jordan Onovughe,Stanford,WR,0.05,0.0,0.091
2026,5114331,Suderian Harrison,East Tennessee State,WR,0.099,0.02,0.186
2026,5114332,Jaivian Thomas,UCLA,RB,0.108,0.169,0.021
2026,5114594,Brycen Coleman,Vanderbilt,WR,0.015,0.0,0.034
2026,5116115,Max LeBlanc,Ohio State,TE,0.014,0.0,0.026
2026,5117836,Jamari Person,Liberty,WR,0.044,0.0,0.111
2026,5119307,Daniel Blood,Washington State,WR,0.083,0.0,0.173
2026,5119434,Trey Weary,East Tennessee State,WR,0.069,0.0,0.144
2026,5119658,JP Mikhael,Georgia Southern,TE,0.025,0.0,0.043
2026,5119659,Trent Thomas,Tennessee,TE,0.027,0.0,0.071
2026,5119743,Keynan Higgins,Jackson State,WR,0.013,0.0,0.037
2026,5119841,Dru Deshields,Kent State,QB,0.467,0.167,0.9
2026,5119873,Wyatt Hook,Akron,TE,0.014,0.0,0.029
2026,5120221,Brice Turner,Houston Christian,WR,0.034,0.0,0.097
2026,5120299,Patrick Overmyer,Houston,TE,0.086,0.0,0.235
2026,5120317,Jordan Lovett,Troy,RB,0.122,0.221,0.0
2026,5120454,Caleb Goodie,Missouri,WR,0.033,0.0,0.081
2026,5120456,Kwinten Ives,Nebraska,RB,0.045,0.03,0.063
2026,5120632,Dylan Rodd,Tennessee State,WR,0.058,0.0,0.107
2026,5120669,Akeem Wright,Boise State,WR,0.049,0.0,0.117
2026,5120735,Landon Walker,TCU,RB,0.042,0.083,0.0
2026,5120866,Jalen Brown,New Mexico State,RB,0.02,0.044,0.0
2026,5120970,Ismael Cisse,Arkansas,WR,0.043,0.0,0.079
2026,5121030,Jeremy Hecklinski,Iowa,QB,0.215,0.026,0.385
2026,5121169,Darian Mensah,Miami,QB,0.333,0.039,0.738
2026,5121170,Aiden Meeks,Stephen F. Austin,WR,0.023,0.0,0.056
2026,5121318,Mason Graham,Houston Christian,TE,0.034,0.0,0.08
2026,5121334,Jayce Brown,LSU,WR,0.027,0.0,0.062
2026,5121384,Ezekiel Avit,Fresno State,WR,0.027,0.0,0.065
2026,5121453,Eli Finley,Louisiana Tech,TE,0.078,0.016,0.16
2026,5121471,Tyshawn Russell,Syracuse,WR,0.024,0.0,0.046
2026,5121541,Cam Wallace,Penn State,RB,0.087,0.15,0.0
2026,5121571,Ezell Jolly,Arkansas State,RB,0.119,0.169,0.061
2026,5121601,Hunter Summers,Arkansas State,WR,0.059,0.0,0.143
2026,5121607,Ke'Marion Baldwin,Bowling Green,RB,0.061,0.111,0.0
2026,5121636,Adam Parks,Western Michigan,TE,0.039,0.0,0.102
2026,5121664,Kyle Mcneal,Florida International,WR,0.083,0.016,0.135
2026,5121666,Kameran Shanks,Wake Forest,WR,0.088,0.0,0.188
2026,5121691,Blaze Berlowitz,Vanderbilt,QB,0.281,0.178,0.431
2026,5121696,Nate Burleson II,New Haven,WR,0.022,0.0,0.041
2026,5121697,Jaylon Calhoun,North Alabama,RB,0.028,0.03,0.026
2026,5121707,Jarvis Hayes,Eastern Kentucky,WR,0.059,0.0,0.139
2026,5121709,Rickey Hunt,Fairmont State,RB,0.09,0.176,0.0
2026,5121720,Noah Meyers,Syracuse,TE,0.026,0.0,0.054
2026,5121721,Jekail Middlebrook,Virginia,RB,0.141,0.194,0.028
2026,5121744,Collin Carroll,Gardner-Webb,TE,0.013,0.0,0.019
2026,5121745,Marshawn Ferguson,Hampton,WR,0.048,0.01,0.094
2026,5121750,Yamir Knight,SMU,WR,0.041,0.0,0.072
2026,5121763,Za'Marion Webber,Arkansas-Pine Bluff,RB,0.094,0.17,0.0
2026,5121782,Jaelen Smith,McNeese,WR,0.015,0.0,0.032
2026,5121879,Keshaun Singleton,Auburn,WR,0.094,0.0,0.205
2026,5121893,Tony Livingston,Baylor,TE,0.012,0.0,0.023
2026,5121936,Brandon Phelps,Arizona,WR,0.015,0.0,0.028
2026,5122018,Jacob Harris,Wisconsin,TE,0.051,0.0,0.113
2026,5122033,Mitch Viviano,UAlbany,TE,0.022,0.0,0.04
2026,5122047,Jared Kelley,Kent State,WR,0.02,0.0,0.043
2026,5122054,Aidan Armenta,UL Monroe,QB,0.31,0.132,0.567
2026,5122060,Peyton Faulkner,Towson,TE,0.03,0.0,0.053
2026,5122072,Nic Trujillo,UL Monroe,WR,0.022,0.0,0.058
2026,5122076,Cole Weaver,Syracuse,WR,0.036,0.0,0.069
2026,5122077,Charlie Williams,Colorado,TE,0.026,0.0,0.063
2026,5122081,Tyler Little,Arkansas State,TE,0.033,0.0,0.063
2026,5122082,Justin Stevenson,North Texas,WR,0.043,0.0,0.1
2026,5122096,Kedarius Wade,Louisiana,WR,0.066,0.0,0.163
2026,5122106,Jackson Worley,Troy,TE,0.022,0.0,0.053
2026,5122147,Vaughn Blue,Central Michigan,RB,0.125,0.116,0.15
2026,5122155,Brady Tillman,Florida Atlantic,RB,0.064,0.118,0.022
2026,5122157,Caden Creel,Jacksonville State,QB,0.67,0.462,0.963
2026,5122162,Jordan Smith,Nicholls,WR,0.067,0.0,0.152
2026,5122231,Harlem Berry,LSU,RB,0.027,0.051,0.0
2026,5122403,Lorenzo Jenkins,Youngstown State,WR,0.029,0.0,0.056
2026,5122553,Peyton Lewis,Virginia,RB,0.074,0.108,0.0
2026,5122554,Xavier Robinson,Oklahoma,RB,0.089,0.154,0.018
2026,5122887,Luke Moga,New Mexico,QB,0.194,0.021,0.565
2026,5123048,Jason Patterson,Kentucky,RB,0.188,0.355,0.033
2026,5123665,Trey Owens,Arkansas State,QB,0.483,0.108,1.0
2026,5124334,PJ Martin,South Alabama,RB,0.235,0.344,0.082
2026,5124584,Blake Barnett,Kansas State,QB,0.097,0.045,0.185
2026,5124975,Juelz Goff,Boise State,RB,0.039,0.064,0.0
2026,5125171,Jaylen Foster,Southern Miss,RB,0.071,0.105,0.0
2026,5125335,Rodney Fields Jr.,Kansas State,RB,0.182,0.321,0.0
2026,5125366,Sesi Vailahi,Utah State,RB,0.034,0.077,0.0
2026,5125521,Arhmad Branch,South Florida,WR,0.123,0.0,0.286
2026,5125525,Jahzae Kimbrough,South Carolina State,WR,0.038,0.012,0.087
2026,5125535,Gerard Edimo,Stephen F. Austin,TE,0.042,0.0,0.1
2026,5125593,Bailey Stockton,Florida,WR,0.053,0.0,0.121
2026,5125595,Eric Nelson,Florida International,WR,0.058,0.0,0.101
2026,5125715,Colton Joseph,Wisconsin,QB,0.564,0.233,0.981
2026,5125726,CC Ezirim,Western Kentucky,TE,0.032,0.0,0.063
2026,5125730,Darrien Jones,UNLV,RB,0.037,0.044,0.031
2026,5125733,Joey Mattord,Eastern Michigan,RB,0.089,0.117,0.073
2026,5125734,Luke Mcgary,Houston,TE,0.015,0.0,0.053
2026,5125750,Jediyah Willoughby,UConn,WR,0.031,0.0,0.071
2026,5125754,Jai'Den Thomas,UNLV,RB,0.248,0.363,0.134
2026,5125765,PJ Hatter,Morehouse,QB,0.038,0.083,0.0
2026,5125768,DeAngelo Irvin Jr.,UNLV,WR,0.041,0.0,0.095
2026,5125819,Darrell Gill Jr.,Ole Miss,WR,0.033,0.0,0.059
2026,5125823,DJ McKinney,Tulsa,RB,0.053,0.074,0.033
2026,5125850,Tyree Kelly,Alcorn State,WR,0.072,0.0,0.16
2026,5125905,Corri Milliner,North Texas,WR,0.065,0.0,0.15
2026,5126468,Will Hammond,Texas Tech,QB,0.45,0.049,0.969
2026,5126470,Trever Jackson,Coastal Carolina,QB,0.014,0.026,0.0
2026,5126475,Trey Petty,Western Michigan,QB,0.155,0.129,0.192
2026,5126512,D'Marius Rucker,East Tennessee State,RB,0.074,0.122,0.031
2026,5126513,Jayden Scott,NC State,RB,0.131,0.246,0.0
2026,5126514,Harry Stewart III,Boise State,RB,0.026,0.043,0.0
2026,5126524,Jakorion Caffey,Kent State,RB,0.115,0.197,0.02
2026,5126526,Malachi Durant,Oregon State,WR,0.027,0.0,0.038
2026,5126534,Jeremy Scott,TCU,WR,0.07,0.0,0.149
2026,5127724,Christian Clark,South Carolina,RB,0.085,0.152,0.0
2026,5127805,JJ Harrell,Old Dominion,WR,0.066,0.0,0.184
2026,5128052,Dillon Hipp,Missouri State,TE,0.042,0.0,0.116
2026,5130407,Roger Saleapaga,BYU,TE,0.031,0.0,0.08
2026,5130409,Colton Heinrich,Georgia,TE,0.016,0.0,0.03
2026,5130792,Nitro Tuggle,South Carolina,WR,0.021,0.0,0.051
2026,5132253,Isiah Canion,Georgia,WR,0.041,0.0,0.086
2026,5132629,Braylon Staley,Tennessee,WR,0.042,0.0,0.12
2026,5132643,Kale Woodburn,Western Carolina,WR,0.034,0.0,0.056
2026,5132652,Ricky Johnson,Utah,WR,0.043,0.0,0.109
2026,5132812,Aaron Philo,Florida,QB,0.382,0.114,0.724
2026,5136049,Duke Watson,UCF,RB,0.138,0.214,0.071
2026,5136754,Luke Carter,Northwestern State,TE,0.026,0.0,0.056
2026,5136838,Willie Rodriguez,Kentucky,TE,0.117,0.0,0.233
2026,5138131,Deshawn Purdie,Liberty,QB,0.419,0.103,0.907
2026,5138451,Luke Reynolds,Virginia Tech,TE,0.098,0.025,0.179
2026,5139057,Ashton Bethel-Roman,Texas A&M,WR,0.033,0.0,0.077
2026,5139093,Amir Jackson,Florida,TE,0.038,0.0,0.086
2026,5140620,Connor Moberly,Iowa State,QB,0.063,0.067,0.059
2026,5141358,Kiotti Armstrong,Texas A&M,TE,0.011,0.0,0.026
2026,5141359,Dillon Alfred,Ole Miss,WR,0.016,0.0,0.029
2026,5141361,Justin Baker,Tennessee,RB,0.041,0.065,0.0
2026,5141362,Jordan Allen,Georgia Tech,WR,0.111,0.0,0.2
2026,5141364,Russell Babineaux,Louisiana,WR,0.074,0.014,0.163
2026,5141366,Bryce Baker,Virginia Tech,QB,0.11,0.038,0.192
2026,5141367,Bear Bachmeier,BYU,QB,0.438,0.108,0.96
2026,5141371,Ethan Barbour,Georgia,TE,0.033,0.0,0.069
2026,5141378,Cutter Boley,Arizona State,QB,0.511,0.141,0.857
2026,5141384,Phillip Bell,Ohio State,WR,0.015,0.0,0.028
2026,5141386,Tory Blaylock,Oklahoma,RB,0.016,0.037,0.0
2026,5141391,Dasaahn Brame,Tennessee,TE,0.014,0.0,0.045
2026,5141394,Lotzeir Brooks,Alabama,WR,0.049,0.024,0.088
2026,5141395,EJ Colson,UTEP,QB,0.535,0.388,0.814
2026,5141402,Royal Capell,UTEP,WR,0.053,0.0,0.14
2026,5141406,Deion DeBlanc,Wyoming,WR,0.018,0.0,0.053
2026,5141409,Deandre Desinor,NC State,RB,0.049,0.062,0.036
2026,5141419,Harry Dalton III,Maryland,RB,0.177,0.316,0.05
2026,5141420,Marquise Davis,Louisville,RB,0.106,0.189,0.0
2026,5141422,Gideon Davidson,Clemson,RB,0.173,0.356,0.016
2026,5141423,Jordon Davison,Oregon,RB,0.184,0.392,0.042
2026,5141431,DJ Dugar Jr.,Tulane,RB,0.019,0.034,0.0
2026,5141434,Elisha Durham,Ball State,WR,0.03,0.0,0.055
2026,5141448,Kamren Flowers,UConn,WR,0.014,0.0,0.031
2026,5141449,Ja'Kayden Ferguson,Kentucky,WR,0.016,0.0,0.038
2026,5141450,Semaj Fleming,App State,WR,0.027,0.0,0.061
2026,5141452,D'Shaun Ford,Grambling,RB,0.101,0.181,0.011
2026,5141456,TaRon Francis,West Virginia,WR,0.032,0.02,0.083
2026,5141473,AJ Hill,Arkansas,QB,0.215,0.0,0.321
2026,5141480,AJ Ia,Arizona State,TE,0.028,0.0,0.056
2026,5141487,Ty Hawkins,SMU,QB,0.291,0.136,0.394
2026,5141488,Zion Johnson,Cincinnati,RB,0.085,0.12,0.021
2026,5141499,Dierre Hill Jr.,Oregon,RB,0.264,0.49,0.111
2026,5141501,Gracen Harris,Mississippi State,WR,0.025,0.0,0.048
2026,5141505,Eugene Hilton Jr.,Wisconsin,WR,0.068,0.0,0.151
2026,5141506,Deuce Knight,Ole Miss,QB,0.197,0.174,0.206
2026,5141509,Karle Lacey Jr.,Texas,QB,0.129,0.057,0.206
2026,5141517,Bo Jackson,Ohio State,RB,0.255,0.452,0.099
2026,5141522,Iverson Howard,Maryland,RB,0.19,0.342,0.05
2026,5141524,Kaliq Lockett,Texas,WR,0.014,0.0,0.029
2026,5141525,Koby Howard,Penn State,WR,0.087,0.013,0.2
2026,5141549,David McComb,Miami (OH),QB,0.452,0.069,0.906
2026,5141556,TJ Lateef,Nebraska,QB,0.152,0.061,0.25
2026,5141558,Davon Mitchell,Grambling,TE,0.02,0.0,0.046
2026,5141559,Chris Lawson,Washington,WR,0.085,0.0,0.156
2026,5141560,Ousmane Kromah,Florida State,RB,0.269,0.443,0.019
2026,5141561,Jamarion Morrow,Texas A&M,RB,0.132,0.198,0.062
2026,5141563,Husan Longstreet,LSU,QB,0.021,0.017,0.028
2026,5141565,Byron Louis,Florida,RB,0.053,0.086,0.017
2026,5141571,George MacIntyre,Tennessee,QB,0.095,0.0,0.25
2026,5141572,Andrew Marsh,Michigan,WR,0.113,0.016,0.256
2026,5141575,Daylan Mccutcheon,Texas,WR,0.014,0.0,0.029
2026,5141582,Donovan Olugbode,Missouri,WR,0.111,0.012,0.258
2026,5141584,Naeshaun Montgomery,Missouri,WR,0.039,0.0,0.097
2026,5141586,Dakorien Moore,Oregon,WR,0.112,0.0,0.194
2026,5141593,Joshua Moore,Miami,WR,0.028,0.0,0.066
2026,5141597,Cooper Perry,California,WR,0.034,0.0,0.062
2026,5141598,Daune Morris,Tennessee,RB,0.105,0.167,0.0
2026,5141599,Cortez Mills Jr.,Nebraska,WR,0.045,0.0,0.094
2026,5141602,Ryan Montgomery,Georgia,QB,0.049,0.016,0.086
2026,5141605,Luke Nickel,Miami,QB,0.097,0.013,0.197
2026,5141607,Isaiah Mozee,Nebraska,RB,0.107,0.192,0.015
2026,5141623,Jamarion Parker,Grambling,RB,0.081,0.152,0.0
2026,5141628,Jaden Perez,North Alabama,WR,0.018,0.0,0.044
2026,5141629,Keelon Russell,Alabama,QB,0.503,0.179,0.965
2026,5141634,Steele Pizzella,Wake Forest,QB,0.059,0.031,0.086
2026,5141643,Adam Schobel,TCU,QB,0.014,0.0,0.03
2026,5141656,Nate Roberts,Ohio State,TE,0.015,0.0,0.028
2026,5141668,Taevion Swint,UCF,RB,0.06,0.107,0.018
2026,5141671,Talyn Taylor,Georgia,WR,0.049,0.016,0.086
2026,5141677,Ja'Kyrian Turner,Pittsburgh,RB,0.013,0.0,0.022
2026,5141684,Austin Simmons,Missouri,QB,0.333,0.036,0.774
2026,5141686,James Simon,Texas,RB,0.043,0.086,0.0
2026,5141695,Malik Washington,Maryland,QB,0.487,0.079,0.888
2026,5141697,Winston Watkins,LSU,WR,0.115,0.02,0.235
2026,5141701,Isaiah West,Ohio State,RB,0.073,0.113,0.042
2026,5141705,CJ Spence,Virginia,WR,0.031,0.0,0.083
2026,5141711,Ryan Williams,Alabama,WR,0.07,0.024,0.14
2026,5141714,Kamran Williams,UNLV,RB,0.014,0.028,0.0
2026,5141719,Elijah Thomas,Oklahoma,WR,0.05,0.0,0.143
2026,5141723,Dallas Wilson,Florida,WR,0.084,0.0,0.19
2026,5141729,Michael Terry III,Texas,RB,0.043,0.086,0.0
2026,5141741,Bryce Underwood,Michigan,QB,0.623,0.371,1.0
2026,5141742,Jabree Coleman,South Carolina,RB,0.077,0.127,0.017
2026,5141749,CJ Wiley,Georgia,WR,0.016,0.0,0.034
2026,5141756,Elyiss Williams,Georgia,TE,0.033,0.0,0.069
2026,5141757,Emaree Winston,Texas,TE,0.054,0.0,0.113
2026,5141795,Braylon Isom,Miami (OH),WR,0.102,0.0,0.158
2026,5141955,Jaydon Smith,UT Rio Grande Valley,WR,0.068,0.0,0.115
2026,5141975,Tanook Hines,USC,WR,0.021,0.0,0.05
2026,5142226,Xavier Williams,Iowa,RB,0.079,0.134,0.029
2026,5142238,Tyler Mason,Virginia Tech,RB,0.031,0.063,0.0
2026,5142261,Brevin Doll,Iowa,RB,0.013,0.026,0.0
2026,5142265,Ryan Ward,West Virginia,TE,0.014,0.0,0.074
2026,5142319,Kyan Berry-Johnson,Sam Houston,WR,0.03,0.0,0.045
2026,5142591,Kaleb Edwards,Alabama,TE,0.013,0.0,0.031
2026,5142596,James Flanigan,Notre Dame,TE,0.048,0.0,0.103
2026,5142597,Thomas Meyer,Iowa,TE,0.017,0.0,0.033
2026,5142600,Waden Charles,UCF,WR,0.093,0.0,0.152
2026,5142604,Brock Schott,Indiana,TE,0.022,0.0,0.067
2026,5142704,Carson Bruhn,Kansas,TE,0.034,0.0,0.086
2026,5142753,Jesse Watson,Purdue,WR,0.027,0.0,0.057
2026,5143191,Micah Ford,Stanford,RB,0.295,0.61,0.065
2026,5143595,Shaun Boykins,Delaware State,WR,0.203,0.323,0.08
2026,5143596,Jackson Ford,San Diego State,TE,0.017,0.0,0.049
2026,5143842,Brock Montgomery,Tennessee State,WR,0.034,0.0,0.06
2026,5143919,Jordan Malau'ulu,Fresno State,WR,0.015,0.0,0.033
2026,5143923,Derek Meadows,Alabama,WR,0.013,0.0,0.031
2026,5144078,Ethan Grunkemeyer,Virginia Tech,QB,0.429,0.088,0.808
2026,5144160,Keelan Smith,Nebraska,WR,0.014,0.0,0.029
2026,5144164,Riley Wormley,USC,RB,0.05,0.051,0.051
2026,5144288,Ben Grice,Rice,WR,0.047,0.029,0.13
2026,5144409,Dorian Williams,Youngstown State,WR,0.039,0.01,0.068
2026,5144785,Julian Johnson,Minnesota,TE,0.015,0.0,0.02
2026,5144853,Landon Wright,Boston College,WR,0.031,0.0,0.069
2026,5144956,Ryan Brotherton,Western Michigan,TE,0.017,0.0,0.038
2026,5144959,Drake Lindsey,Minnesota,QB,0.551,0.058,0.89
2026,5144962,Jalen Smith,Minnesota,WR,0.101,0.0,0.171
2026,5145207,Bryce Cain,Auburn,WR,0.013,0.029,0.0
2026,5145396,Miles O'Neill,North Carolina,QB,0.127,0.038,0.222
2026,5145453,Jeremiah Melvin,East Carolina,WR,0.178,0.0,0.342
2026,5145459,Nate Bennett,Baylor,QB,0.447,0.024,0.86
2026,5145523,Jae Beasley II,UNLV,TE,0.013,0.0,0.026
2026,5145553,Tyler Cherry,Indiana,QB,0.048,0.0,0.176
2026,5145592,Tyler Budge,Rhode Island,QB,0.585,0.237,0.978
2026,5145653,Austin McGee,Georgia State,WR,0.028,0.0,0.061
2026,5145737,Matthew Fuller,South Carolina,RB,0.155,0.266,0.017
2026,5145738,Aaron Crossley,Lehigh,RB,0.082,0.11,0.0
2026,5145788,Gael Ochoa,Rice,QB,0.11,0.057,0.5
2026,5145789,Cole Geer,Virginia,QB,0.094,0.054,0.167
2026,5146164,Logan Saldate,Notre Dame,WR,0.045,0.0,0.091
2026,5146273,DJ Murray Jr.,Georgia State,RB,0.149,0.19,0.091
2026,5146355,AJ Hairston,Merrimack,QB,0.367,0.144,0.579
2026,5146576,Joshua Porter,South Florida,WR,0.096,0.0,0.224
2026,5146661,Daniel Beale,Louisiana,QB,0.132,0.051,0.259
2026,5146664,Henry Hasselbeck,App State,QB,0.068,0.075,0.063
2026,5146667,Khristian Martin,Fresno State,QB,0.045,0.053,0.043
2026,5146670,Alessio Milivojevic,Michigan State,QB,0.424,0.1,0.906
2026,5146689,Brock Townsend,Central Michigan,RB,0.027,0.043,0.0
2026,5146708,Sean Patrick,Akron,RB,0.149,0.221,0.086
2026,5146711,Da'Jaun Riggs,Oregon,RB,0.016,0.037,0.0
2026,5146712,Dylan Riley,Boise State,RB,0.287,0.45,0.083
2026,5146719,CJ Brown,Arkansas,WR,0.061,0.0,0.112
2026,5146720,Will Cianfrini,San Diego State,WR,0.017,0.0,0.049
2026,5146722,Devonte Lyons,Florida International,RB,0.128,0.297,0.011
2026,5146723,Isaiah McMorris,Missouri State,WR,0.025,0.0,0.077
2026,5146724,Turbo Richard,Indiana,RB,0.25,0.338,0.063
2026,5146725,Kaden Shields-Dutton,Florida Atlantic,RB,0.052,0.066,0.034
2026,5146726,Kiefer Sibley,New Mexico,RB,0.104,0.128,0.065
2026,5146728,Koby Young,Houston,WR,0.065,0.012,0.157
2026,5146735,Charlie Becker,Indiana,WR,0.074,0.0,0.25
2026,5146736,Sanfrisco Magee,Mississippi State,WR,0.061,0.0,0.141
2026,5146739,Tra'Mar Harris,Purdue,WR,0.041,0.0,0.086
2026,5146743,Kezion Dia-Johnson,Massachusetts,WR,0.029,0.015,0.054
2026,5146745,Jacob Emmers,Incarnate Word,WR,0.041,0.0,0.088
2026,5146746,Jayden Fortier,Stephen F. Austin,TE,0.013,0.0,0.032
2026,5146747,Javarius Green,Boston College,WR,0.109,0.03,0.203
2026,5146748,Tre Griffiths,Hawai'i,WR,0.032,0.0,0.051
2026,5146751,Jose Leon,Bryant,WR,0.041,0.0,0.093
2026,5146753,Shamar Rigby,Wisconsin,WR,0.017,0.0,0.038
2026,5146754,Jacob Simpson,Minnesota,TE,0.014,0.0,0.031
2026,5146757,Zach Williams,USC,WR,0.036,0.008,0.071
2026,5146761,Jewlyen Roberts,Tulsa,TE,0.014,0.0,0.027
2026,5146764,Benjamin Blackburn,Stanford,TE,0.129,0.0,0.234
2026,5146769,Dominic Toy,Colorado State,TE,0.022,0.0,0.042
2026,5146781,Xavier Gayten,Mississippi State,RB,0.041,0.072,0.0
2026,5146903,Brayden Roggow,Akron,QB,0.106,0.015,0.2
2026,5146936,Ty Curran,Holy Cross,WR,0.137,0.0,0.25
2026,5146972,Ayden Harris,Kent State,RB,0.041,0.083,0.0
2026,5146987,Brandon Young Jr.,UTSA,TE,0.037,0.033,0.042
2026,5146995,Devyn Zahursky,Cincinnati,TE,0.013,0.0,0.033
2026,5147046,Ben Black,Rutgers,WR,0.031,0.0,0.058
2026,5147053,Wayne Harris,Kent State,WR,0.09,0.0,0.22
2026,5147067,Chris Dietrich,Bucknell,QB,0.632,0.175,1.0
2026,5147167,Gus Donnerberg,Idaho,TE,0.021,0.0,0.04
2026,5147191,Javon Rogers,Kennesaw State,WR,0.057,0.0,0.114
2026,5147204,Jalen Washington,Central Arkansas,RB,0.131,0.183,0.054
2026,5147330,James Giggey,Arizona State,TE,0.015,0.016,0.014
2026,5147337,Witt Edwards,Missouri State,WR,0.017,0.0,0.047
2026,5147346,Jywon Boyd,Troy,WR,0.036,0.0,0.088
2026,5147347,Austyn Dendy,Bowling Green,RB,0.241,0.388,0.043
2026,5147376,Kameron Courtney,Virginia,WR,0.052,0.0,0.194
2026,5147379,Sire Gaines,Boise State,RB,0.21,0.338,0.05
2026,5147382,Reed Jesiolowski,Kennesaw State,TE,0.029,0.0,0.057
2026,5147405,Andy Bass,Oklahoma,RB,0.033,0.053,0.0
2026,5147463,Tyler Stewart,Indiana State,WR,0.042,0.0,0.08
2026,5147465,Tucker Parks,Abilene Christian,QB,0.175,0.103,0.226
2026,5147475,Aidan Glover,UT Martin,QB,0.041,0.057,0.029
2026,5147510,Isiah Jones,NC State,RB,0.042,0.07,0.0
2026,5147756,Taji Atkins,Texas State,RB,0.014,0.026,0.0
2026,5147757,Arrington Maiden,James Madison,QB,0.19,0.121,0.286
2026,5147861,Adam Mohammed,California,RB,0.403,0.734,0.16
2026,5147872,Matthew Wilson,Austin Peay,QB,0.11,0.078,0.152
2026,5148303,Eli Sisson,North Alabama,TE,0.014,0.0,0.031
2026,5148424,Nick Segarra,Furman,TE,0.017,0.0,0.036
2026,5148427,Landyn Locke,Sam Houston,QB,0.689,0.152,0.977
2026,5148535,Brett Eskildsen,Penn State,WR,0.065,0.0,0.164
2026,5148609,Quintin Simmons Jr.,Miami (OH),WR,0.017,0.0,0.038
2026,5148611,Will Wilson,NC State,QB,0.221,0.231,0.218
2026,5148624,Quinn Clark,Nebraska,WR,0.021,0.0,0.045
2026,5148651,Vernon Allen III,Rutgers,WR,0.016,0.0,0.024
2026,5148654,Jaylen Patterson,Sacramento State,QB,0.042,0.071,0.0
2026,5148656,Caden Piening,UCF,TE,0.026,0.0,0.054
2026,5148658,Carter Jackson,Nevada,RB,0.051,0.071,0.0
2026,5148664,Corey Simms,USC,WR,0.054,0.0,0.122
2026,5148741,Khamani Alexander,Charlotte,RB,0.158,0.313,0.028
2026,5148777,Titan Lacaden,Hawai'i,WR,0.03,0.0,0.048
2026,5148784,TK Keyes,Troy,WR,0.079,0.0,0.193
2026,5148787,Wyatt Young,Oklahoma State,WR,0.091,0.013,0.161
2026,5148803,Brad Jackson,Texas State,QB,0.451,0.202,0.877
2026,5148821,Hunter Andrews,Utah,TE,0.036,0.012,0.073
2026,5148822,Chris Barnes,Oklahoma State,WR,0.051,0.0,0.097
2026,5148852,Antonio Floyd,Eastern Michigan,WR,0.019,0.0,0.034
2026,5148858,Jared Hollins,South Alabama,QB,0.011,0.018,0.0
2026,5148887,Jyron Waiters,Campbell,WR,0.063,0.0,0.109
2026,5148905,Carter Vargas,California,RB,0.09,0.103,0.087
2026,5148995,Brady Kluse,Memphis,WR,0.034,0.0,0.087
2026,5149003,Samari Reed,Ole Miss,WR,0.016,0.0,0.029
2026,5149004,Kyle Washington,Georgia State,WR,0.028,0.0,0.073
2026,5149006,Evans Chuba,Purdue,QB,0.095,0.026,0.171
2026,5149007,Miles Coleman,Oklahoma State,WR,0.074,0.0,0.14
2026,5149056,Jadyn Glasser,Central Michigan,QB,0.223,0.13,0.4
2026,5149220,Baron Tipton,North Texas,WR,0.043,0.0,0.1
2026,5149265,Kylen Evans,Texas State,WR,0.059,0.0,0.158
2026,5149302,Cedric Lott Jr.,Incarnate Word,TE,0.01,0.0,0.018
2026,5149473,Thomas Blackshear,Georgia,WR,0.066,0.0,0.121
2026,5149484,Phillip Wright III,LSU,WR,0.038,0.01,0.074
2026,5149563,DJ Butler,Houston,RB,0.065,0.094,0.02
2026,5149599,Kenyon Massey,Merrimack,WR,0.119,0.0,0.234
2026,5149831,Kayden McGee,UNLV,WR,0.05,0.027,0.082
2026,5149908,Greg Burrell,Concord,RB,0.154,0.345,0.0
2026,5149910,Tristen Brown,Vanderbilt,WR,0.037,0.0,0.086
2026,5150003,Terrance Shelton Jr.,Buffalo,RB,0.026,0.0,0.044
2026,5150125,Brandon Tullis,Michigan State,RB,0.055,0.093,0.0
2026,5150277,Jace Petty,Troy,WR,0.058,0.0,0.14
2026,5150297,Cale Hellums,Army,QB,0.324,0.231,0.792
2026,5150311,Tre Benson III,Army,WR,0.056,0.07,0.0
2026,5150312,David Clerk,Army,WR,0.028,0.018,0.077
2026,5150313,Kanye Udoh,Liberty,RB,0.015,0.024,0.0
2026,5150316,Samari Howard,Army,WR,0.103,0.065,0.292
2026,5150326,Carson Smith,Army,RB,0.056,0.07,0.0
2026,5150328,Brady Mott,Army,WR,0.015,0.019,0.0
2026,5150329,Jake Rendina,Army,RB,0.066,0.083,0.0
2026,5150332,Kurt Thompson,Army,WR,0.014,0.0,0.077
2026,5150333,Parker Poloskey,Army,TE,0.031,0.0,0.182
2026,5150341,Brody Eaton,Villanova,TE,0.022,0.0,0.048
2026,5150373,Tobi Olawole,Army,WR,0.016,0.0,0.091
2026,5150418,KK Smith,Michigan State,WR,0.012,0.0,0.028
2026,5150424,Jordan Faison,Notre Dame,WR,0.092,0.0,0.194
2026,5150425,Alex Whitman,San Diego,WR,0.014,0.0,0.036
2026,5150426,Deljay Bailey,Norfolk State,QB,0.49,0.245,0.819
2026,5150452,Bryan Domino,St. Thomas (MN),WR,0.017,0.0,0.035
2026,5150457,Daniel Shaban,Colgate,RB,0.371,0.587,0.11
2026,5150460,John Neider,West Virginia,WR,0.029,0.0,0.148
2026,5150497,Derek Kee,The Citadel,WR,0.013,0.0,0.067
2026,5150518,Tyler Evans,Robert Morris,WR,0.068,0.0,0.133
2026,5150561,Olsen Patt-Henry,Clemson,TE,0.024,0.0,0.048
2026,5150635,Koa Eldredge,Hawai'i,WR,0.013,0.0,0.021
2026,5150636,Devin Downing,Southern Utah,WR,0.07,0.0,0.216
2026,5150645,Ui Ale,Delaware State,QB,0.45,0.135,0.784
2026,5150653,Ayden Price,Northern Iowa,WR,0.015,0.024,0.0
2026,5150655,Judah Mallette,Drake,WR,0.013,0.0,0.018
2026,5150658,Rusty VanWetzinga,Central Michigan,FB,0.016,0.0,0.043
2026,5150663,Champ Long,North Carolina A&T,QB,0.018,0.0,0.036
2026,5150668,Alec Hughes,Fordham,WR,0.02,0.0,0.042
2026,5150671,Jaden Fair,Richmond,WR,0.061,0.0,0.117
2026,5150680,Max Shikenjanski,Minnesota,QB,0.055,0.026,0.094
2026,5150681,Cade Osterman,North Dakota State,WR,0.014,0.0,0.038
2026,5150693,Vince Benetti,Iowa State,TE,0.049,0.0,0.139
2026,5150694,Tripp Walsh,New Mexico,TE,0.028,0.0,0.074
2026,5150786,Makenzie McGill,Abilene Christian,RB,0.024,0.021,0.027
2026,5150825,Donovan Delaney,Kent State,RB,0.041,0.042,0.043
2026,5150831,Jeremy Bell,Georgia,WR,0.016,0.037,0.0
2026,5150834,Destyn Hill,Tulane,WR,0.103,0.019,0.189
2026,5150845,Goldie Lawrence,Coastal Carolina,WR,0.015,0.0,0.029
2026,5150865,Elijah Jackson,Ball State,RB,0.048,0.091,0.026
2026,5150896,Hayden Rollison,Virginia,TE,0.016,0.0,0.042
2026,5150998,Blake Baker,Louisiana Tech,QB,0.422,0.127,0.82
2026,5151037,Jason Jeffares,Charlotte,TE,0.029,0.0,0.056
2026,5151060,Cole Ballard,Kansas,QB,0.055,0.012,0.121
2026,5151062,TJ Crews IV,Elon,QB,0.194,0.055,0.43
2026,5151063,Carson Morgan,Rice,RB,0.085,0.1,0.0
2026,5151067,Hunter Luke,UT Rio Grande Valley,WR,0.012,0.0,0.024
2026,5151080,Garrett Harstad,Northern Colorado,WR,0.055,0.0,0.118
2026,5151092,Chapman McKown,Central Arkansas,RB,0.052,0.061,0.041
2026,5151111,Jamarian Samuel,Georgia Southern,RB,0.083,0.149,0.051
2026,5151112,David Mbadinga,Georgia Southern,RB,0.055,0.106,0.031
2026,5151128,Corey Landers,Houston Christian,RB,0.056,0.09,0.0
2026,5151171,Will Burns,Southern Utah,QB,0.482,0.239,0.961
2026,5151200,Qua'Vez Humphreys,Western Kentucky,WR,0.019,0.0,0.038
2026,5151218,Lucian Anderson III,South Carolina,QB,0.021,0.013,0.034
2026,5151274,Drayden Dickmann,Wake Forest,WR,0.044,0.0,0.086
2026,5151276,Landon Ransom-Goelz,Montana,WR,0.085,0.011,0.15
2026,5151291,Cash Mccollum,Weber State,QB,0.075,0.111,0.059
2026,5151316,Brandon Tennison,UTSA,QB,0.033,0.0,0.069
2026,5151338,Viliami Teu,San José State,RB,0.042,0.088,0.0
2026,5151339,Anthony Garcia,Utah State,WR,0.027,0.0,0.053
2026,5151342,Cooper Hoch,San José State,WR,0.094,0.0,0.187
2026,5151350,Kamaehu Kopa-Kaawalauole,San José State,TE,0.03,0.0,0.055
2026,5151368,Micah Woods,South Alabama,WR,0.056,0.0,0.148
2026,5151369,Messiah Burch,Buffalo,RB,0.137,0.31,0.033
2026,5151370,Anthony Policare,St. Thomas (MN),QB,0.537,0.295,0.825
2026,5151405,Jaceon Doss,Nevada,WR,0.014,0.0,0.03
2026,5151407,Jack Jacobs,East Texas A&M,QB,0.289,0.017,0.615
2026,5151474,Owen McGraw,Robert Morris,RB,0.03,0.053,0.0
2026,5151494,Tayte Vanderleest,Central Michigan,WR,0.032,0.0,0.087
2026,5151506,Josh Holst,South Dakota State,QB,0.056,0.022,0.143
2026,5151518,Kyle Thomas,Southern Illinois,WR,0.099,0.0,0.22
2026,5151526,MJ Johnson,Southern Miss,WR,0.041,0.013,0.081
2026,5151618,Kirk Francis,Texas Tech,QB,0.014,0.0,0.03
2026,5151670,Dylan Wroblewski,Grambling,WR,0.025,0.0,0.057
2026,5151680,Galen Combs,Robert Morris,WR,0.13,0.0,0.276
2026,5151689,Julian Allen,UConn,WR,0.024,0.0,0.054
2026,5151696,RJ Johnson III,Grambling,QB,0.342,0.057,0.701
2026,5151868,Bryson Hayes,Kansas,WR,0.026,0.0,0.08
2026,5151882,Ryder Bumgarner,Central Washington,RB,0.269,0.538,0.0
2026,5151892,Ja'Kobi Jackson,Ohio State,RB,0.102,0.21,0.014
2026,5151893,Anthony Rubio,Florida,RB,0.023,0.043,0.0
2026,5151942,Bruin Fleischmann,Montana State,TE,0.014,0.0,0.026
2026,5151966,Jalen Butler,Kansas,TE,0.014,0.0,0.034
2026,5151984,Preston Ross,Furman,TE,0.033,0.0,0.071
2026,5152007,Luke Moffitt,Abilene Christian,WR,0.024,0.0,0.041
2026,5152029,Tre Guerra,Coastal Carolina,QB,0.057,0.0,0.129
2026,5152045,Malachi Henry,Cincinnati,WR,0.028,0.0,0.085
2026,5152073,Aiden Ramos,Tarleton State,RB,0.015,0.026,0.0
2026,5152103,Brooks Wheatley,Cal Poly,WR,0.025,0.024,0.028
2026,5152110,Nate Bell,Eastern Washington,QB,0.699,0.351,1.0
2026,5152153,Tyler Mizzell,Ball State,QB,0.038,0.019,0.055
2026,5152158,Deuce Alexander,Ole Miss,WR,0.1,0.0,0.203
2026,5152237,Kendal Donovan,Central Connecticut,RB,0.06,0.121,0.0
2026,5152243,Amarri Pitts,Central Connecticut,WR,0.031,0.0,0.062
2026,5152250,Michael Trovarelli,Central Connecticut,WR,0.104,0.03,0.188
2026,5152255,Eli Daniels,Central Connecticut,WR,0.031,0.0,0.062
2026,5152257,Ryan Turley,Central Connecticut,TE,0.016,0.0,0.031
2026,5152263,Dave Pardo,Central Connecticut,WR,0.031,0.0,0.062
2026,5152277,Owen Garwood,Bucknell,WR,0.053,0.0,0.094
2026,5152289,TJ Cadden,Bucknell,WR,0.099,0.019,0.158
2026,5152291,Sam Milligan,Bucknell,WR,0.211,0.05,0.34
2026,5152294,Landon Hochstein,Butler,TE,0.036,0.0,0.102
2026,5152316,Blake Matthews,Butler,WR,0.04,0.0,0.13
2026,5152317,Michael Nix,Butler,WR,0.032,0.0,0.077
2026,5152328,Andrew Frazier,Davidson,WR,0.068,0.08,0.064
2026,5152333,Jacary Lightsey,Davidson,WR,0.157,0.0,0.262
2026,5152356,Alani Ajigbotosho,Davidson,WR,0.102,0.0,0.17
2026,5152378,Walker Tart,Drake,WR,0.013,0.0,0.018
2026,5152379,Jake Metze,Drake,RB,0.029,0.05,0.023
2026,5152414,Beau Sparks,Texas State,WR,0.068,0.0,0.167
2026,5152418,Bryce Parker,Tarleton State,WR,0.123,0.0,0.18
2026,5152425,Justin Buhler,Utah Tech,TE,0.015,0.031,0.0
2026,5152426,Kona Crowell,Utah Tech,RB,0.108,0.125,0.1
2026,5152442,Chance Wilson,Southeast Missouri State,QB,0.116,0.195,0.0
2026,5152503,Adam Damante,New Mexico State,QB,0.061,0.025,0.125
2026,5152514,Myseth Currie,Northern Arizona,WR,0.07,0.0,0.148
2026,5152578,Winston Moore,Colgate,WR,0.112,0.018,0.244
2026,5152600,Reed Swanson,Boston College,WR,0.044,0.0,0.094
2026,5152606,Ricky Gonzalez II,Fordham,WR,0.057,0.0,0.123
2026,5152610,Nodin Tracy,Fordham,WR,0.089,0.0,0.192
2026,5152626,Jacob Holtschlag,Georgetown,QB,0.276,0.0,0.556
2026,5152630,Jayvin Pyle-Thompson,Georgetown,WR,0.069,0.0,0.148
2026,5152631,Bryce Cox,Georgetown,RB,0.086,0.148,0.037
2026,5152650,Burke Carroll,Georgetown,TE,0.034,0.0,0.074
2026,5152659,Shaun Purvy,Lafayette,WR,0.014,0.0,0.023
2026,5152661,Carson Persing,Lafayette,WR,0.102,0.0,0.187
2026,5152668,Ethan Weber,Lafayette,RB,0.031,0.063,0.0
2026,5152669,Kente Edwards,Coastal Carolina,RB,0.043,0.077,0.0
2026,5152681,Benjamin Bussiere,Lafayette,WR,0.042,0.0,0.07
2026,5152682,Ethan Hosak,Lafayette,TE,0.029,0.0,0.053
2026,5152699,Luke Yoder,Lehigh,RB,0.33,0.421,0.064
2026,5152706,Connor Hilling,Lehigh,RB,0.054,0.074,0.0
2026,5152717,Mason Humphrey,North Carolina,WR,0.035,0.0,0.07
2026,5152719,Joseph Marranca,Lehigh,TE,0.015,0.0,0.064
2026,5152778,Gabe Downing,Portland State,QB,0.64,0.107,0.989
2026,5152791,Delon Thompson,Portland State,RB,0.254,0.544,0.063
2026,5152796,Onterrio Smith Jr.,Sacramento State,WR,0.128,0.0,0.241
2026,5152815,Danny Scudero,Colorado,WR,0.066,0.024,0.125
2026,5152821,David Rasor,Incarnate Word,QB,0.034,0.027,0.044
2026,5152826,Jordan Fisher,UC Davis,RB,0.227,0.42,0.101
2026,5152839,Jaylen King,Mercer,QB,0.574,0.288,0.93
2026,5152864,Jackson Head,Austin Peay,TE,0.034,0.0,0.083
2026,5152926,Pax Hughes,Nicholls,TE,0.012,0.0,0.025
2026,5153065,Branden Ganashamoorthy,Washington State,WR,0.046,0.018,0.077
2026,5153069,Luke Leighton,Cal Poly,TE,0.015,0.0,0.029
2026,5153074,Carlos Hernandez,Wake Forest,WR,0.117,0.0,0.25
2026,5153244,Colbey Lamberth,Eastern Kentucky,TE,0.017,0.0,0.053
2026,5153246,Jackson House,Eastern Kentucky,WR,0.043,0.0,0.101
2026,5153251,Brayden Latham,Eastern Kentucky,RB,0.271,0.429,0.076
2026,5153266,Simon Ghee,Eastern Kentucky,TE,0.034,0.0,0.105
2026,5153318,A.J. Little,Southern Miss,WR,0.055,0.0,0.129
2026,5153369,Ja'Keith Hamilton,East Carolina,WR,0.041,0.0,0.079
2026,5153373,Jalen Walker,Hampton,WR,0.014,0.0,0.033
2026,5153377,Brock Chappell,Louisiana,TE,0.057,0.0,0.136
2026,5153389,Colton Hinton,Coastal Carolina,WR,0.052,0.0,0.1
2026,5153399,Adjatay Dabbs,Toledo,WR,0.119,0.0,0.259
2026,5153401,Brayden Smith,Mercer,WR,0.133,0.0,0.302
2026,5153408,Kendall Harris,Old Dominion,WR,0.041,0.0,0.087
2026,5153410,Sam Albee,Mercer,TE,0.041,0.0,0.093
2026,5153466,Eyasu Palmore,Robert Morris,TE,0.023,0.0,0.052
2026,5153483,Cole Ruble,Southeast Missouri State,RB,0.029,0.049,0.0
2026,5153485,Andrew Civey,Southeast Missouri State,TE,0.034,0.0,0.062
2026,5153499,Donnie Cheers,Nevada,WR,0.115,0.051,0.224
2026,5153501,Anthony Westervelt,Southeast Missouri State,WR,0.02,0.0,0.043
2026,5153655,Ja'kheo Mitchell,Utah Tech,WR,0.072,0.036,0.106
2026,5153697,Ammon Munyer,Weber State,TE,0.044,0.016,0.069
2026,5153708,Keali'i Ah Yat,Montana,QB,0.021,0.0,0.037
2026,5153730,Jaden Barnes,Charlotte,WR,0.108,0.0,0.211
2026,5153731,Ty Watkins,North Alabama,QB,0.022,0.037,0.0
2026,5153736,Kaden Williams,Austin Peay,RB,0.075,0.083,0.069
2026,5153737,Courtland Simmons,Austin Peay,RB,0.165,0.254,0.061
2026,5153764,Aidan Littles,Tennessee Tech,RB,0.017,0.036,0.0
2026,5153782,Amari Odom,Syracuse,QB,0.051,0.025,0.081
2026,5153792,Jack Purdy,Wofford,WR,0.018,0.0,0.038
2026,5153813,Nick Laughlin,Maine,RB,0.203,0.244,0.18
2026,5153815,Tristen Kenan,Towson,RB,0.081,0.154,0.024
2026,5153824,Elijah Smalls,Maine,TE,0.06,0.0,0.124
2026,5153837,Jake Kucera,Fordham,TE,0.02,0.0,0.037
2026,5153846,Nick Minicucci,Delaware,QB,0.532,0.136,0.823
2026,5153849,Daniel Lipovski,Lafayette,QB,0.496,0.05,0.867
2026,5153852,Ja'Carree Kelly,New Hampshire,WR,0.107,0.0,0.209
2026,5153870,Donovan Lewis,Delaware,WR,0.05,0.0,0.089
2026,5153887,Tra Neal,Monmouth,WR,0.145,0.011,0.25
2026,5153888,Matthew Iuvara,UAlbany,WR,0.048,0.0,0.094
2026,5153889,Joshua Derry,UCF,WR,0.06,0.0,0.125
2026,5153892,Arturo Johnson Jr.,Central Connecticut,TE,0.023,0.0,0.046
2026,5153905,Marcus Middleton,Monmouth,TE,0.076,0.0,0.152
2026,5153906,Shane Garrett,Monmouth,TE,0.048,0.0,0.079
2026,5153911,Drew Danson,New Hampshire,TE,0.019,0.0,0.036
2026,5153973,Alvarez Baker,Rhode Island,WR,0.031,0.041,0.022
2026,5153977,Jamaal Brown,Richmond,RB,0.108,0.226,0.0
2026,5153978,Camden Coleman,James Madison,QB,0.265,0.031,0.596
2026,5153983,Aziz Foster-Powell,Richmond,RB,0.166,0.313,0.043
2026,5153994,Landon Ellis,UCLA,WR,0.038,0.0,0.083
2026,5154000,Nolan Clayton,Villanova,TE,0.033,0.0,0.071
2026,5154007,Ja'briel Mace,Villanova,RB,0.182,0.307,0.071
2026,5154013,Isaiah Ragland,Villanova,RB,0.221,0.409,0.048
2026,5154016,Ryan Sorge,Villanova,WR,0.016,0.0,0.029
2026,5154019,Noah Brannock,Delaware State,QB,0.222,0.129,0.309
2026,5154031,Garrett Robertson,William & Mary,WR,0.015,0.0,0.034
2026,5154032,Jackson Blee,William & Mary,TE,0.026,0.0,0.053
2026,5154220,Josh Williamson,Kennesaw State,WR,0.024,0.022,0.029
2026,5154224,DJ Scott,North Dakota State,RB,0.206,0.305,0.066
2026,5154225,Andre Craig Jr.,Tennessee State,WR,0.017,0.0,0.036
2026,5154227,Navelle Dean,Kennesaw State,WR,0.05,0.0,0.1
2026,5154248,Kaleb Annett,UCF,QB,0.032,0.054,0.0
2026,5154259,Se'Quan Osborne,Howard,WR,0.068,0.0,0.137
2026,5154262,Gavin Harris,Georgia Tech,TE,0.056,0.0,0.091
2026,5154269,Jamarr Ebron,Alcorn State,WR,0.056,0.013,0.101
2026,5154270,Nathanial Clark,Howard,TE,0.084,0.0,0.168
2026,5154281,Ryan Boyd,Lindenwood,WR,0.018,0.0,0.045
2026,5154284,Ramone Green Jr.,Missouri State,RB,0.133,0.173,0.07
2026,5154302,David Lynch,Holy Cross,QB,0.615,0.135,1.0
2026,5154303,Zion Fowler-El,Wagner,WR,0.125,0.0,0.265
2026,5154304,Caleb Williams,New Haven,RB,0.036,0.071,0.0
2026,5154306,Devin Whitlock,Eastern Illinois,WR,0.082,0.03,0.156
2026,5154329,Nick True,Illinois State,TE,0.012,0.0,0.027
2026,5154351,Eric Horn,Alabama State,WR,0.067,0.0,0.167
2026,5154420,Ahmad Miller,Syracuse,RB,0.023,0.061,0.0
2026,5154440,Sebastien Saint-Louis,Jackson State,TE,0.014,0.0,0.038
2026,5154529,Nathan Stewart,Delaware State,WR,0.102,0.0,0.24
2026,5154530,Kyree Benton,Delaware State,WR,0.099,0.0,0.195
2026,5154534,Tahj Smith,Morgan State,QB,0.064,0.021,0.1
2026,5154559,Jason Collins Jr.,South Florida,RB,0.228,0.419,0.0
2026,5154575,Jaiden Ellis-Lahey,Northern Iowa,WR,0.046,0.0,0.107
2026,5154580,Zach Mehmert,Northern Iowa,TE,0.031,0.0,0.071
2026,5154725,Kentrell Prejean,SE Louisiana,WR,0.038,0.0,0.115
2026,5154729,Davin Stoffel,Illinois,TE,0.014,0.0,0.028
2026,5154732,Kirby Vorhees,Washington State,RB,0.183,0.321,0.038
2026,5154734,Griffin Wilde,Northwestern,WR,0.073,0.0,0.154
2026,5154763,Kam White,Southern Illinois,WR,0.013,0.0,0.028
2026,5154767,Zac Willingham-Davis,Butler,RB,0.04,0.06,0.0
2026,5154781,Allen Middleton,Southern Illinois,WR,0.104,0.026,0.19
2026,5154811,Deantre Jackson,SE Louisiana,RB,0.154,0.221,0.057
2026,5154831,Tristan Goodly,SE Louisiana,WR,0.089,0.0,0.219
2026,5154833,Mike Williams,Utah Tech,WR,0.07,0.0,0.13
2026,5154846,Dawson Adams-Grenier,UT Martin,TE,0.027,0.0,0.059
2026,5154855,Cutter Stewart,Houston Christian,QB,0.384,0.189,0.758
2026,5154864,Champ Dozier,Houston Christian,RB,0.147,0.198,0.065
2026,5154881,Bryce Schondelmyer,Dayton,QB,0.391,0.026,0.895
2026,5154886,Cyrus Traugh,West Virginia,WR,0.032,0.0,0.167
2026,5154911,Aiden McCown,Lamar,QB,0.532,0.174,0.92
2026,5154949,Morgan Sampson,Lamar,TE,0.045,0.0,0.091
2026,5154962,Kamden Sixkiller,Campbell,QB,0.605,0.167,0.938
2026,5154964,Makhi Paris,McNeese,WR,0.029,0.0,0.059
2026,5154995,Jamaal Levi,McNeese,WR,0.042,0.03,0.053
2026,5154997,Reed Boyd,McNeese,TE,0.038,0.0,0.073
2026,5155048,L.J. Phillips Jr.,Iowa,RB,0.051,0.105,0.0
2026,5155062,Larenzo Fenner,Cincinnati,WR,0.028,0.0,0.085
2026,5155064,Jesse Miller,South Dakota,TE,0.038,0.0,0.097
2026,5155077,Nick Armentano,The Citadel,WR,0.015,0.011,0.025
2026,5155089,Leo Kemp,Bowling Green,FB,0.02,0.0,0.059
2026,5155207,Jackson Dufrene,Nicholls,WR,0.058,0.0,0.14
2026,5155212,Karaaz Johnson,Nicholls,WR,0.04,0.009,0.081
2026,5155214,Jayden Milton,Nicholls,RB,0.041,0.065,0.016
2026,5155250,Cade Cox,VMI,TE,0.043,0.0,0.148
2026,5155273,Egypt Nelson,Western Michigan,WR,0.055,0.0,0.143
2026,5155274,Zach Pirtle,VMI,WR,0.035,0.0,0.125
2026,5155275,Dylan Poley,VMI,TE,0.035,0.051,0.0
2026,5155293,Denzell Gibson,New Hampshire,RB,0.06,0.14,0.0
2026,5155294,Stefano Giovannelli,St. Thomas (MN),WR,0.037,0.0,0.077
2026,5155304,Owen Lyons,St. Thomas (MN),WR,0.03,0.0,0.062
2026,5155308,Eli Paulson,St. Thomas (MN),WR,0.052,0.0,0.115
2026,5155314,Luke Schuler,St. Thomas (MN),TE,0.034,0.0,0.091
2026,5155321,Elijah Owens,Indiana State,QB,0.654,0.337,0.948
2026,5155322,BJ Wuest,Indiana State,WR,0.077,0.0,0.146
2026,5155355,Jamal Bing Jr.,Georgia State,RB,0.085,0.132,0.03
2026,5155366,Malachi Hosley,Georgia Tech,RB,0.095,0.222,0.0
2026,5155426,Christian Greenlaw,Iowa State,TE,0.021,0.0,0.059
2026,5155439,Jordan Richburg,Hampton,WR,0.014,0.0,0.033
2026,5155455,Chris Franklin,UT Martin,RB,0.221,0.349,0.085
2026,5155519,Yannick Smith,SMU,WR,0.036,0.0,0.061
2026,5155528,Jerry Kaminski,North Dakota,QB,0.452,0.138,0.92
2026,5155530,Korey Tai,North Dakota,WR,0.068,0.0,0.17
2026,5155579,Cameron Flowers,Western Kentucky,WR,0.089,0.0,0.175
2026,5155699,Fatu Mukuba,Texas Southern,WR,0.034,0.008,0.077
2026,5155780,Taeo Todd,Georgia Southern,RB,0.076,0.213,0.01
2026,5155783,Daniel Frederick,Elon,RB,0.132,0.178,0.058
2026,5155786,Dylan Magazu,Elon,TE,0.033,0.0,0.089
2026,5155802,Zimere Winston,Elon,WR,0.027,0.0,0.071
2026,5155803,Kenaz McMillian,Elon,WR,0.052,0.0,0.139
2026,5155818,CJ Schaeffer,Towson,TE,0.028,0.0,0.064
2026,5155870,Will Loerzel,Wake Forest,TE,0.043,0.0,0.103
2026,5155995,Elyjah Mitchell,Norfolk State,WR,0.077,0.0,0.181
2026,5156012,Shawn Brown,Franklin Pierce,QB,0.194,0.394,0.0
2026,5156023,Joshua Roberson,Stonehill,RB,0.063,0.129,0.0
2026,5156026,Torance Washington,Stonehill,WR,0.086,0.0,0.186
2026,5156056,Caleb Hampton,Stanford,RB,0.045,0.091,0.023
2026,5156057,Myles Libman,New Mexico State,WR,0.025,0.0,0.048
2026,5156116,Juju Preston,Clemson,WR,0.024,0.0,0.048
2026,5156152,Jaquari Lewis,App State,RB,0.197,0.35,0.016
2026,5156153,Tavian Mcnair,UNLV,WR,0.013,0.0,0.026
2026,5156183,Brendan Jenkins,South Alabama,WR,0.091,0.0,0.286
2026,5156202,Matthias Latham,Merrimack,RB,0.143,0.258,0.047
2026,5156204,Jalen McDonald,Merrimack,WR,0.041,0.0,0.067
2026,5156207,Austin Palmer,Merrimack,WR,0.052,0.01,0.093
2026,5156210,Seth Sweitzer,Stony Brook,WR,0.157,0.0,0.279
2026,5156212,Brendon Wyatt,North Carolina Central,RB,0.04,0.018,0.079
2026,5156225,Jameson Garcia,Incarnate Word,WR,0.034,0.0,0.074
2026,5156255,JT Fayard,Wofford,QB,0.393,0.071,0.75
2026,5156293,Jalen Woods,Hampton,QB,0.309,0.083,0.565
2026,5156348,Bryson Kuzdzal,Michigan,RB,0.052,0.079,0.0
2026,5156349,Jalen Hoffman,Michigan,TE,0.028,0.0,0.07
2026,5156379,DaMarion Fowlkes,Missouri,WR,0.025,0.0,0.063
2026,5156383,Mike Balogh,Colgate,TE,0.015,0.0,0.039
2026,5156439,Alijah Turner,Stonehill,WR,0.081,0.0,0.175
2026,5156440,Jamarice Wilder,Southern Miss,RB,0.124,0.218,0.016
2026,5156752,Donovan Weatherly,Dayton,TE,0.065,0.0,0.158
2026,5156755,Gavin Lochow,Dayton,WR,0.152,0.078,0.263
2026,5156759,Ethan Thulin,Dayton,WR,0.028,0.0,0.067
2026,5156762,Luke Hansen,Dayton,RB,0.116,0.208,0.0
2026,5156763,Ryan Martin,Dayton,WR,0.042,0.0,0.1
2026,5156766,Mason Hackett,Dayton,RB,0.174,0.273,0.053
2026,5156780,Carson Labensky,Dayton,TE,0.022,0.0,0.053
2026,5156794,Dylan Harris,Stony Brook,RB,0.016,0.019,0.014
2026,5156879,Jaylen Hampton,Charlotte,WR,0.094,0.0,0.183
2026,5156893,Jordan Martin,Texas State,WR,0.026,0.0,0.07
2026,5156909,Damondrick Blackburn,Nicholls,RB,0.055,0.078,0.033
2026,5156928,Caden Jensen,Louisiana,TE,0.074,0.0,0.185
2026,5156959,Jordan Rae,UAlbany,WR,0.072,0.0,0.161
2026,5156960,Joey Koch,UAlbany,RB,0.159,0.225,0.086
2026,5156994,Trey Drake,North Dakota State,QB,0.058,0.0,0.138
2026,5156998,CharMar Brown,Miami,RB,0.069,0.117,0.016
2026,5157011,Brady Wavrunek,North Dakota State,RB,0.014,0.025,0.0
2026,5157117,Barry Tate,Campbell,WR,0.045,0.0,0.075
2026,5157119,Aiden Valdez,Southern,TE,0.022,0.0,0.053
2026,5157187,Cameron Bates,Boise State,WR,0.056,0.0,0.133
2026,5157261,Ja'Vin Simpkins,UAB,RB,0.074,0.106,0.02
2026,5157266,Bryson Graves,Delaware,WR,0.078,0.0,0.127
2026,5157268,Darren Lloyd,Anderson (SC),RB,0.107,0.273,0.0
2026,5157282,Nathan Schuessler,Coastal Carolina,WR,0.014,0.0,0.032
2026,5157284,Jamai East,Eastern Washington,WR,0.046,0.0,0.083
2026,5157287,David Wells Jr.,Tulsa,WR,0.045,0.0,0.1
2026,5157315,Connor Cravaack,Akron,TE,0.021,0.0,0.043
2026,5157316,Paul Davis,Akron,WR,0.014,0.0,0.029
2026,5157324,Jean Louis III,Akron,WR,0.021,0.0,0.043
2026,5157331,Adrian Norton,Marshall,WR,0.076,0.016,0.154
2026,5157391,Jayden Clerveaux,Central Michigan,RB,0.071,0.101,0.025
2026,5157399,Nyeoti Punni,North Dakota State,RB,0.095,0.144,0.026
2026,5157411,Luke Petitta,Holy Cross,TE,0.022,0.0,0.041
2026,5157412,Maxwell Warren,Charleston Southern,WR,0.078,0.0,0.147
2026,5157425,Keylijah Williams,Bryant,WR,0.037,0.0,0.092
2026,5157426,Jaden Keefner,Bryant,QB,0.05,0.0,0.13
2026,5157458,Koby Keenan,Bryant,TE,0.025,0.0,0.065
2026,5157459,Alfredo Perez,Bryant,WR,0.019,0.0,0.042
2026,5157481,Collin Hurst,West Georgia,QB,0.395,0.109,0.613
2026,5157486,Jalen Patrick,Presbyterian,WR,0.088,0.013,0.163
2026,5157528,Nathan Levicki,Western Michigan,TE,0.039,0.0,0.102
2026,5157533,Derek Varley,Stonehill,TE,0.014,0.0,0.026
2026,5157537,Caron Tyler,Jackson State,QB,0.076,0.08,0.074
2026,5157544,Chris Gundy,Valparaiso,WR,0.084,0.016,0.158
2026,5157545,Brian Thomas,New Haven,RB,0.056,0.075,0.042
2026,5157546,Micah Mackay,Valparaiso,WR,0.042,0.0,0.088
2026,5158127,Landon Graves,UL Monroe,QB,0.042,0.026,0.067
2026,5158251,Khalil Wilkins,Marshall,QB,0.119,0.113,0.135
2026,5158341,Luke Hutchison,Navy,WR,0.035,0.0,0.087
2026,5158343,Braxton Woodson,Navy,QB,0.375,0.318,0.586
2026,5158365,Gage Leonard,Navy,WR,0.013,0.014,0.0
2026,5158369,Stefan Egbe,Navy,RB,0.038,0.041,0.0
2026,5158373,Vic Listorti,Navy,RB,0.132,0.14,0.103
2026,5158374,Isaiah Bryant,Navy,WR,0.051,0.056,0.034
2026,5158395,Joshua Guerin,Navy,WR,0.022,0.0,0.103
2026,5158398,Jake Norris,Navy,TE,0.013,0.0,0.167
2026,5158407,Sawyer Anderson,Arizona,QB,0.162,0.091,0.237
2026,5158417,Dylan Redmon,Stetson,WR,0.029,0.0,0.059
2026,5158450,Zach Grace,LSU,TE,0.011,0.0,0.028
2026,5158746,Jordan Cooke,Idaho State,QB,0.583,0.221,0.868
2026,5158748,Jackson Sharman,Sacramento State,QB,0.475,0.08,0.967
2026,5158751,Ian Duarte,Tennessee,WR,0.014,0.0,0.036
2026,5158756,Damien Moun,Nevada,WR,0.097,0.0,0.212
2026,5158759,Raiden Brown,Sacramento State,WR,0.044,0.0,0.083
2026,5158766,Adam Watts,Idaho State,WR,0.016,0.0,0.028
2026,5158809,Lincoln Cardillo,Marist,RB,0.19,0.318,0.069
2026,5158829,Javon Robinson,Utah State,WR,0.095,0.014,0.171
2026,5158904,Anthony Benjamin,Western Carolina,RB,0.028,0.057,0.012
2026,5158917,Nick Delgadillo,Hawai'i,WR,0.051,0.0,0.087
2026,5158933,Lawrence Autry,West Virginia,RB,0.032,0.039,0.0
2026,5158934,Shahn Alston,USC,RB,0.072,0.136,0.0
2026,5158940,Naeem Burroughs,Clemson,WR,0.02,0.0,0.038
2026,5158948,Jared Curtis,Vanderbilt,QB,0.304,0.11,0.569
2026,5158959,Tron Baker,USC,WR,0.027,0.0,0.061
2026,5158960,Jordan Clay,Washington,WR,0.091,0.0,0.163
2026,5158973,Faizon Brandon,Tennessee,QB,0.371,0.144,0.8
2026,5158975,KJ Edwards,Texas A&M,RB,0.06,0.099,0.015
2026,5158978,Damon Ferguson Jr.,Pittsburgh,RB,0.215,0.352,0.093
2026,5158988,Dyzier Carter,Rutgers,WR,0.063,0.0,0.095
2026,5158996,Briggs Cherry,Louisville,QB,0.03,0.0,0.071
2026,5158998,Aaron Gregory,Texas A&M,WR,0.022,0.0,0.051
2026,5159009,Chris Henry Jr.,Ohio State,WR,0.027,0.0,0.053
2026,5159010,Messiah Mickens,Virginia Tech,RB,0.043,0.088,0.0
2026,5159013,Salesi Moa,Michigan,WR,0.021,0.0,0.042
2026,5159016,Julian Lewis,Colorado,QB,0.364,0.049,0.797
2026,5159018,Joel Morris,Bethune-Cookman,QB,0.046,0.041,0.058
2026,5159029,Jonathan Hatton Jr.,Oklahoma,RB,0.05,0.079,0.0
2026,5159035,Keisean Henderson,Houston,QB,0.065,0.012,0.157
2026,5159039,C.J. Sadler,North Carolina,WR,0.053,0.0,0.105
2026,5159046,Savion Hiter,Michigan,RB,0.151,0.194,0.093
2026,5159065,Ansu Sanoe,Washington,RB,0.065,0.161,0.0
2026,5159076,Deshonne Redeaux,USC,RB,0.027,0.052,0.0
2026,5159078,Tait Reynolds,Clemson,QB,0.417,0.237,0.629
2026,5159083,Zack Turner,SMU,TE,0.055,0.0,0.091
2026,5159086,Carson Sneed,North Carolina,TE,0.018,0.0,0.037
2026,5159087,Jonaz Walton,Notre Dame,RB,0.119,0.25,0.0
2026,5159106,Ryelan Morris,Baylor,RB,0.082,0.122,0.047
2026,5159115,Noah Grubbs,Notre Dame,QB,0.164,0.0,0.333
2026,5159139,Donovan Faupel,Arkansas,WR,0.012,0.0,0.022
2026,5159145,Jerry Lydiatt,New Mexico State,TE,0.02,0.0,0.038
2026,5159150,Isaiah Rudison,New Mexico State,RB,0.045,0.075,0.0
2026,5159175,Malachi Toney,Miami,WR,0.118,0.0,0.279
2026,5159177,Joshua Jones,North Carolina Central,QB,0.037,0.013,0.074
2026,5159200,Chance Peterson,North Carolina Central,WR,0.076,0.0,0.197
2026,5159201,Markell Quick,Southern Illinois,WR,0.072,0.017,0.14
2026,5159232,Jawarn Howell,South Carolina,RB,0.085,0.152,0.0
2026,5159234,Nigel Johnson,Western Kentucky,WR,0.014,0.0,0.026
2026,5159239,Tyler J. Smith,South Carolina State,RB,0.099,0.118,0.071
2026,5159262,Garrett Harrold,Duquesne,TE,0.017,0.0,0.038
2026,5159276,Edward Robinson,Southern Illinois,RB,0.077,0.129,0.02
2026,5159280,Shawn Solomon Jr.,Duquesne,RB,0.017,0.0,0.038
2026,5159282,Daniel Tarabrella,Duquesne,TE,0.022,0.0,0.045
2026,5159288,Chris Howell,Long Island University,RB,0.018,0.033,0.0
2026,5159344,Caden Harris,Glenville State,WR,0.018,0.056,0.0
2026,5159359,Jai Boyd,Western Carolina,WR,0.075,0.0,0.125
2026,5159362,Zion Booker,Kennesaw State,WR,0.093,0.015,0.171
2026,5159364,Marlin Cochran,Western Carolina,RB,0.055,0.151,0.0
2026,5159366,Markel Townsend,West Florida,RB,0.018,0.026,0.0
2026,5159385,Allen Fernett,Morehead State,QB,0.046,0.028,0.073
2026,5159453,Darius Johnson,NC State,RB,0.025,0.031,0.018
2026,5159815,Coleson Arends,Western Kentucky,TE,0.041,0.0,0.077
2026,5159823,Isaac Stopke,Central Connecticut,RB,0.132,0.246,0.046
2026,5159908,JR Gardner,Alabama State,RB,0.019,0.028,0.0
2026,5159948,Chris Johnson Jr.,Clemson,RB,0.079,0.153,0.016
2026,5159960,Jaylen Pretlow,Virginia State,WR,0.02,0.05,0.0
2026,5159983,Omarion Blakes,Alcorn State,WR,0.019,0.0,0.038
2026,5160003,Tyran Warren,NC State,WR,0.033,0.0,0.073
2026,5160025,Niko Alailefaleula,Southern Utah,RB,0.067,0.094,0.026
2026,5160028,Nick Petrillo,UAlbany,TE,0.028,0.0,0.047
2026,5160051,Anson Kraut,Southern Utah,WR,0.014,0.0,0.056
2026,5160086,Desirrio Riles,Florida State,TE,0.015,0.0,0.038
2026,5160106,Kaden Taylor,East Texas A&M,WR,0.014,0.0,0.031
2026,5160121,William Fierro,SMU,RB,0.091,0.182,0.03
2026,5160164,Finn Furmanek,Penn State,TE,0.014,0.0,0.036
2026,5160197,Darius Cannon,Jacksonville State,WR,0.058,0.0,0.136
2026,5160209,Landan Brown,Sam Houston,RB,0.133,0.261,0.068
2026,5160245,Nathan Roberts,Tennessee,WR,0.027,0.0,0.071
2026,5160469,Trent Mosley,USC,WR,0.077,0.0,0.173
2026,5160472,Javian Osborne,Notre Dame,RB,0.075,0.156,0.0
2026,5160496,Javian Mallory,Miami,RB,0.097,0.169,0.016
2026,5160504,Cynai Thomas,Oregon State,WR,0.028,0.0,0.038
2026,5160565,Nasim Cosby,North Carolina Central,WR,0.025,0.0,0.066
2026,5160572,Jeremiah Colclough,Wagner,WR,0.043,0.0,0.092
2026,5160581,Sekou Kamau,Wagner,RB,0.106,0.176,0.041
2026,5160593,Teree McDonald,Wagner,WR,0.082,0.029,0.143
2026,5160617,Christopher Harris,Wagner,TE,0.013,0.0,0.033
2026,5160663,Ty'Jarian Williams,Alabama A&M,TE,0.074,0.154,0.025
2026,5160687,Jaxson Davis,Alabama A&M,TE,0.038,0.0,0.068
2026,5160955,Jojo Phillips,BYU,WR,0.031,0.0,0.08
2026,5161009,Peyton Zachary,UNLV,WR,0.019,0.0,0.038
2026,5161011,Jermaine Bishop Jr.,Texas,WR,0.043,0.0,0.088
2026,5161012,Carson Clark,San José State,WR,0.127,0.0,0.252
2026,5161013,Kayden Dixon-Wyatt,USC,WR,0.068,0.008,0.143
2026,5161022,Amari Latimer,West Virginia,RB,0.079,0.099,0.0
2026,5161149,Anthony Benzija,Stetson,TE,0.046,0.021,0.073
2026,5161159,Chris Stephenson,Stetson,QB,0.154,0.202,0.115
2026,5161162,Ronnel Johnson,Jacksonville State,WR,0.063,0.0,0.136
2026,5161193,Wyatt Rogers,Stetson,WR,0.128,0.021,0.24
2026,5161233,Preston Kilgore,Southern Miss,TE,0.028,0.0,0.065
2026,5161235,Jordon Hamilton,East Texas A&M,RB,0.059,0.115,0.0
2026,5161319,Yosei Takahashi,San Diego,WR,0.043,0.0,0.102
2026,5161647,Darius Taylor,Virginia Tech,RB,0.068,0.122,0.0
2026,5161652,Ja'Ricous Hairston,Virginia Tech,TE,0.018,0.0,0.038
2026,5161690,Michael Mussari,Dayton,WR,0.094,0.0,0.228
2026,5161735,Easton Miller,Iowa State,RB,0.049,0.047,0.056
2026,5161776,Judah Price,Marshall,RB,0.018,0.042,0.0
2026,5161800,Viron Ellison Jr.,Delaware,RB,0.071,0.136,0.025
2026,5161804,Brock Boyd,Ohio State,WR,0.014,0.0,0.026
2026,5161816,Dereon Coleman,Miami,QB,0.107,0.089,0.148
2026,5161820,Isaiah Ene,Sacramento State,RB,0.094,0.165,0.037
2026,5161828,Jyron Hughley,West Virginia,QB,0.079,0.078,0.083
2026,5161829,Tyreek King,Tennessee,WR,0.014,0.0,0.04
2026,5161835,Jaylen McGill,North Carolina,RB,0.097,0.189,0.018
2026,5161853,Ace Theus,TCU,WR,0.014,0.0,0.03
2026,5161854,Jonas Williams,USC,QB,0.077,0.017,0.153
2026,5161878,Cole Leinart,SMU,QB,0.018,0.0,0.03
2026,5161891,Joseph Moreland,Northwestern State,TE,0.038,0.0,0.068
2026,5161892,Xayvion Noland,Oregon State,WR,0.041,0.0,0.058
2026,5161895,Dylan Rhodes,Northwestern State,WR,0.061,0.0,0.133
2026,5161958,KJ Fields,North Alabama,WR,0.022,0.0,0.042
2026,5162384,Kj Reed,Fordham,WR,0.038,0.0,0.082
2026,5162399,Darius Copeland,Liberty,WR,0.037,0.0,0.093
2026,5162406,Caleb Ryan,Liberty,TE,0.014,0.0,0.034
2026,5162467,Daylin Lee,Tennessee State,QB,0.591,0.202,0.929
2026,5162502,Kaleb Washington,UT Martin,WR,0.09,0.0,0.22
2026,5162540,Jimmyll Williams,Elon,RB,0.185,0.281,0.038
2026,5162646,Marvin Sims,Austin Peay,WR,0.113,0.0,0.265
2026,5162858,Bryson Hammer,Toledo,WR,0.068,0.0,0.148
2026,5162978,Devin Herring,Alabama A&M,WR,0.032,0.0,0.058
2026,5163009,Roriyon Richardson,Texas Southern,WR,0.078,0.017,0.179
2026,5163010,Jacob Washington,Texas Southern,RB,0.078,0.101,0.038
2026,5163021,Jacob Godfrey,Nicholls,WR,0.024,0.0,0.048
2026,5163068,Jack Schierholz,Arkansas-Pine Bluff,QB,0.179,0.103,0.289
2026,5163071,Randy Young,Gardner-Webb,RB,0.057,0.156,0.007
2026,5163093,Conor Booth,Nebraska,RB,0.015,0.03,0.0
2026,5163636,TJ Chukwurah,North Texas,WR,0.036,0.0,0.083
2026,5164309,Mason Mims,East Tennessee State,QB,0.52,0.092,0.969
2026,5164313,Jaron-Keawe Sagapolutele,California,QB,0.537,0.063,0.926
2026,5164314,Scotty Fox Jr.,West Virginia,QB,0.127,0.078,0.333
2026,5164316,Alex Manske,Penn State,QB,0.072,0.025,0.145
2026,5164320,Sean Cuono,Indiana,RB,0.097,0.136,0.0
2026,5164324,Sterling Joseph,Florida International,RB,0.071,0.141,0.022
2026,5164327,Anthony League,California,RB,0.011,0.026,0.0
2026,5164331,Girard Pringle Jr.,Miami,RB,0.083,0.13,0.033
2026,5164332,Nate Sheppard,Duke,RB,0.496,0.69,0.188
2026,5164334,Cutter Woods,South Carolina,QB,0.092,0.025,0.186
2026,5164337,King Davis,Missouri State,RB,0.075,0.12,0.0
2026,5164338,Baron Naone,Washington,TE,0.057,0.0,0.104
2026,5164340,Jordin Thomas,San Diego State,RB,0.066,0.107,0.0
2026,5164343,Marshall Pritchett,Alabama,TE,0.028,0.012,0.053
2026,5164346,Linkon Cure,Kansas State,TE,0.014,0.0,0.033
2026,5164347,Jackson Accuardi,South Dakota,TE,0.017,0.0,0.04
2026,5164349,Jerome Bettis Jr.,Notre Dame,WR,0.03,0.0,0.061
2026,5164350,Jayvan Boggs,Florida State,WR,0.06,0.0,0.148
2026,5164351,Aveion Chenault,Western Michigan,WR,0.102,0.0,0.265
2026,5164352,Carterrious Brown,SMU,WR,0.036,0.0,0.061
2026,5164354,Cory Butler Jr.,Arizona State,WR,0.028,0.0,0.056
2026,5164357,Carl Jenkins Jr.,Miami (OH),WR,0.018,0.0,0.067
2026,5164358,Dane Jones,TCU,WR,0.014,0.0,0.03
2026,5164360,TK Norman,Texas A&M,WR,0.011,0.0,0.026
2026,5164362,Raiden Vines-Bright,Arizona State,WR,0.037,0.0,0.071
2026,5164365,Daylyn Upshaw,Miami,WR,0.028,0.0,0.066
2026,5164562,Jeremy Caspe,New Haven,TE,0.021,0.0,0.042
2026,5164567,Kevin White,North Carolina A&T,QB,0.455,0.233,0.639
2026,5164571,Shimique Blizzard,North Carolina A&T,RB,0.086,0.163,0.028
2026,5164581,Jayvonne Dillard,North Carolina A&T,WR,0.121,0.0,0.222
2026,5164594,Watson Hafer,North Dakota,TE,0.029,0.0,0.069
2026,5164609,Damien Jones,Alcorn State,WR,0.041,0.0,0.09
2026,5164648,Kelshaun Johnson,Texas A&M,WR,0.034,0.0,0.077
2026,5164730,Autavius Ison,Toledo,RB,0.076,0.127,0.019
2026,5164749,Noah Jennings,Minnesota,WR,0.109,0.0,0.183
2026,5164751,Mehki Larronte Campfield,Charleston Southern,WR,0.064,0.0,0.133
2026,5164893,Ean Rodrigue,Nicholls,QB,0.489,0.228,0.828
2026,5164900,Scott White,Nicholls,TE,0.014,0.0,0.035
2026,5165011,Kennedy McGill,Western Illinois,QB,0.507,0.382,0.689
2026,5165074,Jalen Smith,Lindenwood,WR,0.089,0.0,0.221
2026,5165078,Steve Hall,Lindenwood,RB,0.262,0.368,0.087
2026,5165094,Mac Busteed,Lindenwood,TE,0.016,0.0,0.037
2026,5165109,Deshaun Buchanan,New Mexico,RB,0.027,0.038,0.0
2026,5165154,Mason Mini,California,TE,0.054,0.0,0.099
2026,5165174,Za'Ron Collins,James Madison,WR,0.044,0.0,0.106
2026,5165468,Isaiah Grimes,Georgetown,TE,0.017,0.0,0.037
2026,5165499,Stephon Patrick,Merrimack,WR,0.062,0.01,0.112
2026,5165734,Josh Robinson,Western Illinois,RB,0.141,0.164,0.122
2026,5165747,Malik Dotson,Eastern Washington,RB,0.169,0.362,0.025
2026,5165763,Pat Delcour II,Jackson State,WR,0.031,0.0,0.077
2026,5165801,Jake Robinette,West Florida,TE,0.016,0.0,0.049
2026,5165803,Corey Scott,James Madison,WR,0.071,0.0,0.17
2026,5165807,Marcus Stokes,Memphis,QB,0.508,0.194,1.0
2026,5165884,Dom Nankil,San Diego,QB,0.418,0.038,0.932
2026,5165891,Jacob Rodriguez,Fordham,RB,0.08,0.167,0.0
2026,5165892,Jamell James,Fordham,RB,0.115,0.216,0.027
2026,5165909,Jason Palmieri,Sacred Heart,WR,0.077,0.0,0.216
2026,5165911,John Michalski,Sacred Heart,QB,0.049,0.023,0.098
2026,5165914,Ben Evee,Sacred Heart,WR,0.021,0.0,0.059
2026,5165931,Nicholas Yanchuk,Sacred Heart,RB,0.085,0.143,0.0
2026,5165947,Tom Ligi,Sacred Heart,RB,0.028,0.048,0.0
2026,5166020,Cam Jefferson,Southern,WR,0.056,0.0,0.13
2026,5166021,Jermaine Minor Jr.,Southern,TE,0.029,0.0,0.07
2026,5166161,Scottre Humphrey,New Mexico,RB,0.194,0.298,0.0
2026,5166308,Adam Jones,Montana State,RB,0.291,0.485,0.089
2026,5166797,Dezmen Roebuck,Washington,WR,0.156,0.0,0.286
2026,5166880,Ellijah Washington,Sacramento State,WR,0.014,0.024,0.0
2026,5167164,Eli Calhoun,The Citadel,WR,0.014,0.0,0.04
2026,5167252,Duncan Brune,Ohio,RB,0.209,0.365,0.036
2026,5167313,Cornell Hatcher Jr.,Oregon State,RB,0.055,0.184,0.009
2026,5168665,Chandler Wilson,VMI,QB,0.124,0.112,0.185
2026,5168686,Whit Hobgood,The Citadel,TE,0.028,0.0,0.109
2026,5168733,Brady Probst,Illinois State,TE,0.021,0.0,0.049
2026,5168770,Carver Cheeks,UTEP,WR,0.053,0.0,0.14
2026,5168788,Brayden Munroe,Kennesaw State,WR,0.043,0.0,0.086
2026,5168837,Dorian Harris,Morgan State,RB,0.1,0.234,0.0
2026,5168850,Malique Leatherbury,Morgan State,WR,0.032,0.0,0.068
2026,5169036,Gavin Rutherford,Stephen F. Austin,QB,0.463,0.145,0.889
2026,5169039,Jaylen Jenkins,Stephen F. Austin,RB,0.215,0.333,0.067
2026,5169215,Maurice Veney,Vanderbilt,TE,0.032,0.0,0.08
2026,5169296,Jordan Dever,Montana,WR,0.024,0.0,0.048
2026,5169311,Sejhe Jackson,Hampton,WR,0.043,0.0,0.094
2026,5169520,Andrew Rockford,Illinois State,WR,0.035,0.0,0.082
2026,5169550,Lex Cyrus,South Carolina,WR,0.035,0.0,0.085
2026,5169849,Zach Jones,UC Davis,WR,0.061,0.037,0.083
2026,5170940,Leonte Oulahi,William & Mary,WR,0.013,0.0,0.027
2026,5171031,Matt Vezza,Ohio,QB,0.209,0.176,0.286
2026,5171033,Wakeem Page,Mercyhurst,WR,0.018,0.0,0.034
2026,5171040,Ryan Blagg,New Hampshire,WR,0.038,0.0,0.083
2026,5171047,Dylan Evans,Mercyhurst,WR,0.077,0.0,0.14
2026,5172036,JC Evans,James Madison,QB,0.34,0.258,0.474
2026,5172059,Anjuan Coleman Jr.,Wofford,WR,0.036,0.0,0.075
2026,5172095,Bo Walker,Georgia,RB,0.089,0.164,0.017
2026,5172096,Kaj Baker,UCF,RB,0.097,0.162,0.0
2026,5172260,Cash Cheeks,UTEP,TE,0.035,0.0,0.093
2026,5172597,Patrick Duchien,Montana State,QB,0.145,0.111,0.185
2026,5172600,Colson Coon,Montana State,RB,0.071,0.139,0.0
2026,5172608,Hunter Provience,NC State,TE,0.025,0.0,0.055
2026,5173431,Wayshawn Parker,Utah,RB,0.214,0.268,0.145
2026,5173623,Frank Abreu,Hawai'i,TE,0.013,0.0,0.021
2026,5174450,Tate Kjar,Weber State,WR,0.098,0.0,0.214
2026,5174993,Kenneth Williams,Michigan State,RB,0.014,0.023,0.0
2026,5175092,Chris Jimerson Jr.,North Texas,QB,0.058,0.081,0.033
2026,5175334,Bryson Donelson,Fresno State,RB,0.182,0.333,0.022
2026,5176079,Dylan McCoy,NC State,RB,0.056,0.093,0.0
2026,5177084,Kamario Taylor,Mississippi State,QB,0.507,0.229,0.875
2026,5177568,Kai Acia,UC Davis,RB,0.053,0.107,0.014
2026,5178092,Breyon Williams,Robert Morris,RB,0.105,0.186,0.017
2026,5179135,Travis Smith Jr.,Tennessee,WR,0.041,0.0,0.107
2026,5181311,Massiah Mingo,New Mexico,WR,0.028,0.0,0.074
2026,5182122,Legend Bey,Ohio State,RB,0.066,0.113,0.028
2026,5182253,Jaden Gilbert,Youngstown State,RB,0.128,0.175,0.087
2026,5182804,Kaiden Prothro,Georgia,TE,0.016,0.0,0.034
2026,5182807,Jordan Woolen,Alabama State,WR,0.037,0.056,0.0
2026,5184466,Semaj Pierre,Howard,WR,0.047,0.0,0.095
2026,5184630,Jackson Bradley,Louisiana Tech,QB,0.05,0.027,0.095
2026,5185699,Dan Mahan,Duke,QB,0.03,0.024,0.042
2026,5186586,Ty Clark III,Wake Forest,RB,0.131,0.254,0.0
2026,5186736,Anthony Wolter,Mercyhurst,QB,0.217,0.04,0.355
2026,5186738,Leyton Stone,Texas Tech,WR,0.014,0.0,0.03
2026,5189515,Nolan James Jr.,Notre Dame,RB,0.131,0.175,0.081
2026,5189530,Joseph Williams,Colorado,WR,0.066,0.012,0.141
2026,5189537,Hayden George,Southern Utah,TE,0.033,0.0,0.086
2026,5191056,Donovan Hamilton,Ball State,WR,0.053,0.0,0.096
2026,5191162,Alberto Mendoza,Georgia Tech,QB,0.571,0.056,0.986
2026,5191175,Caleb Goodloe,North Dakota,WR,0.055,0.0,0.136
2026,5192899,Ashten Emory,California,RB,0.02,0.047,0.0
2026,5192909,Jimmy Sullivan,Iowa,QB,0.063,0.026,0.103
2026,5192958,Dominic Overby,Iowa State,WR,0.083,0.0,0.235
2026,5193050,Alex Green,UT Rio Grande Valley,WR,0.016,0.0,0.03
2026,5193072,Khyair Spain,Southeast Missouri State,RB,0.242,0.431,0.075
2026,5193102,Miles Burris,Akron,WR,0.035,0.0,0.071
2026,5193110,Dom Dorwart,Ohio,WR,0.079,0.0,0.196
2026,5193112,Jalen Dupree,Kansas,RB,0.115,0.176,0.0
2026,5193168,Terrence Smith Jr.,Colorado State,WR,0.08,0.016,0.141
2026,5193215,Franklin Baret Jr.,Jacksonville State,WR,0.016,0.0,0.033
2026,5193216,Jordan Beasley,UT Martin,RB,0.017,0.03,0.0
2026,5193217,Jonathan Bibbs,UCF,WR,0.043,0.0,0.089
2026,5193224,Fred Robertson,Alcorn State,RB,0.108,0.186,0.03
2026,5193270,D'Shawntae Jones,Miami (OH),RB,0.113,0.207,0.019
2026,5193274,Cade Wolford,Cincinnati,WR,0.063,0.0,0.167
2026,5193277,George Dimopoulos,Northern Illinois,WR,0.04,0.0,0.081
2026,5193282,JP Pickles,Mercer,QB,0.1,0.101,0.105
2026,5193284,Winn Sharp,Bowling Green,WR,0.061,0.0,0.138
2026,5193288,Nasir Williams,Central Michigan,WR,0.045,0.014,0.1
2026,5193292,La'Don Bryant,Northern Illinois,WR,0.056,0.0,0.113
2026,5193298,Chris Durr Jr.,Maryland,WR,0.139,0.013,0.263
2026,5193300,Eli Jacon-Duffy,Bowling Green,TE,0.043,0.0,0.109
2026,5193302,Telly Johnson Jr.,Northern Illinois,RB,0.282,0.526,0.081
2026,5193304,Hunter Kallstrom,North Dakota,TE,0.014,0.0,0.034
2026,5193325,Jake Wilson,Wyoming,TE,0.051,0.0,0.133
2026,5193343,Jim Ogle,Murray State,QB,0.246,0.015,0.528
2026,5193346,Quinn Henicle,Old Dominion,QB,0.547,0.318,0.974
2026,5193388,Jaden Allen-Hendrix,Coastal Carolina,RB,0.074,0.125,0.029
2026,5193496,Jay Harris,Kansas State,RB,0.081,0.143,0.0
2026,5193580,Cameron Dickey,Texas Tech,RB,0.179,0.284,0.062
2026,5193720,Javon Brown,UConn,WR,0.063,0.0,0.143
2026,5193926,Cameran Brown,Georgia State,QB,0.39,0.143,0.764
2026,5194306,Ashton Gray,East Carolina,RB,0.211,0.415,0.033
2026,5194309,Mekhi Anderson,UTSA,WR,0.09,0.0,0.167
2026,5194620,Josh Evans,Bethune-Cookman,WR,0.069,0.0,0.173
2026,5194625,Jaden Robinson,Austin Peay,WR,0.034,0.0,0.083
2026,5194626,Roman Gagliano,Middle Tennessee,QB,0.683,0.186,1.0
2026,5194663,Cameron Pettaway,Iowa State,RB,0.097,0.156,0.0
2026,5194666,Josh Schuchts,West Georgia,TE,0.037,0.0,0.065
2026,5194667,Tyrell Simmons Jr.,Buffalo,WR,0.014,0.0,0.023
2026,5194695,Luke Marble,West Georgia,QB,0.086,0.141,0.054
2026,5194702,Ahmir Smith,Kentucky,RB,0.033,0.061,0.0
2026,5194804,Steven Blanco,Louisiana,RB,0.091,0.145,0.02
2026,5195299,Nick Townsend,Texas,TE,0.014,0.0,0.029
2026,5195300,Matt Zollers,Missouri,QB,0.105,0.048,0.194
2026,5195374,Noah Ehrlich,Valparaiso,QB,0.115,0.026,0.273
2026,5195409,Bryson Jones,Texas Tech,WR,0.013,0.0,0.031
2026,5195481,Radarious Jackson,Tennessee,WR,0.042,0.0,0.12
2026,5195483,Micah Jones,Florida,TE,0.015,0.0,0.037
2026,5195617,Shaun Terry II,Missouri,WR,0.039,0.0,0.097
2026,5196024,Tyreek Robinson,Pittsburgh,WR,0.013,0.033,0.0
2026,5196350,Jaylan Brown,UTEP,WR,0.026,0.0,0.07
2026,5196864,Rodney Tisdale Jr.,Western Kentucky,QB,0.424,0.145,0.7
2026,5196928,Nico Hamilton,Wyoming,RB,0.091,0.121,0.053
2026,5196964,Hutch Swilley,McNeese,RB,0.09,0.152,0.031
2026,5197074,Ja'Corian Norris,Louisiana,WR,0.017,0.0,0.041
2026,5197119,Luka Matamoros,Houston Christian,TE,0.017,0.0,0.04
2026,5197123,Nate Rogers,UAB,QB,0.014,0.021,0.0
2026,5197377,Tyler Day,UT Rio Grande Valley,TE,0.012,0.0,0.021
2026,5198104,Elijah Burress,Notre Dame,WR,0.075,0.0,0.152
2026,5198251,Jo Jo Troupe,North Carolina,RB,0.091,0.192,0.0
2026,5198312,Jaylin Brown,Pittsburgh,RB,0.013,0.033,0.0
2026,5198313,O'Lontae Dean,Iowa,RB,0.013,0.026,0.0
2026,5198314,Xavier Goulbourne,Robert Morris,RB,0.094,0.19,0.0
2026,5198318,Isaiah Mizell,Arizona,WR,0.027,0.0,0.053
2026,5198324,Cibastian Broughton,Akron,QB,0.546,0.309,0.8
2026,5198328,Mike Peterson Jr.,Florida A&M,WR,0.016,0.0,0.029
2026,5198329,Khamani Robinson,Bethune-Cookman,RB,0.065,0.105,0.0
2026,5198479,Jabari Jones,Jackson State,WR,0.056,0.011,0.132
2026,5199850,Carsyn Baker,Texas A&M,RB,0.06,0.111,0.0
2026,5199859,Dalen Penson,Georgia Tech,WR,0.095,0.0,0.171
2026,5199951,Alex Sanchez,App State,WR,0.014,0.0,0.032
2026,5200190,Walter Moses,Toledo,QB,0.039,0.044,0.032
2026,5200374,Donovan Murph,South Carolina,WR,0.035,0.0,0.085
2026,5200381,Somourian Wingo,Miami,WR,0.028,0.0,0.066
2026,5200430,Brian Bonner Jr.,Washington,RB,0.117,0.29,0.0
2026,5200482,Ed Small,TCU,WR,0.126,0.0,0.269
2026,5201871,Antonio Jordan,Arkansas,WR,0.025,0.0,0.045
2026,5201878,Andrew Olesh,Oregon,TE,0.016,0.0,0.03
2026,5202117,Malik Clark,South Carolina,WR,0.027,0.0,0.061
2026,5202460,Gavin Parkhurst,Texas State,QB,0.137,0.077,0.233
2026,5203476,Daniel Bray,Utah,RB,0.05,0.061,0.036
2026,5203601,Shawn Simeon,UConn,RB,0.054,0.1,0.0
2026,5203606,Derrek Cooper,Texas,RB,0.029,0.057,0.0
2026,5203610,Nedrick Boldin Jr.,Boston College,WR,0.014,0.0,0.029
2026,5203714,Gabriel Cline,UAB,TE,0.013,0.0,0.031
2026,5203716,Ethan Drumm,Wofford,QB,0.426,0.19,0.581
2026,5204395,Bradley Martino,Minnesota,WR,0.014,0.0,0.031
2026,5205097,Carter Jones,Nevada,QB,0.356,0.143,0.938
2026,5205460,Davion Chandler,Indiana,WR,0.046,0.0,0.156
2026,5206061,Darien Williams,Syracuse,WR,0.036,0.0,0.069
2026,5207598,Charles Taplin,Michigan State,WR,0.041,0.0,0.107
2026,5207604,TK Keys,Tennessee,WR,0.021,0.0,0.06
2026,5207620,Xavier Johnson,North Alabama,WR,0.171,0.03,0.364
2026,5207650,Quandre Coates,Louisiana,TE,0.019,0.0,0.045
2026,5207657,Brodrick Malone,New Mexico State,WR,0.065,0.0,0.125
2026,5207661,Romel Stevens,Arkansas State,WR,0.017,0.0,0.059
2026,5207795,London Deyon,Sam Houston,TE,0.015,0.0,0.026
2026,5207804,Jeremiah Scoby,Bowling Green,TE,0.138,0.0,0.348
2026,5207842,Jalen Cooper,SMU,WR,0.036,0.0,0.061
2026,5207893,Wesley Yarbrough,Arizona,RB,0.068,0.152,0.0
2026,5207912,Malachi Augustus,Alcorn State,WR,0.027,0.0,0.06
2026,5207925,Tyvonn Byars,Rice,RB,0.178,0.223,0.0
2026,5207927,Dramekco Green,SMU,RB,0.148,0.321,0.014
2026,5207930,DAndre Hardeman Jr.,Rice,RB,0.155,0.194,0.0
2026,5207931,Terrence Lewis,Oklahoma State,WR,0.057,0.0,0.108
2026,5207934,Austin Carlisle,UL Monroe,QB,0.396,0.256,0.635
2026,5208095,Mason Heintschel,Pittsburgh,QB,0.55,0.141,0.96
2026,5208136,Matt Outten,Syracuse,WR,0.141,0.25,0.027
2026,5208138,Luke Carney,Houston,QB,0.062,0.089,0.0
2026,5208218,Jonanthony Hall,Stanford,WR,0.072,0.0,0.13
2026,5208592,Bo MacCormack III,Boston College,RB,0.11,0.2,0.029
2026,5209118,Hayden Vercher,Arizona State,TE,0.014,0.0,0.028
2026,5209123,Hayden Daugherty,Northern Arizona,TE,0.032,0.0,0.068
2026,5209127,Jax Markovich,Massachusetts,TE,0.015,0.0,0.043
2026,5209130,Taniela Tupou,USC,TE,0.014,0.0,0.03
2026,5209143,Julian McFadden,Syracuse,WR,0.012,0.0,0.023
2026,5209161,Malachi Coleman,Syracuse,RB,0.013,0.025,0.0
2026,5209295,Jake Fette,Arizona State,QB,0.085,0.114,0.056
2026,5209298,Langdon Horace,Stanford,WR,0.014,0.0,0.026
2026,5209302,Quaid Carr,Washington,RB,0.094,0.179,0.029
2026,5209304,Kourdey Glass,Oregon State,RB,0.135,0.286,0.077
2026,5209306,Shane Rosenthal,UCLA,WR,0.015,0.0,0.042
2026,5209316,Amante Martin,TCU,RB,0.056,0.111,0.0
2026,5209334,Jamel Howse,App State,TE,0.034,0.0,0.079
2026,5209337,DeShawn Spencer,Auburn,WR,0.059,0.0,0.147
2026,5209366,Davis Penn,Wofford,RB,0.027,0.056,0.0
2026,5209381,Matt Ludwig,Texas Tech,TE,0.052,0.0,0.125
2026,5209382,Cardae Mack,Arizona State,RB,0.044,0.063,0.029
2026,5209387,Derek Zammit,Washington,QB,0.013,0.032,0.0
2026,5209427,Kolin Wilson,Mississippi State,RB,0.115,0.169,0.047
2026,5209464,Brian Rowe Jr.,UCLA,WR,0.092,0.014,0.208
2026,5209576,Brendan Loftus,Miami (OH),TE,0.034,0.0,0.053
2026,5209679,Jeremiah Koger,Auburn,WR,0.063,0.0,0.137
2026,5209688,JT Lindsey,Ole Miss,RB,0.064,0.125,0.014
2026,5209923,Rocco Marriott,UCF,QB,0.032,0.054,0.0
2026,5209945,Antwan Raymond,Rutgers,RB,0.336,0.678,0.058
2026,5209946,Jerquaden Guilford,Ohio State,WR,0.014,0.0,0.026
2026,5209951,Seth Elchert,Toledo,WR,0.013,0.0,0.032
2026,5209960,Lekhy Thompkins,Louisville,RB,0.091,0.162,0.0
2026,5210049,Chancellor Sparks,Miami (OH),RB,0.143,0.205,0.0
2026,5210053,Quade Chatmon,Southern Illinois,RB,0.059,0.086,0.03
2026,5210164,Bryce Yates,Pittsburgh,WR,0.04,0.0,0.08
2026,5210204,Willem Thurber,Virginia,TE,0.016,0.0,0.042
2026,5210475,Ryan Hopkins,Wisconsin,QB,0.054,0.097,0.0
2026,5210477,Vance Spafford,Miami,WR,0.028,0.0,0.066
2026,5210501,Tristan Ti'a,Auburn,QB,0.047,0.0,0.118
2026,5210515,Daunte Bacheyie,Syracuse,TE,0.042,0.0,0.08
2026,5210729,Xay Davis,Virginia,RB,0.133,0.194,0.0
2026,5211057,John Kelly,Kansas,RB,0.013,0.02,0.0
2026,5211073,Mike Mitchell Jr.,Stanford,QB,0.015,0.0,0.023
2026,5211117,Bjorn Jurgensen,Hawai'i,QB,0.039,0.02,0.051
2026,5211183,Milan Parris,Miami,WR,0.028,0.0,0.066
2026,5211200,Dominick Barry,Wake Forest,TE,0.022,0.0,0.047
2026,5211482,Bryson Williams,Michigan State,WR,0.013,0.0,0.031
2026,5211689,Ryder Hooks,Eastern Kentucky,RB,0.121,0.158,0.053
2026,5211691,Preston Bowman,Ohio,WR,0.043,0.054,0.036
2026,5211694,Harold Mack,Eastern Michigan,WR,0.099,0.013,0.164
2026,5211696,Noah Sanders,Toledo,RB,0.053,0.089,0.0
2026,5211750,Stratton Fuller,Army,WR,0.083,0.07,0.154
2026,5211768,Mike Taylor Jr.,Ohio,RB,0.029,0.065,0.0
2026,5211769,Brayden Trimble,Illinois,WR,0.044,0.0,0.094
2026,5211771,Kadale Williams,Toledo,RB,0.013,0.022,0.0
2026,5211889,Messiah Hampton,Oregon,WR,0.066,0.0,0.121
2026,5212245,Cale Breslin,Montana State,RB,0.038,0.079,0.0
2026,5212589,Emmett Bork,Wisconsin,TE,0.016,0.0,0.032
2026,5212610,Ksaan Farrar,Colorado State,QB,0.101,0.0,0.189
2026,5212611,Tony Kinsler,Pittsburgh,WR,0.02,0.0,0.04
2026,5212635,Mikkel Skinner,Kentucky,TE,0.066,0.0,0.154
2026,5212641,Weston Bryan,Georgia Southern,QB,0.041,0.106,0.01
2026,5212652,Ryan Mosley,Georgia,WR,0.016,0.0,0.04
2026,5212654,Braden Atkinson,Oregon State,QB,0.752,0.079,1.0
2026,5212655,Jordan Collins,Navy,TE,0.07,0.0,0.174
2026,5212700,Jariel Cobb,Charlotte,RB,0.033,0.063,0.0
2026,5212703,Justin Rice,Richmond,WR,0.017,0.0,0.03
2026,5212705,Brady Stober,Elon,QB,0.306,0.056,0.75
2026,5212732,Liam Thorpe,Stanford,WR,0.055,0.0,0.118
2026,5213231,Jayden Kitchens,Maryland,WR,0.019,0.0,0.038
2026,5213299,Lincoln Fisher,Holy Cross,WR,0.066,0.0,0.12
2026,5213354,Max Guest,App State,RB,0.014,0.026,0.0
2026,5213685,Edward Griffin,Baylor,QB,0.082,0.024,0.14
2026,5214364,Judah Ofori-Ansah,Fordham,WR,0.14,0.0,0.259
2026,5214367,Joseph Williams,Holy Cross,RB,0.231,0.5,0.05
2026,5214401,Jon Denman,TCU,RB,0.105,0.194,0.015
2026,5214404,Isaiah Groves,Austin Peay,RB,0.115,0.198,0.014
2026,5214408,Jase Nix,San José State,WR,0.028,0.0,0.056
2026,5214409,Jeffrey Overton Jr.,Virginia Tech,RB,0.045,0.0,0.085
2026,5214410,Jasper Parker,Arkansas,RB,0.06,0.087,0.028
2026,5214443,Jake Houseworth,UC Davis,TE,0.015,0.0,0.028
2026,5214446,Brody Lennon,Ohio State,TE,0.014,0.0,0.026
2026,5214448,Jayden Savoury,Michigan State,TE,0.063,0.0,0.156
2026,5214451,Mike Tyler,South Carolina,TE,0.041,0.0,0.091
2026,5214549,Mason Woods,Iowa,TE,0.013,0.0,0.026
2026,5214557,JJ Buchanan,Michigan,WR,0.142,0.0,0.349
2026,5214566,Dawson Pough,Boston College,WR,0.094,0.0,0.207
2026,5214639,Lazaro Rogers,Miami (OH),RB,0.087,0.172,0.0
2026,5214645,Brady Palmer,Minnesota,QB,0.11,0.051,0.188
2026,5214646,Luke Fahey,Ohio State,QB,0.096,0.03,0.132
2026,5214648,Jayreon Campbell,Indiana,RB,0.081,0.114,0.0
2026,5214651,Caleb Smith,Arizona,WR,0.029,0.0,0.056
2026,5214655,Kaneal Sweetwyne,Colorado,QB,0.176,0.083,0.278
2026,5214937,Jaron Thomas,Minnesota,RB,0.014,0.026,0.0
2026,5214939,Triston White,Northern Illinois,RB,0.034,0.08,0.0
2026,5214940,Jourdin Houston,Rutgers,WR,0.099,0.017,0.174
2026,5214955,Michael Scott,James Madison,WR,0.079,0.0,0.179
2026,5215017,Landon Roldan,Georgia,WR,0.024,0.033,0.017
2026,5215030,Zion Gist,Michigan State,RB,0.041,0.07,0.0
2026,5215135,Braylon Collier,Michigan State,WR,0.027,0.0,0.071
2026,5215172,Kenny Darby,Kentucky,WR,0.102,0.016,0.2
2026,5215185,Isaiah Butler-Tanner,UTSA,TE,0.014,0.0,0.023
2026,5215218,Karon Brookins,Penn State,WR,0.027,0.0,0.071
2026,5215220,Kingston Jones,Grambling,WR,0.025,0.0,0.057
2026,5215238,Johnnie Thiel IV,Louisiana Tech,WR,0.018,0.0,0.034
2026,5215242,Bryce Randolph,Liberty,WR,0.037,0.0,0.093
2026,5215266,Antwon Thomas,Duquesne,WR,0.068,0.0,0.146
2026,5215310,Chaston Ditta,North Texas,QB,0.036,0.027,0.05
2026,5215337,Preston Douglas,NC State,TE,0.049,0.0,0.109
2026,5215367,Marcus Mozer,Northern Colorado,WR,0.111,0.0,0.235
2026,5215395,Kyle Frendt,Wyoming,TE,0.026,0.0,0.067
2026,5215467,Branden Hoch,Florida Atlantic,WR,0.065,0.0,0.111
2026,5215500,Ethan Ervin,Florida Atlantic,RB,0.192,0.434,0.0
2026,5215501,Oliver Mitchell Jr.,Tulane,WR,0.018,0.0,0.032
2026,5215629,Kevin Roche Jr.,Georgia Tech,TE,0.111,0.0,0.2
2026,5216050,Terry Shelton,TCU,WR,0.014,0.0,0.03
2026,5216072,Josiah Rainey,Drake,WR,0.041,0.0,0.058
2026,5216317,Demarius Robinson,Arizona State,RB,0.056,0.114,0.0
2026,5216495,Derrick Avery Jr.,Georgia State,WR,0.064,0.0,0.164
2026,5216496,D'Ontae Fulton,Georgia State,WR,0.014,0.0,0.03
2026,5216505,Jamar Searcy,Wake Forest,RB,0.029,0.063,0.0
2026,5216506,DJ Asiasi,Nevada,TE,0.038,0.0,0.102
2026,5216509,Davian Jackson,Texas State,RB,0.17,0.281,0.018
2026,5216559,Tate Nagy,Kansas,WR,0.041,0.012,0.086
2026,5216561,Jakai Anderson,SMU,WR,0.055,0.0,0.091
2026,5216575,Braylen Naves,Central Michigan,WR,0.027,0.0,0.075
2026,5216626,J.J. Hill,Mississippi State,RB,0.089,0.189,0.0
2026,5216639,Jaylon Hawkins,San Diego State,WR,0.018,0.0,0.05
2026,5216695,Bryce Kania,Wake Forest,WR,0.029,0.0,0.063
2026,5216698,TJ Peyton,East Tennessee State,RB,0.208,0.398,0.031
2026,5216706,TJ Stanley,Georgia State,QB,0.042,0.0,0.091
2026,5216796,Banks Bowen,North Alabama,QB,0.022,0.0,0.042
2026,5216844,Kavon Simmons,Duke,WR,0.022,0.0,0.063
2026,5217041,Omar Mabson Ii,Auburn,RB,0.138,0.238,0.027
2026,5217152,Zion Robinson,Stanford,WR,0.05,0.0,0.091
2026,5217176,Taariq Denson,Fordham,RB,0.051,0.095,0.014
2026,5217177,Taimane Purcell,California,TE,0.034,0.0,0.062
2026,5217200,Neo Clifton,Middle Tennessee,WR,0.042,0.0,0.068
2026,5217700,Gio Richardson,Arizona,WR,0.109,0.033,0.181
2026,5217752,Jamari Miller,Georgia State,WR,0.043,0.048,0.036
2026,5217820,Monterrio Elston Jr.,Kansas State,RB,0.083,0.136,0.0
2026,5218246,Luke Douglas,App State,TE,0.02,0.0,0.048
2026,5218381,Jalen Mickens,Louisiana Tech,WR,0.129,0.048,0.24
2026,5218507,Matt Jeffery,Notre Dame,WR,0.03,0.0,0.061
2026,5218514,Jack Larsen,Notre Dame,TE,0.015,0.0,0.03
2026,5218582,Jaden Reddell,Georgia,TE,0.049,0.037,0.061
2026,5218633,Ryan Wingo,Texas,WR,0.101,0.013,0.197
2026,5218636,Reid Watkins,South Dakota,RB,0.102,0.164,0.02
2026,5218655,Jamezell Lassiter,Vanderbilt,RB,0.074,0.137,0.0
2026,5218658,Larry Benton III,Abilene Christian,TE,0.016,0.0,0.03
2026,5218664,Tyler Fortenberry,Iowa State,TE,0.021,0.0,0.059
2026,5218700,Tyrell Reed Jr.,Southeast Missouri State,RB,0.111,0.159,0.065
2026,5218720,Isaiah Stone,Georgia State,WR,0.014,0.012,0.018
2026,5218736,Emazon Littlejohn,Western Michigan,WR,0.031,0.04,0.02
2026,5218753,T.J. Moore,Clemson,WR,0.134,0.0,0.274
2026,5218754,Parker Fulghum,UL Monroe,WR,0.037,0.0,0.096
2026,5218787,Que'Sean Brown,Virginia Tech,WR,0.092,0.0,0.192
2026,5218820,Johnnie Daniels,Tulane,RB,0.121,0.25,0.0
2026,5218869,Sitani Mikaele,Hawai'i,RB,0.096,0.263,0.014
2026,5218880,Blaze Kamoku,Hawai'i,WR,0.065,0.0,0.101
2026,5218881,Tama Uiliata,Hawai'i,WR,0.104,0.0,0.163
2026,5218882,Josiah Fetui,Hawai'i,WR,0.022,0.0,0.034
2026,5218891,Mario Sanders II,Southern Miss,WR,0.097,0.0,0.226
2026,5218907,Luke Harpring,Florida,TE,0.031,0.0,0.069
2026,5218931,DJ Vonnahme,Iowa,TE,0.094,0.015,0.174
2026,5218961,Fame Ijeboi,Purdue,RB,0.304,0.507,0.125
2026,5218988,JoJo Stone,Florida International,WR,0.077,0.016,0.124
2026,5219011,EJ Reid,UAB,WR,0.054,0.0,0.157
2026,5219017,Nakai Amachree,Bowling Green,RB,0.198,0.284,0.087
2026,5219035,Cam'Ron King,Georgia Southern,WR,0.013,0.0,0.021
2026,5219039,John Buetow,Virginia Tech,RB,0.027,0.049,0.0
2026,5219089,Antonio Harris,Purdue,RB,0.081,0.158,0.0
2026,5219112,Troy Grizzle,Boise State,TE,0.013,0.0,0.036
2026,5219136,Tommy Maher,Colorado State,WR,0.074,0.0,0.147
2026,5219140,Jeremiah Patterson,North Dakota State,WR,0.031,0.0,0.077
2026,5219169,Charleston French,North Carolina,RB,0.036,0.077,0.0
2026,5219180,Zane Kinsey,Youngstown State,WR,0.014,0.0,0.032
2026,5219190,Lyviel Waters,Cincinnati,TE,0.013,0.0,0.033
2026,5219232,Jake Peveto,Northwestern State,WR,0.017,0.0,0.034
2026,5219242,Marcus Brown,Stanford,WR,0.015,0.0,0.023
2026,5219250,Aiden Black,Stanford,TE,0.027,0.0,0.059
2026,5219255,Carson Robbins,Iowa State,WR,0.021,0.0,0.059
2026,5219258,Aiden Flora,Iowa State,RB,0.262,0.406,0.028
2026,5219270,Lyndon Ravare,New Mexico State,WR,0.03,0.0,0.058
2026,5219272,Drew Carlson,Eastern Washington,WR,0.121,0.0,0.225
2026,5219297,Trevor Ladd,Virginia,WR,0.016,0.0,0.042
2026,5219405,Aden Self,Army,WR,0.014,0.018,0.0
2026,5219408,Ethan Washington,Army,QB,0.069,0.053,0.154
2026,5219413,Trey Tremba,Lehigh,RB,0.117,0.143,0.036
2026,5219427,Randall Nauden,Morgan State,RB,0.046,0.101,0.0
2026,5219436,Bradyn Anderson,Army,WR,0.037,0.009,0.167
2026,5219439,Ty Brown-Stauffer,Bucknell,RB,0.121,0.275,0.009
2026,5219480,Connor Adair,Campbell,TE,0.014,0.0,0.024
2026,5219496,Donald Collier,Kansas,WR,0.038,0.059,0.0
2026,5219497,Leyton Cure,Kansas,TE,0.026,0.0,0.08
2026,5219509,Braden Baize,UT Rio Grande Valley,WR,0.037,0.0,0.064
2026,5219571,Joe Pitchford,TCU,RB,0.056,0.111,0.0
2026,5219572,Cade Keith,New Mexico,TE,0.042,0.0,0.13
2026,5219586,Anthony Grigsby Jr.,Cal Poly,QB,0.609,0.23,1.0
2026,5219637,Clay Ash,Georgetown,RB,0.172,0.296,0.074
2026,5219640,Greg Genross,Monmouth,TE,0.036,0.0,0.065
2026,5219661,Prince Zombo,Utah Tech,WR,0.07,0.0,0.129
2026,5219662,Dominique McKenzie,San José State,WR,0.03,0.0,0.055
2026,5219678,Joseph Young,Long Island University,WR,0.086,0.0,0.208
2026,5219689,Sione I Moa,BYU,RB,0.086,0.133,0.0
2026,5219703,Lamar White,UAB,WR,0.014,0.0,0.053
2026,5219834,Drew Mestemaker,Oklahoma State,QB,0.6,0.132,1.0
2026,5219881,Darius Morant,West Virginia,RB,0.095,0.118,0.0
2026,5219898,Drew Devillier,Florida Atlantic,QB,0.013,0.0,0.029
2026,5219929,Kenny Lueth,Northern Colorado,QB,0.562,0.284,0.873
2026,5219932,Elijah Porter,Northern Illinois,RB,0.081,0.14,0.032
2026,5219946,Jason Fowler,Northern Illinois,TE,0.061,0.0,0.125
2026,5219994,Rayshawn Glover,East Texas A&M,WR,0.043,0.0,0.071
2026,5219999,Omar Shah,Weber State,RB,0.09,0.203,0.021
2026,5220007,Tank Boston,Charlotte,WR,0.033,0.0,0.069
2026,5220109,Price Morgan,Incarnate Word,WR,0.156,0.0,0.273
2026,5220125,Dane Nauman,Toledo,RB,0.013,0.022,0.0
2026,5220133,Sam Lee,Toledo,TE,0.013,0.0,0.032
2026,5220194,Noah Toster,South Alabama,WR,0.011,0.0,0.036
2026,5220195,Rod Gibbs,South Alabama,TE,0.019,0.0,0.049
2026,5220197,Fluff Bothwell,Mississippi State,RB,0.203,0.325,0.047
2026,5220222,Javon Campbell,UL Monroe,WR,0.014,0.0,0.033
2026,5220253,James Jones,New Mexico State,RB,0.234,0.462,0.048
2026,5220256,Donte Lee Jr,Texas Tech,WR,0.026,0.0,0.063
2026,5220265,Jon Montiero,Liberty,WR,0.015,0.0,0.037
2026,5220266,Connie Hewitt II,UT Martin,TE,0.036,0.0,0.085
2026,5220340,Omiri Wiggins,McNeese,RB,0.2,0.33,0.091
2026,5220352,Hunter Tipton,Memphis,TE,0.096,0.0,0.246
2026,5220360,Ryder Post,James Madison,TE,0.016,0.0,0.036
2026,5220406,Thomas McCoy,UVA Wise,WR,0.014,0.036,0.0
2026,5220443,Darrick Bledsoe III,Sam Houston,WR,0.044,0.0,0.068
2026,5220469,Michael Barrow,Navy,WR,0.103,0.112,0.069
2026,5220471,Andre Gilbert Jr.,Navy,WR,0.025,0.027,0.0
2026,5220472,Tre Jones,Navy,WR,0.015,0.009,0.034
2026,5220473,Jackson Gutierrez,Navy,QB,0.191,0.131,0.414
2026,5220476,Charles Robinson,Navy,WR,0.123,0.0,0.304
2026,5220496,Theo Elwell,Navy,TE,0.013,0.0,0.167
2026,5220552,Jaylan Bean,Alabama A&M,WR,0.065,0.0,0.117
2026,5220596,Kyri Shoels,Utah,WR,0.016,0.0,0.034
2026,5220620,Traivon Dyson,Southern Illinois,WR,0.019,0.0,0.042
2026,5220641,Alan Woods III,Kennesaw State,RB,0.15,0.227,0.086
2026,5220651,Robert Freeman IV,Idaho State,RB,0.091,0.195,0.019
2026,5220666,Derrick Jameson,UL Monroe,RB,0.104,0.128,0.077
2026,5220671,Herschel Turner,Nevada,RB,0.176,0.256,0.061
2026,5220681,Petey Tucker,Western Illinois,WR,0.034,0.0,0.078
2026,5220696,Myles Abernathy,Holy Cross,WR,0.088,0.0,0.162
2026,5220785,TJ Pride,New Mexico State,WR,0.045,0.0,0.087
2026,5220893,Elijah Washington-Baker,Syracuse,TE,0.026,0.0,0.054
2026,5220975,Jaquise Martin,Houston,WR,0.015,0.0,0.053
2026,5221043,Walker Lyons,BYU,TE,0.063,0.0,0.16
2026,5221048,Jabari Bush,Arkansas State,TE,0.033,0.0,0.063
2026,5221049,James Rexroat,Missouri State,TE,0.013,0.0,0.038
2026,5221060,Kameron Thomas,Northwestern State,RB,0.056,0.098,0.011
2026,5221109,Teddy Gawlik,Louisiana,TE,0.041,0.0,0.102
2026,5221139,Shawn Foster,Central Michigan,WR,0.041,0.067,0.0
2026,5221143,Donovan Jones,Tusculum,RB,0.03,0.042,0.0
2026,5221272,Elijah McCoy,UTEP,RB,0.034,0.059,0.0
2026,5221285,Jacobe Hayes,TCU,WR,0.035,0.0,0.075
2026,5221304,Aaron Ball,Indiana State,RB,0.176,0.301,0.073
2026,5221306,Jake Furtney,Ohio,TE,0.028,0.0,0.091
2026,5221381,Tony Freeman,Washington State,WR,0.018,0.0,0.036
2026,5221393,Caleb Rollerson,UCF,WR,0.034,0.0,0.071
2026,5221590,Tre' Holloway,Tennessee Tech,WR,0.12,0.033,0.211
2026,5221596,Alex Godavitarne,UConn,TE,0.031,0.0,0.071
2026,5221616,Ade Olanegan,Morgan State,QB,0.164,0.021,0.283
2026,5222150,Josh Brantley,Louisiana Tech,TE,0.017,0.0,0.048
2026,5222189,Seth Weller,Abilene Christian,WR,0.021,0.0,0.038
2026,5222221,Tank Hawkins,Washington State,WR,0.018,0.0,0.036
2026,5222223,KD Daniels,Wake Forest,RB,0.029,0.056,0.0
2026,5222227,DeBraun Hampton,Baylor,WR,0.03,0.0,0.055
2026,5222239,Dawson Johnson,Tulane,TE,0.038,0.0,0.091
2026,5222247,Arrion Concepcion,James Madison,WR,0.016,0.0,0.036
2026,5222257,Kha'Leal Sterling,Western Carolina,WR,0.017,0.0,0.028
2026,5222386,Jay Jay Etheridge,Kent State,WR,0.02,0.0,0.043
2026,5222394,Dashawn Martin,Virginia,WR,0.015,0.0,0.056
2026,5222534,Tyson Carter,Florida International,WR,0.026,0.0,0.045
2026,5222551,Ryder Kusch,Temple,TE,0.041,0.0,0.122
2026,5222557,Jack Moran,Jacksonville State,QB,0.032,0.0,0.067
2026,5222564,Cam Settles,Arkansas,RB,0.101,0.25,0.038
2026,5222571,Xavier Watson,UConn,TE,0.031,0.0,0.071
2026,5222591,Jason Wright,Buffalo,QB,0.4,0.0,0.636
2026,5222594,Amareon Blue,Eastern Michigan,RB,0.193,0.403,0.055
2026,5222633,Nolan Good,Kent State,QB,0.082,0.076,0.08
2026,5222654,Trenton Chaney,Louisiana,WR,0.074,0.026,0.148
2026,5222657,Darrell Smith,Louisiana,RB,0.099,0.145,0.041
2026,5222671,Jaylin Carter,Memphis,RB,0.249,0.408,0.029
2026,5222675,Danny Edgehille,Boston College,TE,0.015,0.0,0.031
2026,5222676,Brady Clough,Boston College,TE,0.073,0.015,0.141
2026,5222689,John Montague,Boston College,WR,0.041,0.0,0.086
2026,5222710,Landon Walker,Navy,WR,0.051,0.055,0.0
2026,5222752,Drew Wagner,Northwestern,WR,0.127,0.0,0.269
2026,5222761,Jamarion McDougle,Ball State,WR,0.068,0.0,0.123
2026,5222826,Ri'Jon Hammond,Texas Southern,RB,0.094,0.17,0.0
2026,5222936,Franck Pierre,Alabama State,WR,0.042,0.0,0.104
2026,5222975,Anthony Quinn Jr.,Marshall,RB,0.018,0.0,0.034
2026,5223107,Quentin Hayes,The Citadel,QB,0.387,0.277,0.727
2026,5223112,Kemper Hodges,Air Force,QB,0.075,0.091,0.0
2026,5223117,Owen Chambers,Air Force,WR,0.013,0.014,0.0
2026,5223119,Owen Allen,Air Force,RB,0.163,0.198,0.0
2026,5223123,Jalen Rashad Turner,Air Force,RB,0.013,0.014,0.0
2026,5223131,Rocco Conti,Air Force,RB,0.109,0.116,0.087
2026,5223147,Simon Kibbee,Air Force,TE,0.02,0.0,0.13
2026,5223149,Adam Hrynciw,Air Force,WR,0.034,0.0,0.217
2026,5223167,Will Henderson III,UTSA,RB,0.194,0.367,0.056
2026,5223768,Harold Duvall,Fresno State,WR,0.044,0.0,0.125
2026,5223788,Donnell Gee Jr.,Tulsa,WR,0.017,0.0,0.043
2026,5223789,Nik Henry,UTEP,WR,0.017,0.029,0.0
2026,5223800,Jaden Lawrence,Wyoming,RB,0.036,0.061,0.0
2026,5223877,Kevin Allen III,Eastern Washington,RB,0.105,0.16,0.058
2026,5223896,Kayden Stuit,Eastern Washington,TE,0.021,0.0,0.041
2026,5223908,Trey Wilson,Cal Poly,RB,0.032,0.059,0.0
2026,5223909,Misa Paiau,Cal Poly,RB,0.177,0.31,0.066
2026,5223933,Alek Marshall,Cal Poly,TE,0.053,0.0,0.101
2026,5223942,Tony Harste,Idaho,WR,0.095,0.0,0.188
2026,5223947,Kage Repenn,Idaho,WR,0.016,0.0,0.032
2026,5223975,Noah West-Baranco,Idaho,TE,0.035,0.0,0.069
2026,5223978,Ryan Jezioro,Idaho,WR,0.095,0.0,0.188
2026,5223980,Journey Wyche,Chattanooga,RB,0.221,0.355,0.064
2026,5223983,Battle Alberson,Chattanooga,QB,0.47,0.156,0.986
2026,5223985,Erik Bussmann,Chattanooga,WR,0.049,0.0,0.13
2026,5224008,John McIntyre,Chattanooga,TE,0.043,0.0,0.136
2026,5224011,Baylor Hayes,Tulsa,QB,0.515,0.176,0.917
2026,5224017,Devin Ingram,Kennesaw State,RB,0.049,0.087,0.0
2026,5224023,Vashawn Nalls,East Tennessee State,TE,0.013,0.0,0.026
2026,5224046,Brett Spencer,Idaho State,RB,0.025,0.061,0.0
2026,5224050,Davis Harsin,Idaho State,QB,0.112,0.104,0.123
2026,5224055,Carson Sudbury,Idaho State,RB,0.048,0.104,0.009
2026,5224084,Trey Hedden,New Mexico State,QB,0.542,0.088,0.962
2026,5224087,Jackson Pryor,Furman,TE,0.03,0.0,0.071
2026,5224089,Devin Hester Jr.,Furman,WR,0.033,0.0,0.071
2026,5224121,Corey Richardson,Austin Peay,RB,0.086,0.146,0.014
2026,5224142,Arlie Lee,Central Arkansas,WR,0.028,0.0,0.08
2026,5224165,Jackson Kostmayer,Mercer,TE,0.017,0.0,0.04
2026,5224166,Kealen Juniel,Central Arkansas,TE,0.014,0.0,0.04
2026,5224178,Caleb Cunningham,Ole Miss,WR,0.115,0.0,0.206
2026,5224187,Patrick Miller,Central Arkansas,QB,0.014,0.022,0.0
2026,5224206,Brady Hensley,Eastern Kentucky,RB,0.133,0.181,0.076
2026,5224217,Marcus Calwise Jr.,Louisiana Tech,WR,0.036,0.0,0.069
2026,5224219,Kyle Vaka,Murray State,WR,0.051,0.0,0.095
2026,5224220,Benjamin Hayes,Norfolk State,TE,0.015,0.0,0.029
2026,5224237,Whitt Newbauer,Oklahoma,QB,0.05,0.053,0.048
2026,5224276,Jalen Fletcher,North Alabama,RB,0.127,0.18,0.065
2026,5224278,Roderick Taylor Jr.,North Alabama,RB,0.083,0.15,0.0
2026,5224307,Noah Gregg,North Alabama,WR,0.044,0.0,0.104
2026,5224320,Jared Echols,Charleston Southern,QB,0.175,0.077,0.242
2026,5224323,Brandon Musch,Charleston Southern,RB,0.021,0.011,0.033
2026,5224354,Rashawn Cunningham,Liberty,WR,0.015,0.0,0.04
2026,5224355,Nate Branch,App State,WR,0.088,0.025,0.175
2026,5224356,Hasan Lee Jr.,Charleston Southern,TE,0.016,0.0,0.03
2026,5224364,Jabez Woods,Montana State,WR,0.02,0.0,0.044
2026,5224371,Dane Steel,Montana State,WR,0.071,0.0,0.156
2026,5224379,Luvens Valcin,Montana State,TE,0.017,0.0,0.037
2026,5224381,Rocky Lencioni,Montana State,TE,0.056,0.0,0.122
2026,5224414,David Spjut,Southern Utah,WR,0.063,0.014,0.158
2026,5224435,Ken Cherry,Samford,RB,0.084,0.185,0.04
2026,5224438,Jadon Loving,Samford,WR,0.021,0.0,0.033
2026,5224444,Maddox McKim,Samford,TE,0.059,0.0,0.095
2026,5224446,Emerson Russell,Samford,RB,0.026,0.095,0.0
2026,5224455,Preston Bird,Samford,WR,0.144,0.0,0.23
2026,5224464,Jarrin Alley,Butler,QB,0.065,0.012,0.163
2026,5224468,Gabe Passini,Butler,QB,0.391,0.165,0.816
2026,5224481,Gage Goralski,Butler,TE,0.027,0.0,0.087
2026,5224493,Chet Yardley,Butler,WR,0.043,0.0,0.122
2026,5224505,Tre Page III,Oklahoma State,RB,0.051,0.105,0.011
2026,5224514,Klein Essler,Tarleton State,TE,0.028,0.0,0.052
2026,5224535,Casey Bullock,Davidson,QB,0.668,0.284,0.936
2026,5224536,AJ Adams,Davidson,WR,0.094,0.011,0.149
2026,5224540,Brodey Berg,Davidson,RB,0.105,0.209,0.04
2026,5224545,Will Jones,Davidson,RB,0.162,0.375,0.035
2026,5224556,Jack Perozek,Davidson,TE,0.077,0.0,0.128
2026,5224560,Asa Chatman,Utah Tech,RB,0.28,0.575,0.06
2026,5224562,Bronson Barben,Utah Tech,QB,0.511,0.163,0.81
2026,5224637,Liam Poronsky,Dayton,QB,0.014,0.025,0.0
2026,5224638,Dillon Fitzpatrick,Dayton,RB,0.042,0.075,0.0
2026,5224644,LeRoy Lewis IV,Dayton,WR,0.014,0.0,0.035
2026,5224645,Tyler Brown,Dayton,RB,0.028,0.05,0.0
2026,5224664,Bryce Cowgill,Dayton,TE,0.015,0.0,0.037
2026,5224665,Paul Kelly,Dayton,WR,0.022,0.013,0.035
2026,5224673,Hank Foley,Drake,WR,0.1,0.0,0.137
2026,5224699,Jake Scobey,Drake,TE,0.036,0.0,0.05
2026,5224714,Latrelle Murrell,Kennesaw State,RB,0.107,0.182,0.043
2026,5224715,Bryce Hicks,Colorado,RB,0.041,0.056,0.028
2026,5224729,Colby Dixon,West Georgia,TE,0.018,0.0,0.03
2026,5224748,Jamarcus Prince,West Georgia,WR,0.031,0.0,0.054
2026,5224749,DK Daniel,West Georgia,WR,0.064,0.0,0.119
2026,5224762,Braden Streeter,Delaware,QB,0.106,0.051,0.152
2026,5224764,Sean Wilson,Delaware,WR,0.106,0.0,0.19
2026,5224766,Greg Spiller,Delaware,RB,0.014,0.036,0.0
2026,5224772,Nick Tyree,Delaware,WR,0.042,0.0,0.07
2026,5224783,Matt McKinley,Delaware,WR,0.028,0.0,0.047
2026,5224785,Jackson Whitacre,Delaware,TE,0.014,0.0,0.023
2026,5224789,Landen Clark,LSU,QB,0.093,0.071,0.123
2026,5224790,Isaiah Fuhrmann,Georgia Tech,WR,0.016,0.0,0.029
2026,5224792,TJ Thomas Jr.,Minnesota,RB,0.145,0.212,0.11
2026,5225013,Rodshaun Dorsey,Georgia State,WR,0.064,0.0,0.164
2026,5225209,Monte Gillman,Montana,WR,0.02,0.029,0.013
2026,5225211,Brooks Davis,Montana,WR,0.17,0.011,0.308
2026,5225213,Malae Fonoti,Missouri,RB,0.038,0.068,0.0
2026,5225217,Luke Flowers,Montana,QB,0.02,0.0,0.038
2026,5225218,Cody Schweikert,Montana,QB,0.02,0.043,0.0
2026,5225221,Lekeldrick Bridges,Montana,WR,0.075,0.0,0.14
2026,5225276,Jacarre Fleming,Eastern Illinois,RB,0.11,0.192,0.013
2026,5225297,Alex Herrera,Illinois State,TE,0.034,0.0,0.078
2026,5225299,Jeremy Reeves,Eastern Illinois,WR,0.027,0.0,0.065
2026,5225300,Landers Green,Eastern Illinois,WR,0.044,0.0,0.098
2026,5225301,Kenny Ajose,Eastern Illinois,WR,0.015,0.0,0.043
2026,5225304,Cole Meehan,Merrimack,QB,0.257,0.093,0.421
2026,5225308,Dennis Morgan,Merrimack,WR,0.027,0.0,0.045
2026,5225329,Bryce Goulet,Merrimack,WR,0.052,0.0,0.103
2026,5225335,Noah Grevious,James Madison,WR,0.071,0.0,0.17
2026,5225341,JoJo Crump,VMI,QB,0.195,0.161,0.296
2026,5225343,Owen Sweeney,Marshall,WR,0.059,0.0,0.135
2026,5225344,Kam Johnson,VMI,RB,0.035,0.051,0.0
2026,5225347,Aslin Shipe,VMI,RB,0.05,0.056,0.037
2026,5225349,Cole Varner,VMI,WR,0.065,0.048,0.111
2026,5225351,Leo Boehling,VMI,RB,0.222,0.306,0.056
2026,5225375,Malik McNeely,Maine,WR,0.044,0.0,0.09
2026,5225383,Tariq Thomas,Fresno State,RB,0.027,0.035,0.022
2026,5225392,Michael Cadden,Bucknell,RB,0.268,0.438,0.151
2026,5225394,Jackson Nowinski,Bucknell,WR,0.034,0.0,0.067
2026,5225395,Jack Bohm-Squicciarini,Bucknell,TE,0.038,0.0,0.066
2026,5225414,Ty Pennington,Northern Arizona,QB,0.543,0.181,0.943
2026,5225428,Kenveon Stone,Northern Arizona,RB,0.135,0.218,0.019
2026,5225435,Seth Cromwell,James Madison,RB,0.08,0.129,0.0
2026,5225442,Evan Morris,Northern Colorado,WR,0.078,0.0,0.167
2026,5225457,Jeter Purdy,Northern Arizona,TE,0.07,0.0,0.148
2026,5225499,Kam Phillips,Colgate,WR,0.056,0.0,0.134
2026,5225500,Chief Montalvo,Colgate,WR,0.015,0.0,0.037
2026,5225509,Isaiah Johnson,Cincinnati,WR,0.056,0.0,0.17
2026,5225529,Matthew Keener,Western Carolina,WR,0.03,0.0,0.05
2026,5225530,Austin Cunningham,Western Carolina,WR,0.034,0.0,0.056
2026,5225532,Bode Burns,Western Carolina,TE,0.065,0.0,0.108
2026,5225571,Cru Newman,Portland State,WR,0.125,0.044,0.189
2026,5225576,Tyrese Smith,Portland State,QB,0.662,0.324,1.0
2026,5225583,Andre Miller,Portland State,WR,0.012,0.0,0.02
2026,5225610,Ivory Aikens,Wofford,WR,0.071,0.024,0.125
2026,5225611,Isaiah Scott,Wofford,WR,0.048,0.0,0.1
2026,5225614,Isaiah Nell,Wofford,RB,0.101,0.131,0.075
2026,5225646,Rico Bond,Toledo,WR,0.059,0.0,0.13
2026,5225648,Pops Battle,Lindenwood,QB,0.553,0.25,1.0
2026,5225700,Jack Snyder,Sacred Heart,QB,0.014,0.024,0.0
2026,5225702,Cole Snider,Sacred Heart,RB,0.028,0.024,0.04
2026,5225703,Chuck Webb,Sacred Heart,RB,0.204,0.291,0.078
2026,5225710,Dean Hangey,Sacred Heart,WR,0.085,0.012,0.216
2026,5225715,Jack Johnson,Georgetown,QB,0.293,0.185,0.444
2026,5225717,Savion Hart,Georgia State,RB,0.043,0.06,0.018
2026,5225721,Jayden Sumpter,Georgetown,RB,0.121,0.185,0.074
2026,5225733,Jonathan Alexander,Georgetown,WR,0.069,0.0,0.148
2026,5225735,Legend Bernard,Georgetown,WR,0.069,0.0,0.148
2026,5225740,Tristan Smith,Clemson,WR,0.02,0.0,0.038
2026,5225748,Payton Brown,Southeast Missouri State,RB,0.185,0.328,0.086
2026,5225775,Naz Treadwell,Monmouth,RB,0.065,0.116,0.022
2026,5225782,Mason McSweeney,Holy Cross,TE,0.017,0.0,0.033
2026,5225791,RJ Newton,Holy Cross,WR,0.022,0.0,0.04
2026,5225794,SirCharles Gordon,Holy Cross,WR,0.055,0.0,0.1
2026,5225797,Mason Kuehner,Lafayette,WR,0.109,0.0,0.2
2026,5225799,Jason Penza,Lafayette,QB,0.131,0.133,0.133
2026,5225800,Jakyre Henley,Lafayette,RB,0.153,0.333,0.013
2026,5225846,Kyle Koontz,Sacramento State,TE,0.015,0.0,0.03
2026,5225867,Tommy Poe,Idaho State,WR,0.035,0.0,0.063
2026,5225868,Gavin Nelson,Cal Poly,TE,0.028,0.0,0.047
2026,5225879,Elijah Harris,Houston Christian,RB,0.096,0.144,0.016
2026,5225880,Xai'Shaun Edwards,Missouri,RB,0.118,0.202,0.016
2026,5225881,Terrell Bradshaw,Houston Christian,WR,0.033,0.0,0.091
2026,5225901,Jaden Green,Cal Poly,RB,0.205,0.37,0.066
2026,5225902,Hayden Johnson,Lehigh,QB,0.294,0.097,0.915
2026,5225904,Jamaire Harden,Lehigh,WR,0.036,0.007,0.128
2026,5225916,Garrett Guess,Lehigh,TE,0.017,0.0,0.056
2026,5225930,Nick Palumbo,Lehigh,WR,0.057,0.0,0.234
2026,5225936,Jaden McGill,Western Kentucky,RB,0.083,0.073,0.098
2026,5225938,Snap Reed,North Alabama,WR,0.094,0.0,0.221
2026,5225940,Chase Spellman,Drake,QB,0.056,0.238,0.0
2026,5225961,Connor Ruth,North Alabama,TE,0.022,0.0,0.042
2026,5225991,Jeremy Decaro,Marist,WR,0.093,0.15,0.022
2026,5226014,Joey Bemis,Marist,TE,0.014,0.0,0.024
2026,5226019,Caden Pinnick,Washington State,QB,0.642,0.321,1.0
2026,5226080,John David Black,Abilene Christian,QB,0.571,0.117,0.933
2026,5226083,Jason Dickerson,East Carolina,WR,0.014,0.0,0.026
2026,5226122,Lazaro Rodriguez,Tennessee Tech,TE,0.013,0.0,0.027
2026,5226138,Carter Pruitt,San Diego,TE,0.088,0.0,0.194
2026,5226148,Christopher Hall,San Diego,WR,0.035,0.0,0.085
2026,5226161,Britain Simmons,Lamar,WR,0.056,0.0,0.123
2026,5226191,Tyler Bonkowski,Lamar,TE,0.025,0.0,0.055
2026,5226220,Anthony Carter,UT Martin,WR,0.03,0.0,0.073
2026,5226221,Deuce Oliver,UT Martin,WR,0.09,0.028,0.183
2026,5226228,Mariano Birdno,Montana,TE,0.055,0.0,0.103
2026,5226234,Quentin Cobb-Butler,St. Thomas (MN),WR,0.083,0.01,0.172
2026,5226248,Joseph Koch,St. Thomas (MN),RB,0.097,0.154,0.033
2026,5226265,Brennan Myer,Bryant,QB,0.439,0.12,0.921
2026,5226267,Zyheem Collick,Charlotte,WR,0.014,0.0,0.028
2026,5226300,Maximus Nosler,Bryant,TE,0.026,0.0,0.066
2026,5226314,Elijah Aragon,Idaho State,WR,0.015,0.0,0.026
2026,5226318,Avery Knight,Western Illinois,RB,0.078,0.127,0.022
2026,5226320,Cam Edwards,Western Illinois,WR,0.031,0.0,0.062
2026,5226322,Tanner Zolnosky,Western Illinois,QB,0.039,0.061,0.0
2026,5226329,Aric Johnson,Western Illinois,WR,0.039,0.0,0.089
2026,5226336,Ethan Bryce,Western Illinois,RB,0.105,0.163,0.0
2026,5226368,Devin Lippold,McNeese,QB,0.49,0.175,0.782
2026,5226403,Marvin Duffey Jr.,Stetson,RB,0.031,0.06,0.0
2026,5226441,Troy Flowers,Stetson,RB,0.195,0.309,0.094
2026,5226453,Brennan Ridley,Bowling Green,WR,0.086,0.03,0.174
2026,5226455,Khaioz Watford,Hampton,TE,0.044,0.0,0.097
2026,5226480,Amir Simmons,Glenville State,RB,0.089,0.278,0.0
2026,5226481,Noah Long,St. Thomas (MN),RB,0.088,0.17,0.0
2026,5226483,Ryan Ricketti,New Hampshire,WR,0.053,0.0,0.105
2026,5226491,Colin Hayes,Valparaiso,TE,0.034,0.0,0.07
2026,5226493,Dom DiNuzzo,Valparaiso,TE,0.016,0.0,0.045
2026,5226494,Brayden Welch,Northern Colorado,TE,0.019,0.0,0.039
2026,5226511,Gary Givens III,Nevada,WR,0.061,0.0,0.163
2026,5226521,Preston Welch,Nicholls,QB,0.103,0.078,0.148
2026,5226523,Miequle Brock,Tarleton State,RB,0.103,0.184,0.0
2026,5226526,Shane Lee,Nicholls,RB,0.148,0.254,0.04
2026,5226550,Khristian Lando,Jacksonville State,RB,0.079,0.115,0.037
2026,5226551,Jalen Likely,Jacksonville State,RB,0.161,0.241,0.089
2026,5226573,Shammai Gates,West Georgia,RB,0.074,0.109,0.054
2026,5226584,Camryn Davis,Northwestern State,WR,0.022,0.0,0.049
2026,5226585,Abram Johnston,Northwestern State,QB,0.434,0.196,0.711
2026,5226587,Zay Davis,Northwestern State,RB,0.209,0.304,0.111
2026,5226593,Ben Buisson,Northwestern State,WR,0.053,0.0,0.089
2026,5226624,Matt Gower,Northwestern State,TE,0.053,0.0,0.089
2026,5226630,Ty'ee Stephens,Maine,WR,0.033,0.0,0.067
2026,5226632,Eddie Buehler,Maine,QB,0.527,0.105,0.966
2026,5226635,Rashawn Marshall,Maine,RB,0.231,0.442,0.045
2026,5226663,Frankie Weaver,Monmouth,QB,0.577,0.022,1.0
2026,5226671,Elijah Jennings,Monmouth,RB,0.223,0.462,0.056
2026,5226676,Luke McAuliffe,UAlbany,WR,0.037,0.0,0.067
2026,5226677,Zach Garmont,Marist,WR,0.084,0.0,0.172
2026,5226679,Landon Kennel,Lehigh,WR,0.03,0.0,0.108
2026,5226695,Keshawn Mister,Monmouth,WR,0.013,0.0,0.024
2026,5226704,Tommy McLeish,New Hampshire,QB,0.112,0.02,0.194
2026,5226721,Logan Perez,New Hampshire,WR,0.047,0.0,0.093
2026,5226756,Dkhai Joseph,SE Louisiana,WR,0.083,0.0,0.205
2026,5226758,Adyn Wilkinson,SE Louisiana,TE,0.027,0.0,0.05
2026,5226760,Darnell O'Quinn,Utah Tech,WR,0.043,0.013,0.07
2026,5226765,Michael Carlock-Williams,North Carolina A&T,WR,0.056,0.0,0.102
2026,5226767,Cortez Lane,North Carolina A&T,WR,0.016,0.0,0.027
2026,5226768,Braxton Thomas,North Carolina A&T,QB,0.371,0.138,0.603
2026,5226771,Daniel Coles,Bowie State,RB,0.175,0.275,0.0
2026,5226778,Jayden Williams,North Carolina A&T,RB,0.014,0.036,0.0
2026,5226788,Rory Jones-Amen-Hetep,North Carolina A&T,WR,0.056,0.0,0.1
2026,5226812,Alex McClelland,Rhode Island,QB,0.048,0.068,0.031
2026,5226827,Andrew King,William & Mary,RB,0.21,0.343,0.082
2026,5226845,Andreas Hill,Richmond,WR,0.077,0.0,0.152
2026,5226896,Quinn Boyd,Stony Brook,QB,0.664,0.244,0.992
2026,5226917,Winston Watkins,William & Mary,QB,0.529,0.343,0.773
2026,5226922,Kahseim Phillips,Towson,RB,0.061,0.16,0.0
2026,5226938,Jacob Zollar,Towson,WR,0.048,0.0,0.091
2026,5226940,Cleveland Charlton,Towson,WR,0.062,0.016,0.111
2026,5226946,Dylan Mills,Villanova,QB,0.016,0.037,0.0
2026,5226949,David Avit,Arizona State,RB,0.07,0.114,0.028
2026,5226956,Ralee Stephens,Villanova,WR,0.016,0.0,0.029
2026,5226961,Chris Colby,Villanova,WR,0.039,0.0,0.083
2026,5226962,Brandon Binkowski,Villanova,WR,0.083,0.0,0.179
2026,5226983,Nick Thomas,Miami,WR,0.013,0.0,0.037
2026,5226985,Jack Whitehouse,Miami,RB,0.067,0.111,0.0
2026,5226989,Joey Tomasso,Colgate,QB,0.017,0.0,0.045
2026,5227005,Armon Wright,Alcorn State,WR,0.05,0.027,0.08
2026,5227007,Haven Mullins,William & Mary,TE,0.023,0.0,0.051
2026,5227043,Sean O'Brien,Central Connecticut,TE,0.047,0.0,0.092
2026,5227056,James Hayes,Florida A&M,QB,0.043,0.0,0.071
2026,5227057,Jalen Jones,Texas Tech,WR,0.026,0.0,0.062
2026,5227061,Jamarie Hostzclaw,Alabama State,RB,0.225,0.302,0.109
2026,5227064,Ashton Ashford,Alabama State,RB,0.148,0.222,0.0
2026,5227106,Logan Kushner,Duquesne,QB,0.136,0.06,0.229
2026,5227111,Dazhaun Hopkins,Duquesne,RB,0.126,0.26,0.0
2026,5227146,Julius Dominguez,Delaware State,WR,0.013,0.0,0.023
2026,5227201,Max Lopacienski,Robert Morris,TE,0.02,0.0,0.034
2026,5227208,Travis Kerney,Howard,RB,0.194,0.341,0.063
2026,5227209,Anthony Reagan Jr.,Louisiana,RB,0.124,0.203,0.02
2026,5227210,Billy Roberson II,Howard,RB,0.136,0.231,0.053
2026,5227231,Ke'Untae Mosley,James Madison,TE,0.016,0.0,0.036
2026,5227257,Markell Holman,Wyoming,RB,0.145,0.179,0.111
2026,5227299,Armand Burris,Florida A&M,WR,0.018,0.0,0.033
2026,5227302,Jack Stevens,Wagner,QB,0.397,0.1,0.568
2026,5227306,Matt Morad,Wagner,RB,0.234,0.5,0.014
2026,5227318,Johans Bars,Wagner,TE,0.013,0.0,0.029
2026,5227351,Cristian Pinto,Wagner,QB,0.099,0.0,0.269
2026,5227354,Andrew Ransome,Wagner,RB,0.169,0.275,0.038
2026,5227371,Antuan Gardner,Youngstown State,RB,0.069,0.093,0.049
2026,5227395,Matt D'Avino,Lehigh,WR,0.046,0.0,0.191
2026,5227400,Travis Terrell Jr.,Purdue,RB,0.095,0.173,0.025
2026,5227403,Nate Blount IV,Jackson State,RB,0.217,0.322,0.057
2026,5227484,Kiron Benjamin,Norfolk State,RB,0.026,0.036,0.012
2026,5227557,Alex Gevaudan,Mercyhurst,QB,0.491,0.045,0.813
2026,5227586,Amare Lattimore,Mercyhurst,WR,0.065,0.014,0.108
2026,5227589,Ryan Miller,Mercyhurst,RB,0.018,0.04,0.0
2026,5227591,Ethen Knox,Mercyhurst,RB,0.071,0.16,0.0
2026,5227631,Ashton Wilson,Mercyhurst,TE,0.019,0.0,0.032
2026,5227635,Sirod Musgrove,Mercyhurst,WR,0.034,0.0,0.061
2026,5227636,Malte Feil,Mercyhurst,WR,0.019,0.0,0.032
2026,5227656,Javion Martin,South Carolina State,QB,0.021,0.034,0.0
2026,5227658,Zion Dobson,North Carolina Central,RB,0.207,0.333,0.039
2026,5227685,Rodny Ojo,Prairie View A&M,WR,0.09,0.0,0.165
2026,5227686,Chase Bingmon,Prairie View A&M,RB,0.213,0.363,0.107
2026,5227697,Ethan John,Prairie View A&M,TE,0.032,0.0,0.058
2026,5227699,Beckham Pellant,Illinois State,QB,0.156,0.009,0.333
2026,5227704,Dylan Lord,Illinois State,WR,0.117,0.0,0.256
2026,5227709,Matt Lawson,North Dakota,RB,0.151,0.236,0.045
2026,5227722,Nick Arogundade,Illinois State,WR,0.052,0.0,0.125
2026,5227723,Luke Mailander,Illinois State,WR,0.048,0.0,0.106
2026,5227734,Torey French,Indiana State,WR,0.032,0.0,0.059
2026,5227742,Nick Osho,North Texas,RB,0.051,0.095,0.0
2026,5227762,Athean Renfro,Texas Southern,RB,0.265,0.412,0.064
2026,5227766,Elijah Leonard,Missouri State,QB,0.013,0.0,0.038
2026,5227770,Brendon McQueen,Missouri State,WR,0.024,0.0,0.059
2026,5227786,Jake Curry,Southern Illinois,QB,0.494,0.165,0.875
2026,5227788,ET Harris,Southern Illinois,WR,0.02,0.0,0.043
2026,5227793,Jerrian Parker,Sam Houston,RB,0.046,0.0,0.079
2026,5227804,Karsen Konkel,Southern Illinois,TE,0.027,0.0,0.065
2026,5227809,Sammy Dresie,South Dakota State,WR,0.024,0.0,0.086
2026,5227810,Jack Henry,South Dakota State,QB,0.014,0.0,0.042
2026,5227812,Jack Smith,South Dakota State,WR,0.079,0.0,0.2
2026,5227814,Maxwell Woods,Washington State,RB,0.119,0.161,0.077
2026,5227818,Brayden Delahoyde,South Dakota State,TE,0.014,0.0,0.042
2026,5227824,Beau Baker,Washington State,TE,0.018,0.0,0.036
2026,5227838,Lofton O'Groske,South Dakota State,WR,0.111,0.026,0.18
2026,5227845,LJ Green,Murray State,WR,0.022,0.0,0.042
2026,5227852,Cam Young,Central Arkansas,RB,0.131,0.191,0.041
2026,5227853,Tyrell Campbell,Murray State,RB,0.201,0.333,0.085
2026,5227854,Baxter Wright,Murray State,QB,0.032,0.067,0.0
2026,5227869,Huseyin Simsir,Murray State,TE,0.014,0.0,0.032
2026,5227872,Deng Deng,North Dakota,WR,0.073,0.0,0.182
2026,5227880,Colton Brunell,North Dakota,RB,0.091,0.163,0.0
2026,5227898,Tray Kuntz,North Dakota,TE,0.014,0.0,0.034
2026,5227911,DeQuadrion Welch,Jackson State,WR,0.013,0.0,0.037
2026,5227917,Kolton Nero,Alabama A&M,RB,0.21,0.449,0.039
2026,5227933,Donovan Price,Alabama A&M,TE,0.032,0.0,0.058
2026,5227941,Keyondray Jones-Logan,South Dakota,RB,0.141,0.181,0.097
2026,5227949,Julius Ellens,South Dakota,RB,0.017,0.03,0.0
2026,5227964,Caden Frey,South Dakota,TE,0.018,0.0,0.043
2026,5227966,Ben Gordon,Northern Iowa,WR,0.075,0.119,0.0
2026,5227974,Kaden Amigon-Suiter,Northern Iowa,RB,0.069,0.083,0.054
2026,5227992,Briggs Hughston,Northern Iowa,TE,0.031,0.0,0.071
2026,5228002,Jackson Williams,North Dakota State,WR,0.08,0.017,0.184
2026,5228015,Reis Kessel,North Dakota State,TE,0.06,0.0,0.158
2026,5228026,Logan Conklin,North Dakota State,WR,0.031,0.0,0.077
2026,5228031,Fidel Tau Pitts,Cal Poly,WR,0.116,0.01,0.226
2026,5228041,Carson Kolb,Oklahoma State,TE,0.04,0.0,0.075
2026,5228149,Mackenzie Alleyne,Oklahoma,WR,0.016,0.0,0.036
2026,5228607,Demon June,North Carolina,RB,0.124,0.245,0.018
2026,5228653,Brady Rhoads,Charlotte,TE,0.013,0.0,0.024
2026,5228759,Dillon Galloway,App State,TE,0.014,0.0,0.03
2026,5228760,Derrick Eley,Charlotte,WR,0.065,0.0,0.127
2026,5228762,Nick Poulos,Ohio,QB,0.353,0.135,0.679
2026,5228764,Riley Neer,Ohio,WR,0.122,0.0,0.304
2026,5228783,AJ Miller,Ohio,TE,0.022,0.0,0.054
2026,5228804,James Laubstein,New Mexico,QB,0.049,0.074,0.0
2026,5228817,Clayton Wayland,Stephen F. Austin,WR,0.065,0.009,0.144
2026,5228819,Stetson Sarratt,Stephen F. Austin,WR,0.042,0.0,0.1
2026,5228838,Cannon Lemberg,Stephen F. Austin,WR,0.013,0.0,0.032
2026,5228839,Cameron Kelley,Stephen F. Austin,WR,0.029,0.0,0.065
2026,5228882,Ryder Treadway,UConn,WR,0.031,0.0,0.071
2026,5229222,Jojo Uga,Lamar,RB,0.145,0.293,0.0
2026,5229224,Bryce Davis,UAlbany,RB,0.016,0.032,0.0
2026,5229237,Tavahri Groves,UAlbany,WR,0.053,0.009,0.108
2026,5229312,Kevin Sheridan,Stonehill,TE,0.012,0.0,0.021
2026,5229322,John Flynn,Stonehill,WR,0.016,0.0,0.032
2026,5229332,Grant Hollier,Georgia State,TE,0.028,0.0,0.073
2026,5229348,Hezekiah Millender,Georgia,QB,0.033,0.049,0.017
2026,5229448,David Parsons,Morehead State,QB,0.475,0.137,0.802
2026,5229475,Anthony Ice,Morehead State,WR,0.113,0.0,0.225
2026,5229489,JaVonnie Gibson,Cincinnati,WR,0.077,0.0,0.234
2026,5229490,Landon Holcomb,Arkansas-Pine Bluff,QB,0.019,0.0,0.04
2026,5229495,D'Avery Robinson,Arkansas-Pine Bluff,WR,0.058,0.011,0.125
2026,5229538,Bryan Wilson,Alcorn State,QB,0.092,0.058,0.143
2026,5229543,JJ Cowan,Campbell,RB,0.126,0.267,0.031
2026,5229557,Randall King,Alabama State,WR,0.054,0.0,0.158
2026,5229571,Tarell Short Jr.,Bethune-Cookman,WR,0.031,0.0,0.077
2026,5229575,Micheal Walker,Bethune-Cookman,TE,0.014,0.0,0.033
2026,5229588,Marquis McCants,Bethune-Cookman,WR,0.015,0.0,0.038
2026,5229589,Javon Ross,Tulsa,WR,0.061,0.0,0.133
2026,5229597,Nathan Rembert,Jackson State,WR,0.091,0.023,0.189
2026,5229953,Aidan O'Callaghan,Memphis,TE,0.016,0.0,0.049
2026,5229961,Mason York,Weber State,WR,0.028,0.0,0.049
2026,5229962,Noah Kjar,Weber State,WR,0.166,0.0,0.293
2026,5229986,Kolby Howard,Weber State,TE,0.013,0.0,0.021
2026,5229987,Mathias Price,Northern Colorado,RB,0.161,0.303,0.02
2026,5230013,Keenan Campbell,Northern Colorado,WR,0.032,0.0,0.066
2026,5230031,Tyselle Spencer,Long Island University,RB,0.054,0.083,0.02
2026,5230035,Evan Brooks,Long Island University,WR,0.057,0.0,0.139
2026,5230050,Braylon Knauth,The Citadel,WR,0.071,0.047,0.145
2026,5230060,Sebastien Boyle,The Citadel,RB,0.085,0.095,0.073
2026,5230109,Austin Iglesias,East Texas A&M,WR,0.014,0.0,0.031
2026,5230112,Major McBride,East Texas A&M,RB,0.079,0.155,0.0
2026,5230175,Jordan Bride,Grambling,WR,0.09,0.0,0.207
2026,5230177,Andre Crews,Grambling,RB,0.07,0.133,0.0
2026,5230180,Tony Phillips,Grambling,RB,0.05,0.095,0.0
2026,5230183,Tyson George,Grambling,WR,0.08,0.0,0.184
2026,5230274,Titus Bautista,Colorado,RB,0.014,0.028,0.0
2026,5230376,Aaron Enterline,Towson,WR,0.11,0.0,0.224
2026,5230777,Xavier Phipps,Texas Southern,TE,0.087,0.0,0.217
2026,5230779,Javon McMahan,Tusculum,RB,0.03,0.042,0.0
2026,5230884,Jason Gabriel,Southern,RB,0.273,0.5,0.05
2026,5230909,Kobe Brown,Southern,WR,0.039,0.0,0.091
2026,5230932,Daryl Barnett Jr.,Toledo,WR,0.025,0.0,0.056
2026,5230950,Will Hook,Eastern Washington,TE,0.014,0.0,0.025
2026,5231037,Isaac Lee,Western Carolina,QB,0.052,0.0,0.056
2026,5231053,Max Holtzclaw,Presbyterian,QB,0.047,0.0,0.093
2026,5231055,BJ Atkins,West Georgia,WR,0.062,0.016,0.097
2026,5231064,Justin Montgomery,West Georgia,RB,0.142,0.281,0.054
2026,5231087,Chris Vickerson,Lamar,TE,0.032,0.0,0.065
2026,5231119,Christian Vann,Gardner-Webb,RB,0.15,0.364,0.042
2026,5231141,Aaron Duncan,Tennessee State,TE,0.014,0.0,0.027
2026,5231153,Raydrian Baltrip,Abilene Christian,WR,0.063,0.0,0.103
2026,5231157,Deonte Dean,Abilene Christian,RB,0.135,0.275,0.043
2026,5231174,Vinson Berry,Albany State,QB,0.049,0.0,0.094
2026,5231181,Shane Kelley,Norfolk State,WR,0.015,0.0,0.029
2026,5231332,Jamar Kaho,Alcorn State,WR,0.023,0.0,0.05
2026,5231354,Caden High,Stanford,WR,0.106,0.0,0.163
2026,5231360,Nicholas Sowell,Bowling Green,WR,0.02,0.0,0.059
2026,5231378,Darius Thompson,South Carolina State,WR,0.014,0.0,0.037
2026,5231612,Jake Croce,Holy Cross,RB,0.11,0.189,0.06
2026,5232040,Dae'Jeaun Dennis,Clark Atlanta,RB,0.164,0.333,0.0
2026,5232045,Maxim Copeland,Morgan State,WR,0.017,0.0,0.029
2026,5232049,Raymond Moore III,UTEP,QB,0.14,0.134,0.163
2026,5232063,Quay Kindell,Charleston Southern,WR,0.08,0.0,0.167
2026,5232065,Nasir Hennigan,Long Island University,RB,0.086,0.144,0.014
2026,5232160,Marcus Willis,Texas Southern,WR,0.047,0.085,0.0
2026,5232343,Reginald Vick Jr,Colorado State,WR,0.088,0.0,0.169
2026,5232445,CJ Ceron,San Diego,QB,0.071,0.09,0.051
2026,5232466,Casey Carlesimo,San Diego,WR,0.015,0.0,0.032
2026,5232470,Jameer Muhammad,Lamar,RB,0.016,0.037,0.0
2026,5232921,Rodney Lesane,North Carolina Central,TE,0.027,0.0,0.057
2026,5233016,King Miller,USC,RB,0.231,0.407,0.031
2026,5233062,Jaylen Middleton,Houston Christian,RB,0.107,0.171,0.0
2026,5233218,Dwayne Simmons,Arkansas-Pine Bluff,TE,0.028,0.0,0.067
2026,5233868,Lanear McCrary Jr.,Georgia State,RB,0.199,0.321,0.018
2026,5233877,TJ Holmes,North Alabama,WR,0.014,0.0,0.031
2026,5233879,Josh Brown,Mississippi Valley State,QB,0.046,0.0,0.115
2026,5234086,Triston Morgan,Kennesaw State,RB,0.064,0.106,0.029
2026,5234396,Austyn Howe,Central Connecticut,WR,0.016,0.0,0.031
2026,5235634,Mike Franklin,Southern,RB,0.056,0.094,0.0
2026,5236210,Jackson Verdugo,Florida International,TE,0.032,0.0,0.056
2026,5236321,Tucker Cusano,Texas State,WR,0.039,0.0,0.105
2026,5236325,Payton Matthews,Rice,WR,0.023,0.0,0.13
2026,5236366,Phillip Folmar,Buffalo,WR,0.012,0.0,0.021
2026,5236367,Michael Gelatko,Buffalo,TE,0.014,0.0,0.023
2026,5236380,Irving Brown,Ohio,RB,0.029,0.065,0.0
2026,5236393,Shane King,Arizona,TE,0.048,0.0,0.088
2026,5237159,Charles Miska,BYU,RB,0.029,0.044,0.0
2026,5238020,Brendon Haygood,North Texas,RB,0.138,0.243,0.017
2026,5238619,Kareem Keye,Alabama State,WR,0.075,0.0,0.203
2026,5238868,Liam Szarka,Air Force,QB,0.333,0.273,0.696
2026,5238869,Matt Long,Air Force,WR,0.061,0.041,0.174
2026,5238876,Jonah Dawson,Air Force,WR,0.015,0.0,0.063
2026,5238881,Keshon Singleton,Indiana State,WR,0.104,0.0,0.198
2026,5239156,Jack Foley,Wake Forest,WR,0.015,0.0,0.031
2026,5239157,Quentin Gibson,Colorado,WR,0.081,0.028,0.139
2026,5243671,Brock Coffman,Kentucky,WR,0.016,0.0,0.038
2026,5244023,Qwantavius Wiggins,Georgia State,RB,0.071,0.083,0.055
2026,5244755,Levi Davis,Ohio,QB,0.056,0.047,0.091
2026,5244756,Ryan Estrada,Minnesota,RB,0.068,0.077,0.063
2026,5244757,Xavier Green,Tulsa,WR,0.014,0.0,0.027
2026,5244758,Jae Lamar,Georgia,RB,0.049,0.098,0.0
2026,5245054,Josiah Lucas,San Diego State,RB,0.063,0.1,0.0
2026,5245055,Jayden Warren,Texas A&M,WR,0.022,0.0,0.051
2026,5245123,Bowe Bentley,Oklahoma,QB,0.033,0.0,0.095
2026,5245125,Israel Briggs,Miami,TE,0.013,0.0,0.037
2026,5245128,Evan Hampton,Vanderbilt,RB,0.014,0.028,0.0
2026,5245413,Zion Crumpton,Mississippi State,WR,0.025,0.0,0.048
2026,5245414,Aljour Miles II,SMU,WR,0.018,0.0,0.03
2026,5245466,Bubba Frazier,Notre Dame,WR,0.015,0.0,0.03
2026,5245511,Terrance Saryon,BYU,WR,0.029,0.044,0.0
2026,5246572,Nathan Mcneil,Iowa,RB,0.065,0.134,0.0
2026,5246589,Camden Capehart,Mississippi State,WR,0.013,0.027,0.0
2026,5250860,Braden Lewis,Stephen F. Austin,RB,0.029,0.057,0.0
2026,5252200,Qumonte Williams Jr.,Boise State,WR,0.026,0.0,0.071
2026,5254150,Javion Kinnard,San Diego State,RB,0.182,0.267,0.049
2026,5257034,Denver Harper,Austin Peay,WR,0.075,0.021,0.153
2026,5257046,Grayson Rigdon,Arizona State,RB,0.067,0.109,0.029
2026,5257214,Lucas Farrington,Jacksonville State,RB,0.096,0.105,0.091
2026,5257958,Jackson Mccarter,James Madison,RB,0.079,0.152,0.0
2026,5257993,Kayleb Barnett,Vanderbilt,WR,0.037,0.014,0.069
2026,5258016,Caleb Hawkins,Oklahoma State,RB,0.314,0.539,0.151
2026,5258024,Marvis Parrish,Michigan State,RB,0.07,0.111,0.016
2026,5258056,Samuel Harris,Wyoming,RB,0.265,0.403,0.089
2026,5258447,Daejawn Smith,Southern,WR,0.083,0.0,0.195
2026,5258483,Will Swartz,Rice,TE,0.024,0.0,0.2
2026,5258487,Cole Pryor,Texas State,RB,0.041,0.077,0.0
2026,5258999,JJ Garner,Louisiana,RB,0.091,0.13,0.041
2026,5259971,Zach Atkins,Colorado,TE,0.041,0.0,0.083
2026,5260691,Rodney Bullard Jr.,Michigan State,WR,0.108,0.0,0.266
2026,5260847,Marcellous Hawkins,Virginia Tech,RB,0.022,0.0,0.043
2026,5261479,Toa Faavae,New Mexico,QB,0.188,0.085,0.413
2026,5261613,Tylik Hill,Syracuse,RB,0.103,0.219,0.011
2026,5261653,Jake Tripptree,New Haven,QB,0.098,0.029,0.217
2026,5262650,Julius Gillick,Fresno State,RB,0.091,0.175,0.0
2026,5262779,Grant McAtee,Tulsa,TE,0.014,0.0,0.027
2026,5263613,Carter Pabst,Iowa State,WR,0.036,0.0,0.105
2026,5263766,Craig Dandridge,Georgia,WR,0.041,0.0,0.086
2026,5263879,Phoenix Henriquez,Syracuse,WR,0.013,0.0,0.027
2026,5264243,Keynan Cotton,Fresno State,WR,0.015,0.0,0.033
2026,5264245,Xavier Ford,Minnesota,RB,0.043,0.096,0.012
2026,5264658,Jermane Hayes,Memphis,WR,0.056,0.0,0.145
2026,5264686,Mark Bowman,USC,TE,0.054,0.0,0.122
2026,5264688,EJ Crowell,Alabama,RB,0.07,0.119,0.0
2026,5264725,Max Anderson,West Virginia,QB,0.016,0.02,0.0
2026,5264742,LaMarcus Bell,Utah,RB,0.091,0.143,0.0
2026,5264764,Elijah Faulkner,Massachusetts,RB,0.305,0.455,0.054
2026,5265173,Crew Davis,North Carolina,RB,0.036,0.038,0.037
2026,5265174,Caleb Francois,Iowa State,RB,0.021,0.033,0.0
2026,5265178,Dominic Kelley,Nevada,RB,0.186,0.262,0.0
2026,5265325,Jevon Edwards,Coastal Carolina,RB,0.163,0.297,0.043
2026,5265445,Jordan Clark,Rice,WR,0.023,0.0,0.13
2026,5265446,Clayton Coppock,Coastal Carolina,WR,0.052,0.0,0.1
2026,5265447,Patrick Crayton Jr.,Rice,QB,0.012,0.014,0.0
2026,5265450,Jamari Harrold,Kennesaw State,TE,0.034,0.0,0.057
2026,5265463,Luke Watkins,Louisiana Tech,WR,0.034,0.016,0.06
2026,5265474,Darrion Bowers,New Mexico,RB,0.09,0.138,0.0
2026,5265478,Luke Gilbert,Jacksonville State,TE,0.026,0.0,0.062
2026,5265499,Jameson Scissum,Jacksonville State,TE,0.032,0.0,0.067
2026,5265504,Nehemiah Washington,Utah State,RB,0.011,0.023,0.0
2026,5265528,Jalen Bonds,Ball State,RB,0.083,0.167,0.027
2026,5265536,Skyler Williams,Kennesaw State,QB,0.11,0.109,0.114
2026,5266919,Corey Barber Jr.,LSU,WR,0.011,0.0,0.028
2026,5266925,Mouhamadou Mane,Western Carolina,WR,0.017,0.0,0.028
2026,5268018,Ethan Feaster,USC,WR,0.014,0.0,0.03
2026,5268744,Jackson Stoner,UTEP,TE,0.017,0.0,0.045
2026,5268748,Parker Almanza,Baylor,TE,0.012,0.0,0.023
2026,5268932,Jackson Hampton,Mississippi Valley State,WR,0.025,0.0,0.063
2026,5269148,Juntavious Harris,Texas State,RB,0.068,0.103,0.0
2026,5270858,Liam Willson,Maryland,RB,0.051,0.1,0.0
2026,5270869,Brian Williams Jr.,Auburn,WR,0.024,0.0,0.059
2026,5271149,Kymistrii Young,North Carolina,WR,0.036,0.0,0.074
2026,5271219,Hayden Moore,Minnesota,WR,0.029,0.0,0.049
2026,5271234,Justin Williams,Florida,WR,0.032,0.0,0.065
2026,5271363,Li'Darius Pryor,Jackson State,RB,0.063,0.1,0.0
2026,5271370,Arthur Lewis IV,UCF,RB,0.016,0.027,0.0
2026,5271466,Devin Fitzgerald,Notre Dame,WR,0.015,0.0,0.03
2026,5272738,Jaylen White,Charlotte,QB,0.016,0.0,0.034
2026,5272771,Santana Carlos,Western Carolina,WR,0.045,0.0,0.075
2026,5272772,Jaden Desir,Florida A&M,RB,0.064,0.105,0.036
2026,5272774,Brody Schaffer,Iowa,WR,0.013,0.0,0.026
2026,5273767,Dallas Dickerson,Georgia,WR,0.016,0.0,0.03
2026,5274304,Broderick Peters,Southern Miss,TE,0.017,0.0,0.029
2026,5274332,Trez Davis,Washington,WR,0.052,0.0,0.093
2026,5274370,Chantz Babineaux,Nicholls,WR,0.024,0.0,0.048
2026,5275329,Brady Barrier,McNeese,QB,0.167,0.057,0.29
2026,5276633,Max Warner,Missouri,RB,0.025,0.045,0.0
2026,5276641,Julius Miles,Louisville,TE,0.015,0.0,0.036
2026,5276670,Ar'mari Towns,Purdue,TE,0.025,0.0,0.05
2026,5276673,Mason Bonner,Michigan,TE,0.017,0.0,0.053
2026,5276674,Gavin Mueller,Miami,TE,0.014,0.0,0.033
2026,5276680,Kai Wesley,Baylor,TE,0.024,0.0,0.047
2026,5276960,Donovan Triplett,Western Michigan,RB,0.017,0.032,0.0
2026,5279149,Zamaurious Robertson,North Carolina,WR,0.018,0.0,0.037
2026,5279192,Hayden Morris,VMI,WR,0.017,0.0,0.047
2026,5279208,James Scott,TCU,WR,0.014,0.0,0.03
2026,5279242,Alex Voss,Elon,WR,0.034,0.0,0.089
2026,5279329,Legend Glasker,BYU,WR,0.078,0.041,0.14
2026,5280155,Teddy Jarrard,Notre Dame,QB,0.03,0.0,0.061
2026,5280258,Sequel Patterson,South Carolina,WR,0.014,0.0,0.034
2026,5280400,Alex Ward,Colorado,WR,0.014,0.0,0.028
2026,5280784,Cooper Crosby,Mississippi State,RB,0.038,0.081,0.0
2026,5280795,G'Ivori Graham,TCU,RB,0.014,0.028,0.0
2026,5281153,Demetrice McCray,Pittsburgh,WR,0.026,0.0,0.044
2026,5281562,Troy Foster,Colorado State,WR,0.014,0.0,0.027
2026,5282469,Harper Hughes,Western Michigan,WR,0.086,0.097,0.077
2026,5282659,DJ Darling,New Mexico,WR,0.035,0.0,0.109
2026,5282663,Devaughn Eka,BYU,RB,0.114,0.178,0.0
2026,5289321,Shavane Anderson Jr.,Syracuse,RB,0.109,0.247,0.0
2026,5289510,Jesse Legree,Oregon State,WR,0.131,0.0,0.179
2026,5290180,Gavin Barber,App State,TE,0.014,0.0,0.03
2026,5290447,Le'Kamren Meadows,Western Kentucky,RB,0.089,0.171,0.013
2026,5290565,Jamal Rule,Nebraska,RB,0.171,0.301,0.03
2026,5290566,Amiri Acker,NC State,WR,0.014,0.0,0.037
2026,5290568,R.J. Mosley,Arizona,WR,0.041,0.0,0.079
2026,5290570,Kristion Brooks,Louisiana,WR,0.017,0.0,0.041
2026,5290572,Prince Jean,Kentucky,WR,0.033,0.0,0.077
2026,5290573,Rasean Jones,Boise State,WR,0.112,0.025,0.233
2026,5290624,Caleb Wynn,South Alabama,RB,0.034,0.053,0.0
2026,5290862,Cedric Ross,Colorado State,RB,0.036,0.016,0.056
2026,5290902,Jonathan Stafford Jr.,Western Kentucky,WR,0.108,0.026,0.188
2026,5290936,Tyrone Crethers,SMU,WR,0.018,0.0,0.03
2026,5291092,Vincent Carner,UNLV,WR,0.055,0.0,0.118
2026,5291156,Devin Hamilton,Western Kentucky,WR,0.014,0.0,0.026
2026,5291180,Jaidaun Cranford,Northern Illinois,RB,0.032,0.07,0.0
2026,5291181,Jamarcus Harrison,Kennesaw State,QB,0.012,0.022,0.0
2026,5291188,Brody Jones,West Georgia,WR,0.049,0.016,0.075
2026,5291634,Phoenix Donghia,James Madison,RB,0.063,0.121,0.0
2026,5291661,Dallas Boozer,Arkansas State,WR,0.017,0.0,0.059
2026,5291710,Jadarius Dobie,Western Carolina,RB,0.017,0.05,0.0
2026,5291741,Noah Moss,NC State,RB,0.014,0.023,0.0
2026,5291772,Coen Logan,Temple,WR,0.016,0.023,0.0
2026,5291801,Brendyn Smith,Kent State,WR,0.041,0.0,0.087
2026,5291806,Ty Cummings,Georgia Southern,RB,0.063,0.156,0.0
2026,5292031,Xavier Butler,Georgia State,RB,0.028,0.026,0.03
2026,5292032,John Hebert,Houston,RB,0.092,0.111,0.053
2026,5292857,Tristan Reed,Miami (OH),WR,0.018,0.0,0.067
2026,5293035,Scoop Smith,Miami (OH),WR,0.052,0.017,0.094
2026,5293573,Aeryn Hampton,Oregon State,WR,0.117,0.0,0.16
2026,5293671,Jeremiah Beck Jr.,Southern Miss,TE,0.067,0.0,0.114
2026,5293684,Bryson Luter,Army,QB,0.097,0.088,0.154
2026,5293685,Godspower Nwawuihe,Army,RB,0.228,0.278,0.042
2026,5293698,Stroman Bridges,Army,WR,0.028,0.018,0.077
2026,5293701,Demani Stewart,Army,RB,0.028,0.035,0.0
2026,5293827,Manny Choice,Oklahoma,WR,0.017,0.0,0.048
2026,5293962,Deon Hardin,Tennessee,WR,0.014,0.0,0.036
2026,5294063,Tre Richardson,Louisville,WR,0.112,0.027,0.217
2026,5294107,Hugh O'Brien,Wake Forest,WR,0.015,0.0,0.029
2026,5294137,DJ Miller,Kentucky,WR,0.031,0.0,0.067
2026,5294219,Atticus Joseph,Stanford,WR,0.05,0.0,0.091
2026,5294241,Cedric Kouemi,Jacksonville State,RB,0.063,0.115,0.0
2026,5294259,Mana Carvalho,Utah,WR,0.039,0.0,0.115
2026,5294263,Byrd Ficklin,Utah,QB,0.164,0.122,0.236
2026,5294267,Mateaki Helu,Utah,RB,0.029,0.049,0.0
2026,5294293,Javin Gordon,Tennessee,RB,0.154,0.222,0.04
2026,5294438,Jemyri Davis,Memphis,WR,0.036,0.0,0.074
2026,5294446,Trey Hall,Old Dominion,RB,0.085,0.136,0.0
2026,5294646,Parker Puckett,Mississippi State,QB,0.127,0.054,0.19
2026,5295010,Gage LaDue,Air Force,FB,0.063,0.07,0.0
2026,5295012,Mason Lowe,Air Force,WR,0.013,0.014,0.0
2026,5295013,Mason Hayes,Air Force,WR,0.02,0.008,0.087
2026,5295014,Astin Hange,Air Force,WR,0.013,0.0,0.143
2026,5295015,Luke Rauh,Air Force,FB,0.025,0.028,0.0
2026,5295019,Omari Elias,Air Force,FB,0.025,0.028,0.0
2026,5295046,Demetric Whitlock Jr.,Arkansas-Pine Bluff,WR,0.088,0.011,0.194
2026,5295064,Jeremiah Jones-Thomas,South Alabama,WR,0.062,0.0,0.164
2026,5295066,Brec Long,North Texas,TE,0.036,0.0,0.083
2026,5295070,Keenan Phillips,South Alabama,RB,0.179,0.26,0.066
2026,5295187,Luke Sivon,Akron,WR,0.071,0.0,0.143
2026,5295211,Jayon Farrar,Fresno State,WR,0.027,0.018,0.043
2026,5295221,Gavin Correia,Fresno State,TE,0.018,0.0,0.043
2026,5295237,Chris McMillian,North Alabama,RB,0.122,0.2,0.026
2026,5295238,Luke Weaver,San José State,QB,0.624,0.265,0.991
2026,5295314,Velltray Jefferson,UNLV,TE,0.016,0.0,0.053
2026,5295318,Waymond Jordan,USC,RB,0.149,0.263,0.02
2026,5295363,Cameron Mathews,New Mexico,RB,0.097,0.149,0.0
2026,5295366,Matt Adcock,Arkansas,TE,0.012,0.0,0.022
2026,5295371,Bryce Anderson,UL Monroe,TE,0.03,0.0,0.077
2026,5295377,Ryan Brass,Navy,QB,0.013,0.014,0.0
2026,5295391,Christian Cromer,Navy,RB,0.029,0.037,0.0
2026,5295436,Dwayne Early Jr.,Buffalo,WR,0.046,0.0,0.077
2026,5295457,Terrione Graves,New Mexico State,WR,0.015,0.0,0.042
2026,5295460,AJ Williams III,New Mexico State,WR,0.055,0.0,0.106
2026,5295480,Marcus Beamon,Central Michigan,QB,0.063,0.0,0.174
2026,5295488,Justin Ruffin Jr.,Central Michigan,WR,0.063,0.0,0.175
2026,5295525,Ben Prosper,Eastern Michigan,WR,0.109,0.0,0.191
2026,5295531,Santonyo Isaac,Eastern Michigan,WR,0.022,0.0,0.037
2026,5295532,Joshua Long,Eastern Michigan,TE,0.083,0.0,0.145
2026,5295539,Braeden Jackson,Iowa,RB,0.025,0.053,0.0
2026,5295549,Jordan Scott,Maryland,WR,0.025,0.0,0.053
2026,5295550,DeJuan Williams,Maryland,RB,0.063,0.075,0.053
2026,5295590,Da'Realyst Clark,Kent State,WR,0.074,0.0,0.18
2026,5295723,Caden Knighten,Baylor,RB,0.14,0.274,0.031
2026,5295724,Michael Turner,Baylor,RB,0.059,0.107,0.02
2026,5295735,JP Coulter,UL Monroe,WR,0.052,0.013,0.115
2026,5295750,D'Mariun Perteet,Charlotte,RB,0.082,0.156,0.0
2026,5295756,Breyahn Townsend,Coastal Carolina,RB,0.052,0.109,0.0
2026,5295796,Miles Halbert,James Madison,WR,0.018,0.0,0.043
2026,5295811,Vernell Brown III,Florida,WR,0.092,0.014,0.19
2026,5295814,Tramell Jones Jr.,Florida,QB,0.137,0.014,0.276
2026,5295815,Duke Clark,Florida,RB,0.107,0.186,0.017
2026,5295919,Ryan Huff,Old Dominion,QB,0.018,0.0,0.067
2026,5295920,Ja'Cory Thomas,Vanderbilt,WR,0.032,0.0,0.08
2026,5295921,Josh Rodriguez,Old Dominion,WR,0.066,0.0,0.184
2026,5295923,TJ Johnson,Old Dominion,WR,0.075,0.0,0.211
2026,5295925,Titus Myers,Akron,WR,0.021,0.0,0.043
2026,5295969,Brady Hart,Texas A&M,QB,0.101,0.021,0.205
2026,5296027,Christian Neptune,Auburn,WR,0.024,0.0,0.059
2026,5296040,Elijah Lagg,Pittsburgh,TE,0.013,0.0,0.022
2026,5296047,Quinn Rosenkranz,Purdue,WR,0.014,0.0,0.029
2026,5296077,Agyeman Addae,UCF,RB,0.065,0.108,0.0
2026,5296086,Chris Gacayan II,Tulsa,TE,0.017,0.0,0.043
2026,5296136,Braxton Jennings,Louisville,RB,0.061,0.081,0.036
2026,5296145,Andrew Bond,Fordham,WR,0.051,0.0,0.11
2026,5296150,DeAree Rogers,Northern Illinois,WR,0.145,0.0,0.29
2026,5296155,Giyahni Kontosis,Cincinnati,WR,0.014,0.0,0.043
2026,5296159,Kellen Davis,Cincinnati,TE,0.013,0.0,0.033
2026,5296163,Brady Jones,Oregon State,QB,0.042,0.176,0.0
2026,5296166,Ofa Mataele,Western Michigan,RB,0.063,0.107,0.0
2026,5296172,Keivin Boone-Nelson II,Western Michigan,WR,0.017,0.0,0.038
2026,5296173,Don-Ray Hall Jr.,Cal Poly,WR,0.079,0.0,0.16
2026,5296210,Carson Su'esu'e,New Mexico State,TE,0.015,0.0,0.023
2026,5296212,Zay Robinson,Penn State,WR,0.029,0.0,0.073
2026,5296225,Nehemiah Warmate,Houston,RB,0.077,0.111,0.0
2026,5296226,Zane Smith,Houston,RB,0.154,0.222,0.0
2026,5296232,Justin Cook,Pittsburgh,RB,0.026,0.033,0.022
2026,5296247,Cyncir Bowers,UConn,RB,0.11,0.191,0.018
2026,5296264,A.J. Brand,Virginia Tech,WR,0.041,0.049,0.032
2026,5296269,Reggie Frischknecht,BYU,WR,0.023,0.0,0.06
2026,5296275,Logan Payne,BYU,RB,0.071,0.111,0.0
2026,5296294,Jaylon Coleman,Liberty,RB,0.081,0.077,0.093
2026,5296304,Tristin Blackmon,Bowling Green,RB,0.02,0.032,0.0
2026,5296321,Jared Porter,Delaware,RB,0.014,0.036,0.0
2026,5296328,Scott Moore,Delaware,TE,0.021,0.0,0.038
2026,5296341,Calvin Thomas,Delaware,WR,0.014,0.0,0.023
2026,5296350,Zedekiah Anahu-Ambrosio,Idaho State,WR,0.07,0.065,0.075
2026,5296362,De'Carlos Young,Temple,RB,0.091,0.133,0.024
2026,5296364,Keveun Mason,Temple,RB,0.298,0.44,0.073
2026,5296376,Trey Kukuk,Louisiana Tech,QB,0.138,0.143,0.14
2026,5296378,Clay Thevenin,Rutgers,RB,0.092,0.169,0.029
2026,5296382,David Pierro,Louisiana Tech,WR,0.033,0.027,0.048
2026,5296386,Dylone Brooks,Louisiana Tech,RB,0.06,0.095,0.02
2026,5296401,Brayden Bockler,Louisiana Tech,TE,0.05,0.0,0.143
2026,5296407,Nahzae Cox,Kansas,WR,0.021,0.0,0.052
2026,5296412,DJ Taylor,Middle Tennessee,RB,0.042,0.07,0.027
2026,5296438,Tristian Gardner,Coastal Carolina,WR,0.074,0.0,0.143
2026,5296439,Deuce Bailey,Coastal Carolina,QB,0.548,0.156,0.914
2026,5296471,Cameron Weir,North Dakota,WR,0.046,0.008,0.102
2026,5296571,Toric Goins Jr.,Prairie View A&M,WR,0.032,0.0,0.058
2026,5296587,Zhaiel Smith,New Mexico,WR,0.014,0.0,0.043
2026,5296610,Tama Amisone,San José State,WR,0.038,0.0,0.073
2026,5296612,Steve Chavez-Soto,Utah,RB,0.071,0.11,0.018
2026,5296622,Eric Richardson,Wyoming,WR,0.051,0.015,0.111
2026,5296832,Tim Burns Jr.,Sam Houston,WR,0.1,0.0,0.14
2026,5296864,Malichi Greaves,Colorado State,RB,0.043,0.065,0.027
2026,5297067,Kache Kaio,Utah State,TE,0.017,0.0,0.032
2026,5297079,Noah White,Utah State,RB,0.041,0.043,0.039
2026,5297763,Tyler Williams,Georgia,WR,0.033,0.0,0.069
2026,5297927,Preston Brown,North Dakota State,QB,0.029,0.025,0.038
2026,5297931,Myles Mitchell,North Dakota State,RB,0.191,0.297,0.039
2026,5297959,Dylan Vokal,North Dakota State,WR,0.014,0.0,0.034
2026,5297965,Christian Collins,Northern Iowa,RB,0.176,0.264,0.071
2026,5297972,Michael Bormann,Northern Iowa,RB,0.076,0.139,0.0
2026,5298003,Davon Smith Jr.,Central Connecticut,RB,0.132,0.263,0.031
2026,5298008,John Manning IV,Central Connecticut,RB,0.054,0.123,0.0
2026,5298018,Damani Williams,Central Connecticut,WR,0.109,0.0,0.215
2026,5298019,Jesus Martell,Central Connecticut,WR,0.016,0.0,0.03
2026,5298026,Malachi Jackson,Southern,WR,0.022,0.0,0.053
2026,5298028,Amariyon Asberry,Southern,RB,0.068,0.136,0.0
2026,5298088,Reese Brooks,Montana,TE,0.013,0.0,0.025
2026,5298093,Mar'Quan Gary,Illinois State,WR,0.025,0.0,0.057
2026,5298094,Chase Kwiatkowski,Illinois State,QB,0.093,0.102,0.089
2026,5298096,Cooper Kmet,Illinois State,QB,0.017,0.0,0.042
2026,5298097,Ian Willis,Illinois State,WR,0.033,0.0,0.075
2026,5298101,Tyler Lofton,Illinois State,RB,0.078,0.102,0.056
2026,5298104,Dallas Amos,Illinois State,WR,0.052,0.0,0.125
2026,5298105,Stevan Gavric,Illinois State,WR,0.039,0.0,0.089
2026,5298117,Travis Stamm,Illinois State,WR,0.017,0.0,0.042
2026,5298130,Tafari Corsen-James,Merrimack,RB,0.026,0.063,0.0
2026,5298148,Cooper Lehman,Merrimack,WR,0.056,0.045,0.064
2026,5298151,Belal Abdelrahman,Duquesne,WR,0.019,0.0,0.042
2026,5298154,Zae-Mear Correll,Duquesne,WR,0.068,0.0,0.146
2026,5298159,Charbel Latouf,Duquesne,RB,0.034,0.067,0.0
2026,5298162,Ryan Petras,Duquesne,WR,0.136,0.0,0.292
2026,5298177,David Cabrera,Eastern Washington,WR,0.034,0.0,0.057
2026,5298181,Ryan Johnson,Eastern Washington,TE,0.013,0.0,0.021
2026,5298201,Sean Embree Jr.,Eastern Washington,WR,0.029,0.0,0.05
2026,5298202,Rylin Lang,Eastern Washington,WR,0.042,0.0,0.082
2026,5298212,O'Shawn Ross Jr.,Bryant,RB,0.222,0.343,0.066
2026,5298213,Jaron Kelley,Delaware State,TE,0.037,0.016,0.059
2026,5298248,Lek Powell,Charleston Southern,QB,0.521,0.187,0.9
2026,5298252,Hakeem Watters,Charleston Southern,RB,0.112,0.209,0.022
2026,5298260,Hunter Green,Charleston Southern,TE,0.016,0.011,0.022
2026,5298262,Aiden Berrios,Charleston Southern,WR,0.032,0.0,0.061
2026,5298268,Kyle Patterson,Charleston Southern,WR,0.016,0.0,0.03
2026,5298294,Daveon Superales,Idaho,WR,0.033,0.016,0.053
2026,5298324,Jaqai Carter,Robert Morris,WR,0.114,0.011,0.23
2026,5298328,Cooper Panteck,Robert Morris,QB,0.034,0.0,0.071
2026,5298349,Aiden Henry,Robert Morris,WR,0.015,0.0,0.037
2026,5298351,Ashton Hampton,Robert Morris,WR,0.02,0.0,0.034
2026,5298352,Noah Schaerli,Robert Morris,WR,0.049,0.0,0.103
2026,5298362,Aidan Garrett,Stonehill,RB,0.2,0.358,0.041
2026,5298363,Deven Sisler,Fairmont State,QB,0.06,0.118,0.0
2026,5298364,Shane Eason,Stonehill,RB,0.176,0.274,0.082
2026,5298380,Khalil Wilson,Stonehill,WR,0.029,0.009,0.052
2026,5298389,Shawn Corchado,Stonehill,WR,0.04,0.0,0.1
2026,5298399,Steven Dowdy Jr.,Sacred Heart,WR,0.063,0.047,0.098
2026,5298400,Dameon Crosby,Sacred Heart,QB,0.113,0.095,0.16
2026,5298407,Mitchell Summers,Sacred Heart,RB,0.042,0.068,0.0
2026,5298427,DJ Williams,Sacred Heart,RB,0.07,0.093,0.039
2026,5298454,Byron Eaton Jr.,Grambling,RB,0.065,0.076,0.057
2026,5298456,Clyde McClendon Jr.,Grambling,RB,0.07,0.114,0.023
2026,5298464,Drew Sullivan,Butler,TE,0.036,0.0,0.102
2026,5298466,Jonny Manor,Butler,WR,0.014,0.0,0.041
2026,5298468,Michael Dellumo,Butler,RB,0.174,0.235,0.082
2026,5298471,Max Supe,Butler,WR,0.022,0.0,0.061
2026,5298480,Austin Stutz,Butler,WR,0.027,0.0,0.087
2026,5298481,Emmett Romeus,Butler,WR,0.013,0.0,0.043
2026,5298487,Brooks Bentley,New Hampshire,QB,0.479,0.089,0.86
2026,5298495,Drew Laplante,New Hampshire,RB,0.016,0.033,0.0
2026,5298512,Anthony Caruso,New Hampshire,TE,0.019,0.0,0.031
2026,5298527,Aiden Grote,Lindenwood,TE,0.03,0.0,0.073
2026,5298538,Elijah Roy,Lindenwood,WR,0.063,0.0,0.156
2026,5298552,Jack Sullivan,Bucknell,RB,0.017,0.0,0.033
2026,5298556,JJ Gomez,Bucknell,WR,0.034,0.0,0.067
2026,5298570,Kaleb Lampkins,Bucknell,WR,0.017,0.0,0.033
2026,5298578,Jim Franklin,Davidson,QB,0.141,0.048,0.195
2026,5298586,Tristan Hollins,Davidson,WR,0.014,0.0,0.024
2026,5298600,Xavier Vela,Davidson,TE,0.018,0.0,0.03
2026,5298602,Caden Glenn,Davidson,TE,0.017,0.011,0.021
2026,5298611,Wyatt Horton,Idaho State,QB,0.053,0.083,0.031
2026,5298614,Tytan Mason,Idaho State,RB,0.074,0.184,0.0
2026,5298677,Jobe Bryant,Southeast Missouri State,WR,0.088,0.01,0.17
2026,5298679,Khylen Harris-Norman,Southeast Missouri State,WR,0.051,0.0,0.104
2026,5298683,Luke Pennington,Dayton,QB,0.097,0.025,0.167
2026,5298692,Noah Spencer,Dayton,RB,0.13,0.234,0.0
2026,5298700,Mikey Hess,Dayton,RB,0.036,0.065,0.0
2026,5298709,RJ Shepherd,Dayton,WR,0.014,0.0,0.033
2026,5298718,Derrick Blanche Jr.,Portland State,RB,0.012,0.034,0.0
2026,5298733,Landon Bailey,Portland State,TE,0.012,0.0,0.02
2026,5298739,Logan Inagawa,Massachusetts,QB,0.025,0.0,0.071
2026,5298747,Porter Williams,Drake,RB,0.022,0.0,0.031
2026,5298748,Nick Herman,James Madison,RB,0.097,0.125,0.043
2026,5298754,Adrien Robbins,Drake,RB,0.081,0.162,0.058
2026,5298755,Cody Blicharz,Drake,RB,0.087,0.183,0.057
2026,5298777,Lincoln Delaere,Drake,WR,0.033,0.0,0.046
2026,5298780,Willis Nofsinger,Drake,WR,0.112,0.0,0.154
2026,5298781,Chase Schutty,Drake,TE,0.019,0.0,0.025
2026,5298785,Jayden Guy,Tennessee State,WR,0.13,0.0,0.241
2026,5298787,Byron McNair,Tennessee State,QB,0.22,0.241,0.214
2026,5298792,Anthony Taylor,Tennessee State,WR,0.039,0.031,0.048
2026,5298797,Zack Simmons-Brown,Tennessee State,RB,0.125,0.247,0.036
2026,5298843,Michael Stevenson,Colgate,TE,0.03,0.0,0.073
2026,5298846,Matt Fogler,Colgate,WR,0.091,0.0,0.22
2026,5298853,Treynor Cleeland,UC Davis,QB,0.52,0.049,0.89
2026,5298856,Tyler Hennessy,UC Davis,WR,0.056,0.0,0.101
2026,5298860,Xzavior Guess,UC Davis,WR,0.031,0.036,0.029
2026,5298861,Scott Nixon,UC Davis,WR,0.015,0.03,0.0
2026,5298868,Mason Walsh,UC Davis,RB,0.038,0.089,0.0
2026,5298880,LaDanian Streets,UC Davis,WR,0.023,0.018,0.029
2026,5298881,Jordan Rogers,UC Davis,TE,0.031,0.0,0.052
2026,5298883,Edward Khutsishvili,UC Davis,TE,0.045,0.0,0.085
2026,5298895,Jayden Taylor,Marist,WR,0.089,0.0,0.184
2026,5298919,Chris Gioia,Marist,WR,0.014,0.0,0.024
2026,5298925,Jared Lockhart,Jackson State,QB,0.441,0.138,0.962
2026,5298937,Amarion Brown,Jackson State,WR,0.013,0.0,0.037
2026,5299091,Yohan-Li Louis,Fordham,RB,0.166,0.311,0.041
2026,5299111,John Morris,Fordham,TE,0.08,0.0,0.167
2026,5299148,Shamar Fowles,Bryant,WR,0.063,0.009,0.145
2026,5299151,Brian Williams,Bryant,WR,0.041,0.0,0.109
2026,5299154,Nate Owens,Bryant,WR,0.015,0.0,0.033
2026,5299163,Khalid Campbell,Bryant,RB,0.019,0.034,0.0
2026,5299191,Logan Rubel,Bryant,TE,0.037,0.0,0.083
2026,5299224,Thomas Ansley,UT Martin,RB,0.201,0.321,0.073
2026,5299226,Tate Surber,UT Martin,QB,0.4,0.041,0.864
2026,5299256,Burke Mickelsen,Monmouth,TE,0.016,0.0,0.026
2026,5299294,Lucas Weir,Holy Cross,WR,0.017,0.0,0.033
2026,5299295,Drae Tyme,Holy Cross,TE,0.033,0.0,0.06
2026,5299298,Trayjen Llanas-Wilcox,Houston Christian,WR,0.023,0.0,0.065
2026,5299304,Grayson Harvey,Campbell,QB,0.164,0.13,0.2
2026,5299307,Chinua Ezeigbo,Campbell,WR,0.067,0.0,0.116
2026,5299310,De'Von Thomas,Campbell,RB,0.068,0.161,0.0
2026,5299313,Ethan Lawrence,Campbell,RB,0.085,0.211,0.0
2026,5299326,Stevie Keener,Campbell,WR,0.081,0.0,0.141
2026,5299327,Brady Ambrose,Campbell,TE,0.022,0.0,0.039
2026,5299333,Andrez Lewis,East Texas A&M,WR,0.081,0.0,0.179
2026,5299334,Tanner Harrison,East Texas A&M,WR,0.053,0.0,0.115
2026,5299337,Jake Whitehead,East Texas A&M,WR,0.034,0.0,0.067
2026,5299356,Joshua Pikl,East Texas A&M,TE,0.03,0.0,0.083
2026,5299364,Cason Carswell,Western Illinois,QB,0.151,0.027,0.3
2026,5299366,Joel Salien,Western Illinois,WR,0.015,0.0,0.024
2026,5299368,Ernest Temple,Alcorn State,RB,0.203,0.345,0.06
2026,5299430,Caleb Newsome,Monmouth,WR,0.062,0.0,0.1
2026,5299431,Matthew Scerbo,Lafayette,WR,0.058,0.0,0.107
2026,5299432,Zane Wooldridge,Lafayette,WR,0.051,0.0,0.093
2026,5299437,Koven Smith,Lafayette,RB,0.073,0.167,0.0
2026,5299439,Cam Azodeh,Lafayette,RB,0.014,0.036,0.0
2026,5299442,Payton Greer,Lafayette,RB,0.028,0.071,0.0
2026,5299454,Nick Bierman,Lafayette,WR,0.066,0.0,0.12
2026,5299455,Hunter Ditrano,Lafayette,TE,0.022,0.0,0.04
2026,5299473,Kory Jones,Gardner-Webb,WR,0.128,0.0,0.204
2026,5299493,Sean Brady,Gardner-Webb,WR,0.034,0.0,0.057
2026,5299496,Ryan Demonbreun,Gardner-Webb,TE,0.012,0.0,0.019
2026,5299656,Derek Morgan,Lehigh,QB,0.062,0.055,0.085
2026,5299657,Anthony Feaster,Lehigh,WR,0.041,0.0,0.17
2026,5299668,Ben Kirsch,Elon,WR,0.083,0.0,0.231
2026,5299670,Jaedon Alford,Elon,WR,0.028,0.0,0.076
2026,5299848,Michael Creamer,Richmond,RB,0.094,0.169,0.032
2026,5299849,Jack Callaghan,Richmond,QB,0.157,0.143,0.179
2026,5299858,Warrick Stephenson,Richmond,RB,0.134,0.278,0.0
2026,5299867,Carson Derey,Richmond,TE,0.023,0.0,0.045
2026,5299908,Jah'Kei Chavis,William & Mary,RB,0.114,0.219,0.01
2026,5299911,Gracen Goldsmith,Hampton,RB,0.128,0.198,0.059
2026,5299912,Noah Colon,Hampton,WR,0.064,0.021,0.118
2026,5299916,Nare Means,Hampton,WR,0.047,0.0,0.094
2026,5299919,Jaysaun Coggins,Hampton,WR,0.015,0.0,0.032
2026,5299922,Ja'Sean Lindsey,Hampton,RB,0.073,0.141,0.0
2026,5299924,Mekhi Madison,Hampton,RB,0.042,0.053,0.033
2026,5299941,Damon Short,Hampton,TE,0.014,0.0,0.033
2026,5299957,Amari Clayton,Nicholls,WR,0.012,0.0,0.024
2026,5299960,Jonathan Dartez,Nicholls,RB,0.048,0.105,0.0
2026,5299972,Dedric Lastie,Nicholls,WR,0.024,0.0,0.048
2026,5299978,Jack Purser,Nicholls,TE,0.012,0.0,0.024
2026,5299986,Jordan Chambers-Smith,Alabama A&M,WR,0.086,0.0,0.155
2026,5299988,Mekhi Maddox,Alabama A&M,WR,0.022,0.0,0.039
2026,5299989,Jarvis Davis,Alabama A&M,WR,0.015,0.0,0.025
2026,5300045,Ezekiel Pour,Morehead State,RB,0.069,0.111,0.018
2026,5300046,Montez Green,Gardner-Webb,WR,0.048,0.0,0.077
2026,5300067,Ervodd Cassady,Morehead State,RB,0.06,0.103,0.0
2026,5300077,Hunter Glasgow,Morehead State,TE,0.015,0.0,0.038
2026,5300097,Sam Harkness,Morehead State,WR,0.045,0.0,0.085
2026,5300099,Cannon Dinger,Morehead State,WR,0.095,0.01,0.18
2026,5300101,Brock Martin,Morehead State,WR,0.016,0.0,0.034
2026,5300102,Riley Purcell,Morehead State,WR,0.065,0.0,0.118
2026,5300103,Keegan Zylstra,Morehead State,WR,0.05,0.0,0.09
2026,5300119,Landon Sharpe,Presbyterian,QB,0.588,0.338,0.849
2026,5300122,Chance Washington,West Georgia,RB,0.055,0.125,0.0
2026,5300123,Damion Moate,Presbyterian,RB,0.112,0.213,0.012
2026,5300141,Jaden Henry,West Georgia,WR,0.018,0.0,0.03
2026,5300161,Reid Nicholson,San Diego,TE,0.015,0.029,0.0
2026,5300168,Omar Mbakwe,San Diego,RB,0.191,0.333,0.017
2026,5300171,John Lim,San Diego,RB,0.027,0.047,0.0
2026,5300200,Pierce McCrary,St. Thomas (MN),WR,0.119,0.01,0.253
2026,5300206,Nick Peipert,St. Thomas (MN),QB,0.319,0.092,0.554
2026,5300207,Elijah Johnson,St. Thomas (MN),RB,0.014,0.026,0.0
2026,5300221,Owen Barkley,St. Thomas (MN),RB,0.014,0.026,0.0
2026,5300243,Kam Fouty-Koonce,Valparaiso,WR,0.034,0.0,0.07
2026,5300249,Marty O'Keeffe,Valparaiso,WR,0.05,0.0,0.105
2026,5300258,Ashton Allen,Valparaiso,RB,0.109,0.197,0.018
2026,5300261,Michael Rumoro,Valparaiso,RB,0.193,0.328,0.053
2026,5300280,Bryson Winbush,Valparaiso,WR,0.033,0.0,0.091
2026,5300323,TJ Worthy,Chattanooga,RB,0.129,0.191,0.0
2026,5300338,Jaden George,Chattanooga,WR,0.051,0.0,0.111
2026,5300341,Landon Strickland,Chattanooga,TE,0.027,0.0,0.072
2026,5300342,TJ Briggs,Chattanooga,TE,0.027,0.0,0.064
2026,5300354,Marquez Davis,McNeese,RB,0.075,0.152,0.0
2026,5300357,Collin Fabacher,McNeese,RB,0.045,0.086,0.0
2026,5300368,Ikenna Nwobu,McNeese,TE,0.015,0.0,0.029
2026,5300373,Kevin Rideau,McNeese,WR,0.03,0.0,0.065
2026,5300389,Carl McDonald,Alcorn State,RB,0.072,0.097,0.05
2026,5300396,Camren Stewart,Edward Waters,RB,0.05,0.115,0.0
2026,5300418,Dedrick Borden,Hampton,TE,0.037,0.0,0.082
2026,5300481,Connor Morin,Furman,WR,0.033,0.0,0.071
2026,5300482,Evan James,Iowa,WR,0.029,0.0,0.058
2026,5300485,Isaiah Davis,Furman,RB,0.068,0.11,0.018
2026,5300489,CJ Nettles,Furman,RB,0.131,0.189,0.071
2026,5300494,Emmett Grzebin,Furman,RB,0.05,0.103,0.0
2026,5300511,Luke Clyburn,South Florida,TE,0.017,0.0,0.053
2026,5300523,David Theado,Samford,TE,0.02,0.015,0.024
2026,5300526,Cam Bland,Samford,RB,0.043,0.089,0.022
2026,5300543,Sam Pickett III,App State,WR,0.082,0.0,0.19
2026,5300544,Nicholas Bookman,Samford,WR,0.014,0.0,0.022
2026,5300643,Chase Cook,Montana,RB,0.026,0.043,0.013
2026,5300687,Carter Curnow,Montana State,TE,0.014,0.0,0.032
2026,5300698,Quran Gossett,Northern Arizona,RB,0.317,0.521,0.114
2026,5300700,Joey Stout,Northern Arizona,WR,0.145,0.021,0.284
2026,5300712,Nassim Isaac,Northern Arizona,TE,0.016,0.0,0.034
2026,5300715,Jon Wilson,Northern Arizona,RB,0.019,0.063,0.0
2026,5300731,Braylon Gardner,Northern Arizona,WR,0.026,0.019,0.033
2026,5300733,Joseph Ramirez,Northern Arizona,WR,0.038,0.0,0.057
2026,5300739,Tahir Mills,Youngstown State,RB,0.059,0.082,0.039
2026,5300743,Malachi Lewis,Youngstown State,QB,0.074,0.01,0.136
2026,5300750,Donald Barksdale,Youngstown State,RB,0.029,0.042,0.016
2026,5300752,Jeremiah Sanders,Youngstown State,WR,0.064,0.0,0.126
2026,5300768,Max Welter,Youngstown State,TE,0.014,0.0,0.032
2026,5300776,Michael McMaugh,Maine,QB,0.038,0.07,0.011
2026,5300778,Daniel Batch,Maine,RB,0.049,0.094,0.0
2026,5300808,Kieryus Boone,Northern Colorado,RB,0.041,0.055,0.029
2026,5300827,Trey Olsen,Northern Colorado,WR,0.065,0.009,0.127
2026,5300840,Jaxon Baize,UT Rio Grande Valley,QB,0.012,0.0,0.028
2026,5300846,Brennan Carroll,UT Rio Grande Valley,RB,0.105,0.2,0.03
2026,5300847,Atzel Chavez Jr.,UT Rio Grande Valley,QB,0.06,0.025,0.096
2026,5300851,Tavian Cord,UT Rio Grande Valley,WR,0.089,0.0,0.181
2026,5300855,TJ Dement,UT Rio Grande Valley,RB,0.13,0.255,0.03
2026,5300856,Tony Diaz,Iowa,WR,0.187,0.015,0.362
2026,5300863,Fabian Garcia,UT Rio Grande Valley,RB,0.045,0.082,0.015
2026,5300866,Cameron Glenn,UT Rio Grande Valley,WR,0.024,0.0,0.045
2026,5300877,Corey Holmes,UT Rio Grande Valley,WR,0.081,0.0,0.152
2026,5300880,Aidan Jakobsohn,UT Rio Grande Valley,QB,0.243,0.127,0.341
2026,5300882,Kyran Lee,UT Rio Grande Valley,WR,0.117,0.0,0.22
2026,5300891,Gunner Naivar,UT Rio Grande Valley,WR,0.012,0.0,0.028
2026,5300903,Christian Sabsook,UT Rio Grande Valley,WR,0.032,0.0,0.061
2026,5300906,Keilan Sweeny,UT Rio Grande Valley,WR,0.018,0.0,0.036
2026,5300907,Broderick Taylor,UT Rio Grande Valley,RB,0.049,0.109,0.0
2026,5300926,TJ Lester,Marshall,RB,0.059,0.097,0.019
2026,5300928,Naeem Odeniyi,West Georgia,RB,0.036,0.063,0.017
2026,5300949,Jabari Staples,West Georgia,WR,0.018,0.0,0.031
2026,5300952,Aidan Sefa,West Georgia,TE,0.049,0.0,0.086
2026,5301028,Jaquail Smith,Colorado,RB,0.106,0.195,0.0
2026,5301029,Elias Brown,Sacramento State,RB,0.034,0.077,0.0
2026,5301047,Elijah Huddle,Sacramento State,TE,0.016,0.0,0.021
2026,5301057,Nelson Layne,North Carolina Central,QB,0.465,0.167,0.947
2026,5301072,Mark Tillman,North Carolina A&T,WR,0.021,0.0,0.038
2026,5301083,Terrence Campbell,Rhode Island,RB,0.109,0.216,0.0
2026,5301109,Kai Austin,William & Mary,WR,0.1,0.019,0.196
2026,5301110,Alfred Honesty,William & Mary,WR,0.066,0.0,0.135
2026,5301114,Carter Carroll,William & Mary,QB,0.095,0.0,0.196
2026,5301127,Gavin McIntosh,William & Mary,WR,0.026,0.0,0.053
2026,5301130,Chandler Chapman,Southern Illinois,RB,0.261,0.44,0.07
2026,5301140,Arshawn Powell,Chicago State,WR,0.07,0.0,0.126
2026,5301181,Braden Reed,Villanova,WR,0.133,0.011,0.274
2026,5301188,Tyler Womack,Villanova,RB,0.016,0.037,0.0
2026,5301189,Antonio Hunter,Howard,WR,0.052,0.011,0.095
2026,5301193,Terrell Russell,Howard,QB,0.02,0.0,0.042
2026,5301194,Zaden Jackson,Howard,WR,0.058,0.0,0.116
2026,5301199,David Parks,Howard,TE,0.013,0.0,0.026
2026,5301221,Xavier Newsom,Auburn,TE,0.024,0.0,0.059
2026,5301240,Kyree Paul,SE Louisiana,RB,0.106,0.137,0.055
2026,5301243,Lonnie Shinn,SE Louisiana,TE,0.06,0.0,0.152
2026,5301244,Calvin Smith Jr.,SE Louisiana,RB,0.139,0.235,0.014
2026,5301250,BJ Norman,UAlbany,WR,0.13,0.045,0.237
2026,5301281,Dimitri Howard,Murray State,WR,0.079,0.011,0.149
2026,5301297,Dylan Embry,Murray State,RB,0.033,0.0,0.075
2026,5301331,Ty Brown,Murray State,TE,0.036,0.0,0.069
2026,5301334,Jaxon Potter,Murray State,WR,0.069,0.0,0.138
2026,5301345,Braylon Finney,Prairie View A&M,WR,0.015,0.0,0.027
2026,5301346,Reilly Garcia,Houston Christian,QB,0.043,0.0,0.116
2026,5301347,Cayden Keeth,Houston Christian,QB,0.036,0.054,0.0
2026,5301379,Ravon Moore,Norfolk State,RB,0.026,0.0,0.06
2026,5301383,Jamison Stevens,Norfolk State,TE,0.016,0.0,0.035
2026,5301442,Jacob Soley,Indiana State,TE,0.016,0.0,0.029
2026,5301445,Max McCool,Indiana State,RB,0.101,0.182,0.032
2026,5301466,Jaylan Johnson,Indiana State,TE,0.054,0.0,0.102
2026,5301478,Griffin Broderick,North Dakota,RB,0.091,0.146,0.023
2026,5301479,Charles Langama,North Dakota,RB,0.142,0.236,0.023
2026,5301497,Nathan Hromadka,North Dakota,TE,0.02,0.0,0.051
2026,5301522,Ran Sawyer,Southern Utah,RB,0.012,0.0,0.03
2026,5301576,Kamari Maxwell,Sam Houston,WR,0.015,0.0,0.023
2026,5301596,Brooks Martin,VMI,WR,0.023,0.0,0.079
2026,5301599,Rayden Aphayvong,Stony Brook,TE,0.047,0.0,0.082
2026,5301602,Andrew Riggs,Stony Brook,TE,0.015,0.0,0.027
2026,5301612,James Dely,Stony Brook,WR,0.065,0.0,0.115
2026,5301613,Lucas Martin,Stony Brook,WR,0.031,0.0,0.054
2026,5301614,Keiden Gutierrez,Stony Brook,TE,0.086,0.0,0.153
2026,5301652,Brannon Oliver,North Alabama,WR,0.014,0.0,0.031
2026,5301657,Andrew Indorf,Towson,QB,0.483,0.077,0.894
2026,5301659,Kemarrion Battles,Towson,RB,0.227,0.436,0.059
2026,5301681,Cody Szymansky,Towson,WR,0.03,0.0,0.053
2026,5301684,Jack Mahoney,Towson,TE,0.015,0.0,0.026
2026,5301717,Cam Patterson,Lamar,WR,0.016,0.0,0.032
2026,5301719,Julian Salazar,Lamar,QB,0.129,0.074,0.194
2026,5301725,Blake Thomas,Lamar,WR,0.108,0.011,0.216
2026,5301731,Tyler Travers,Eastern Kentucky,QB,0.5,0.162,0.975
2026,5301745,AJ Johnson,Eastern Kentucky,WR,0.023,0.0,0.05
2026,5301746,Braylon Newcomb,Eastern Kentucky,WR,0.024,0.0,0.07
2026,5301747,Tyree Weatherspoon,Eastern Kentucky,WR,0.017,0.0,0.053
2026,5301767,Cortez Stone,Eastern Kentucky,RB,0.09,0.124,0.051
2026,5301771,Landon Dulaney,South Dakota State,WR,0.032,0.0,0.114
2026,5301778,Joe Kolega,South Dakota State,WR,0.029,0.0,0.083
2026,5301779,Corey Blair Jr.,South Dakota State,RB,0.135,0.197,0.047
2026,5301781,James Basinger,South Dakota State,RB,0.112,0.157,0.0
2026,5301782,Josiah Johnson,South Dakota State,RB,0.181,0.307,0.0
2026,5301792,Josh Myers,South Dakota State,RB,0.056,0.079,0.0
2026,5301811,Ben Brooks,South Dakota State,TE,0.014,0.0,0.042
2026,5301842,Ty Durham,Central Arkansas,WR,0.079,0.009,0.189
2026,5301845,Tyrell Pollard,Central Arkansas,WR,0.094,0.0,0.243
2026,5301871,Cole Keller,James Madison,TE,0.035,0.0,0.085
2026,5301873,Jeremiah Harrison,James Madison,WR,0.02,0.0,0.053
2026,5301892,Jaiden Daniels,East Tennessee State,RB,0.099,0.163,0.041
2026,5301917,Will Greene,Utah Tech,WR,0.054,0.0,0.1
2026,5301921,Isaiah Akinsanya,Utah Tech,TE,0.023,0.0,0.043
2026,5301923,Daron Tyson,Utah Tech,RB,0.029,0.063,0.0
2026,5301947,Brayden Hampsten,Utah Tech,TE,0.148,0.0,0.265
2026,5301979,Josh Perry,Western Carolina,RB,0.191,0.37,0.092
2026,5301981,Michael Rossin,Western Carolina,WR,0.106,0.038,0.155
2026,5301983,Marcus Striggles,Western Carolina,WR,0.016,0.0,0.021
2026,5301984,Josiah Thomas,New Mexico State,TE,0.03,0.0,0.05
2026,5301987,Terrance Honeywood,Wofford,WR,0.054,0.0,0.113
2026,5301989,Gerald Modest,Wofford,RB,0.357,0.619,0.1
2026,5302024,Cooper Williams,Wofford,WR,0.035,0.0,0.074
2026,5302026,Jack Ewell,Wofford,TE,0.042,0.0,0.088
2026,5302028,Colby Alexander,Wofford,WR,0.054,0.0,0.113
2026,5302041,Marquis Willis,Tarleton State,WR,0.15,0.0,0.294
2026,5302070,Colton Rodriguez,Tarleton State,WR,0.014,0.0,0.02
2026,5302082,Abijah Webb,The Citadel,WR,0.041,0.0,0.12
2026,5302115,Austyn Modrzewski,South Dakota,QB,0.411,0.057,0.944
2026,5302121,Carson Fletcher,South Dakota,RB,0.097,0.152,0.028
2026,5302124,Chris Herrin,South Dakota,TE,0.038,0.0,0.097
2026,5302130,Brayden White,South Dakota,WR,0.108,0.0,0.278
2026,5302266,Donovan Brown,San Diego State,WR,0.066,0.0,0.195
2026,5302270,Jack Lua,San Diego State,TE,0.016,0.0,0.048
2026,5302416,Nehemiah Hixon,Alabama State,WR,0.035,0.009,0.078
2026,5302419,DJ Brown,Alabama State,RB,0.056,0.083,0.0
2026,5302468,Jimmie Duncan,Northwestern State,WR,0.092,0.02,0.178
2026,5302469,Brendan Webb,Northwestern State,WR,0.092,0.029,0.167
2026,5302483,Isaiah Champagne,Incarnate Word,WR,0.125,0.0,0.218
2026,5302486,Mikey Moshier,Incarnate Word,QB,0.04,0.056,0.0
2026,5302489,Ben McCreary,Oklahoma,RB,0.1,0.158,0.0
2026,5302500,Nana Utsey,VMI,QB,0.109,0.1,0.182
2026,5302501,Ian Reynolds,VMI,QB,0.331,0.122,0.721
2026,5302525,Halim Hardnett,VMI,WR,0.059,0.024,0.148
2026,5302527,Traveion Slaughter,VMI,WR,0.114,0.105,0.148
2026,5302528,Zion Trump,VMI,WR,0.047,0.0,0.111
2026,5302607,Karlos Grier,Wagner,WR,0.058,0.01,0.112
2026,5302623,Dom DeAngelo,Wagner,WR,0.014,0.0,0.038
2026,5302638,Benjamin Newman,Wagner,QB,0.375,0.088,0.704
2026,5302641,Malik Redd,Wagner,WR,0.043,0.01,0.082
2026,5302650,Jahlun Flud,Morgan State,WR,0.017,0.0,0.029
2026,5302651,Alex Simmons,Morgan State,TE,0.039,0.0,0.077
2026,5302655,Dante Archie,Morgan State,WR,0.027,0.0,0.05
2026,5302656,Justin Perry,Morgan State,WR,0.105,0.0,0.205
2026,5302660,Rahmise Jones,Morgan State,WR,0.034,0.0,0.059
2026,5302676,William Johns,Morgan State,WR,0.018,0.0,0.033
2026,5302677,Malachi Bryant,Morgan State,TE,0.026,0.0,0.051
2026,5302733,Caleb Tucker,Charlotte,WR,0.016,0.0,0.034
2026,5302760,Tae'Sean Robinson,Delaware,WR,0.069,0.0,0.116
2026,5302795,Jay'Veon Scott,South Dakota State,RB,0.125,0.156,0.0
2026,5302825,Deshon Jenkins,Bryant,RB,0.032,0.056,0.0
2026,5302867,Logan Barnes,UConn,WR,0.019,0.0,0.042
2026,5302869,TK Davis,Massachusetts,RB,0.075,0.115,0.0
2026,5302909,Jackson Regan,UT Rio Grande Valley,RB,0.012,0.021,0.0
2026,5302914,RJ Lancaster,North Carolina Central,WR,0.065,0.013,0.171
2026,5302935,Connor Everett,North Carolina Central,TE,0.025,0.0,0.066
2026,5302942,Ethan Abberger,North Alabama,WR,0.022,0.025,0.019
2026,5303116,Andrew Korkosz,Merrimack,TE,0.029,0.0,0.056
2026,5303173,Galamama Mulbah,Merrimack,RB,0.105,0.206,0.019
2026,5303183,Bryson Broadway,Stephen F. Austin,QB,0.051,0.0,0.129
2026,5303186,JT Kitna,Stephen F. Austin,QB,0.114,0.065,0.194
2026,5303189,Braeden Mussett,Stephen F. Austin,WR,0.013,0.0,0.032
2026,5303215,Riley Ellefson,Stephen F. Austin,TE,0.013,0.0,0.032
2026,5303239,Zay Hilliard,Georgia Southern,WR,0.025,0.0,0.043
2026,5303264,Dameon Crowe,Texas State,WR,0.014,0.0,0.033
2026,5303299,Terrence Rone,Delaware State,WR,0.066,0.0,0.137
2026,5303302,Sean Weston,Delaware State,RB,0.114,0.212,0.02
2026,5303335,Maury Sullivan,Tennessee Tech,WR,0.078,0.011,0.147
2026,5303364,Garrison Davis,Arkansas-Pine Bluff,QB,0.421,0.149,0.792
2026,5303367,Jaylen Jennings,Arkansas-Pine Bluff,RB,0.211,0.383,0.0
2026,5303372,Montrell Martin,Arkansas-Pine Bluff,TE,0.019,0.0,0.04
2026,5303386,De'Ontae Clark,Arkansas-Pine Bluff,WR,0.028,0.0,0.067
2026,5303387,Ellis Stewart,Nicholls,WR,0.072,0.009,0.152
2026,5303390,Bryce Robinson,Arkansas-Pine Bluff,WR,0.017,0.0,0.038
2026,5303488,Chad Elzy Jr,SE Louisiana,RB,0.139,0.216,0.041
2026,5303820,Matt Chandler,New Haven,WR,0.056,0.0,0.115
2026,5303822,Zaon Laney,New Haven,RB,0.303,0.516,0.104
2026,5303844,Anthony Rudiman,Southern Connecticut State,RB,0.039,0.077,0.0
2026,5303870,Jason Champagne,New Haven,RB,0.016,0.029,0.0
2026,5303904,Issac Glaudin,New Haven,WR,0.092,0.011,0.177
2026,5303910,Tommy Troy,New Haven,WR,0.051,0.0,0.104
2026,5303911,Jonathan Lawson,New Haven,WR,0.051,0.034,0.07
2026,5303922,Shane Walker,New Haven,WR,0.041,0.0,0.083
2026,5303999,DJ Maultsby,South Carolina State,WR,0.015,0.0,0.043
2026,5304001,Lukas Gilland,Western Illinois,WR,0.035,0.0,0.076
2026,5304069,Norman Taylor,Mississippi Valley State,RB,0.166,0.247,0.072
2026,5304081,Christian White,Nicholls,WR,0.036,0.0,0.071
2026,5304085,Caleb Brownlow,Mississippi Valley State,WR,0.071,0.011,0.159
2026,5304114,Spencer Ferguson,Weber State,RB,0.263,0.469,0.083
2026,5304122,Robert Young,Weber State,WR,0.083,0.011,0.138
2026,5304129,Emanuel Fincher,Mercyhurst,RB,0.061,0.12,0.016
2026,5304132,Tyler Tusai,Mercyhurst,QB,0.165,0.02,0.29
2026,5304135,Camden Lewis,Mercyhurst,TE,0.065,0.029,0.097
2026,5304138,Jameir Gamble,Mercyhurst,RB,0.196,0.42,0.043
2026,5304166,Jason Woods,Mercyhurst,WR,0.038,0.0,0.065
2026,5304167,Sha'lik Hampton,Mercyhurst,TE,0.027,0.0,0.047
2026,5304323,Willie Anderson,Bethune-Cookman,WR,0.084,0.0,0.212
2026,5304536,Mekhi Moore,Long Island University,QB,0.051,0.045,0.065
2026,5304537,Mason Pickett-Hicks,South Carolina State,RB,0.188,0.276,0.043
2026,5304541,Julian Milligan,South Carolina State,RB,0.113,0.182,0.0
2026,5304549,Shawne Jones,Stetson,WR,0.077,0.015,0.153
2026,5304561,Michael Dempsey,Stetson,RB,0.128,0.16,0.104
2026,5304566,Malachi Townsend,Stetson,WR,0.051,0.0,0.104
2026,5304682,Zaivan Offord,South Carolina State,WR,0.028,0.0,0.083
2026,5304684,Malik Brightwell,South Carolina State,WR,0.023,0.012,0.043
2026,5304952,Boakai Veikei,Long Island University,WR,0.035,0.0,0.077
2026,5304953,Tristin McFarland,Long Island University,TE,0.033,0.0,0.082
2026,5304954,Santana Young,Long Island University,WR,0.017,0.0,0.042
2026,5304955,Jayden Simpson,Long Island University,WR,0.072,0.017,0.143
2026,5305159,Joseph Towler,Morgan State,WR,0.059,0.0,0.115
2026,5305431,Kieren Jackson,Florida A&M,WR,0.095,0.0,0.178
2026,5305463,Nicholas Woodford,Central Michigan,RB,0.041,0.067,0.0
2026,5305530,Ramon McKinney Jr.,South Dakota State,RB,0.08,0.112,0.0
2026,5305824,Gerard Grewe,Tennessee Tech,TE,0.016,0.0,0.03
2026,5305901,Shamar Vick,Norfolk State,WR,0.062,0.074,0.042
2026,5306440,Evan Medders,Air Force,QB,0.122,0.099,0.261
2026,5306457,Hayden Benoit,Grambling,QB,0.035,0.029,0.046
2026,5306510,Zerrick Jones,Grambling,RB,0.055,0.105,0.0
2026,5306630,Kyjuan Taylor,Florida A&M,RB,0.028,0.0,0.048
2026,5306654,Jaquan Mcgee,Texas Southern,WR,0.076,0.0,0.22
2026,5306659,Daylen Wilson,Texas Southern,WR,0.024,0.0,0.054
2026,5307005,Mason McKenzie,Boston College,QB,0.693,0.439,1.0
2026,5308438,Ashton Strother,Southern,QB,0.114,0.0,0.25
2026,5308669,Traveon Green,Incarnate Word,RB,0.02,0.028,0.0
2026,5308878,Zach Stair,Georgia State,WR,0.028,0.0,0.073
2026,5309672,Sylas Maiava-Alaimalo,Air Force,WR,0.027,0.008,0.13
2026,5310001,Paul Summers,Arkansas-Pine Bluff,WR,0.035,0.0,0.083
2026,5310132,Daniel Swinney,Sacramento State,RB,0.129,0.213,0.033
2026,5310992,Barry Kpeenu,North Dakota State,RB,0.036,0.062,0.0
2026,5311304,George Rohl,Minnesota,TE,0.014,0.0,0.031
2026,5320102,Isaiah Pina,Southern,TE,0.045,0.0,0.103
2026,5323149,Dorian Patterson,New Mexico,WR,0.028,0.0,0.074
2026,5325545,Tre Garrison,Oregon State,RB,0.021,0.053,0.009
2026,5326123,Jamal Polite Jr.,Iowa State,WR,0.018,0.0,0.053
2026,5326881,Trysten Laughlin,UTSA,TE,0.014,0.0,0.023
2026,5326902,Jerrod Williams Jr.,Furman,WR,0.016,0.0,0.035
2026,5326947,Bailen George,New Mexico,WR,0.083,0.0,0.261
2026,5327017,Amar'e Johnson,Missouri State,RB,0.089,0.135,0.0
2026,5327140,Niko Castillo,Minnesota,RB,0.055,0.103,0.0
2026,5327235,Solomon Baggett,Arkansas State,RB,0.138,0.205,0.0
2026,5327494,Nakeem Powell,Delaware,RB,0.069,0.179,0.0
2026,5327583,Tavian Dashiell,Massachusetts,WR,0.025,0.0,0.071
2026,5327585,Aedan McCarthy,Massachusetts,QB,0.1,0.0,0.286
2026,5327601,Brandon White,Kent State,RB,0.148,0.242,0.04
2026,5327618,Isaiah Watson,Colorado State,WR,0.014,0.0,0.027
2026,5327659,Trae'shawn Brown,Alabama,RB,0.084,0.131,0.018
2026,5328086,Elijah Holmes,Buffalo,QB,0.464,0.155,0.681
2026,5328488,Luke Dehnicke,Northwestern,TE,0.055,0.0,0.115
2026,5331284,Stone Furrey,South Carolina,WR,0.021,0.0,0.051
2026,5331747,Tyree Holloway,LSU,WR,0.023,0.0,0.044
2026,5332125,Tanner Vibabul,James Madison,QB,0.016,0.0,0.036
2026,5333436,Preston Hatfield,Missouri,RB,0.051,0.091,0.0
2026,5363611,Raymond Liggins III,UConn,WR,0.027,0.0,0.063
2026,5369943,Ejani Shakir,Maryland,WR,0.025,0.0,0.053
2026,5369947,Quayd Hendryx,Minnesota,WR,0.014,0.0,0.031
2026,5371961,Gordon Sellars III,Clemson,WR,0.02,0.0,0.038
2026,5372128,Matt Mayfield,Mississippi State,WR,0.013,0.0,0.024
2026,5375131,Nick Lautar,Ohio State,TE,0.014,0.0,0.026
2026,5378098,Tex Vaughn,NC State,TE,0.042,0.0,0.111
2026,5381375,Gavin Nuckolls,Georgia State,QB,0.042,0.0,0.091
2026,5381512,Jordyn Adams,SMU,WR,0.036,0.0,0.061
2026,5381523,James Lewis,Cincinnati,RB,0.025,0.042,0.0
2026,5381557,Braeden Robinson,Houston,WR,0.015,0.022,0.0
2026,5382524,Andrew Chavez,Fresno State,RB,0.018,0.035,0.0
2026,5382529,Deuce Lawrence,Wake Forest,RB,0.212,0.352,0.063
2026,5382841,LT Robinson,UL Monroe,WR,0.03,0.0,0.077
2026,5382854,CJ Phillip,UL Monroe,RB,0.037,0.051,0.019
2026,5382856,Bryson Roland,UL Monroe,RB,0.224,0.372,0.019
2026,5382857,Trevon Kinchen,UL Monroe,RB,0.028,0.053,0.0
2026,5382869,Marcellus Jackson,UL Monroe,WR,0.112,0.026,0.25
2026,5382898,Landon Varnes,Kennesaw State,QB,0.122,0.043,0.229
2026,5382987,Jaden Miller,Louisiana Tech,RB,0.069,0.127,0.0
2026,5382992,Rayshun Hurt,Louisiana Tech,RB,0.083,0.135,0.0
2026,5383050,Terrence Brown,Middle Tennessee,RB,0.042,0.0,0.068
2026,5383058,Koraun Perdue,Middle Tennessee,TE,0.033,0.0,0.054
2026,5383072,Michael Osei-Bonsu,Missouri State,TE,0.013,0.0,0.038
2026,5384625,Jack Reeves,Kansas,RB,0.026,0.039,0.0
2026,5384681,Derrick Salley Jr.,Kansas State,WR,0.069,0.0,0.185
2026,5384739,Justin Powell,Rice,RB,0.024,0.029,0.0
2026,5384797,Brett Holloway,Sam Houston,QB,0.015,0.038,0.0
2026,5384819,Kedrick Triplett,West Virginia,WR,0.016,0.0,0.083
2026,5384820,Keon Hutchins,West Virginia,WR,0.016,0.0,0.083
2026,5384821,Martavious Boswell,West Virginia,RB,0.127,0.157,0.0
2026,5384823,Armoni Weaver-Bomar,West Virginia,WR,0.036,0.018,0.111
2026,5385726,Tyren Hornes,UCF,WR,0.026,0.0,0.054
2026,5385742,Ace Cooper,Ball State,WR,0.014,0.031,0.0
2026,5385753,Jay Kastantin,Bowling Green,QB,0.483,0.164,0.978
2026,5385754,Marceles Carey,Bowling Green,RB,0.04,0.065,0.0
2026,5387611,Jaylen Andrews,Buffalo,WR,0.078,0.0,0.132
2026,5387612,Clint Walker,Buffalo,TE,0.059,0.0,0.099
2026,5387646,Myles Peters,Central Michigan,TE,0.016,0.0,0.043
2026,5388300,Demonte Greene,Temple,WR,0.016,0.0,0.056
2026,5388310,Ethan Thanthanavong,Kent State,QB,0.02,0.0,0.043
2026,5388331,Curtis Kimmons IV,Massachusetts,RB,0.152,0.212,0.054
2026,5388332,Jabari Lewis,Massachusetts,WR,0.025,0.0,0.071
2026,5388364,Price Davis,Air Force,FB,0.013,0.014,0.0
2026,5388370,Oswaldo Morales,Air Force,RB,0.013,0.014,0.0
2026,5388435,Caleb Heavner,Miami (OH),QB,0.096,0.086,0.094
2026,5388754,Gavin Griffin,Troy,RB,0.187,0.338,0.0
2026,5388765,Bryce Burgess,Troy,RB,0.014,0.026,0.0
2026,5388800,Janerious Jackson,Nevada,RB,0.017,0.024,0.0
2026,5388929,Kelan McInerney,Northern Illinois,WR,0.069,0.0,0.133
2026,5388937,Glen Weber,Northern Illinois,TE,0.024,0.0,0.048
2026,5390023,Jeremiah Nash,UTEP,WR,0.053,0.015,0.116
2026,5390417,Antojuan Woody,Florida Atlantic,WR,0.013,0.0,0.029
2026,5390418,Leonard Farrow,Florida Atlantic,RB,0.116,0.237,0.022
2026,5391236,Kari Ashley,TCU,TE,0.091,0.0,0.194
2026,5391331,Evan Blouir,Navy,QB,0.022,0.028,0.0
2026,5391358,Jacob Williams,Navy,RB,0.063,0.068,0.0
2026,5393157,Journee Tonga,BYU,RB,0.029,0.044,0.0
2026,5393160,Jared Esplin,BYU,WR,0.014,0.0,0.043
2026,5394415,Khamoni Robinson,Toledo,QB,0.105,0.067,0.161
2026,5394557,Ja'Varien Salter,Old Dominion,RB,0.085,0.136,0.0
2026,5394591,Eelijah Singleton,Southern Miss,WR,0.055,0.0,0.129
2026,5394595,Jaylen Himes,Southern Miss,WR,0.041,0.0,0.097
2026,5394596,Steven Robinson,Southern Miss,RB,0.283,0.487,0.048
2026,5397589,Elijah Alexander,Akron,TE,0.064,0.0,0.129
2026,5397590,Gentz Hilburn,Akron,WR,0.071,0.0,0.143
2026,5401457,Kenyon Shabazz,Sacramento State,WR,0.047,0.0,0.064
2026,5401458,Brian Salazar,Sacramento State,QB,0.014,0.0,0.036
2026,5402058,Jerry Harrison,Bucknell,WR,0.055,0.0,0.097
2026,5402083,Tom Arth,Bucknell,TE,0.05,0.0,0.094
2026,5402091,Peyton Way,Colgate,WR,0.013,0.0,0.034
2026,5402097,O'Shea Faison,Colgate,RB,0.102,0.147,0.049
2026,5402098,Caleb Naumann,Colgate,RB,0.06,0.077,0.039
2026,5402131,Crew Colon,Fordham,QB,0.018,0.0,0.0
2026,5402179,Samir Crosby,Georgetown,WR,0.017,0.0,0.037
2026,5402188,Liam Zelman,Holy Cross,QB,0.016,0.045,0.0
2026,5402213,Kameron Vance,Lafayette,WR,0.029,0.017,0.04
2026,5402220,Malachi Gamble,Lafayette,RB,0.073,0.167,0.0
2026,5402231,Drew Watson,Lafayette,WR,0.069,0.0,0.116
2026,5402247,Aidan Mayfield,Lehigh,RB,0.165,0.223,0.027
2026,5402260,Bryce Allen,Richmond,WR,0.094,0.0,0.181
2026,5402290,Nolan DiLucia,Villanova,QB,0.063,0.037,0.088
2026,5402298,Jake Hilton,Villanova,WR,0.077,0.0,0.167
2026,5402312,Brandon Way Jr.,Villanova,RB,0.079,0.185,0.0
2026,5402325,Khylil Johnson,William & Mary,WR,0.067,0.01,0.134
2026,5402328,Patrick Blee,William & Mary,QB,0.038,0.051,0.026
2026,5402331,Luke Vanantwerp,William & Mary,WR,0.045,0.0,0.093
2026,5402348,Jacob Mullins,William & Mary,WR,0.013,0.0,0.027
2026,5402476,TJ Smith,Charleston Southern,WR,0.059,0.0,0.122
2026,5402477,Kordell Lewis,Charleston Southern,WR,0.031,0.0,0.059
2026,5402482,Harry Smalls,Charleston Southern,RB,0.122,0.253,0.0
2026,5402512,Jackson Moseley,Charleston Southern,TE,0.016,0.0,0.03
2026,5402554,Samuel Gonzalez,Eastern Illinois,WR,0.071,0.0,0.169
2026,5402555,Eli Evans,Eastern Illinois,WR,0.029,0.033,0.026
2026,5402564,Tyren Buggs,Eastern Illinois,RB,0.077,0.111,0.039
2026,5402579,Whitten Weems,Eastern Illinois,TE,0.037,0.0,0.082
2026,5402597,Noah Triplett,Lindenwood,RB,0.101,0.171,0.019
2026,5402599,Carter Dowell,Lindenwood,RB,0.018,0.032,0.0
2026,5402628,Demetrius Pearce,Southeast Missouri State,WR,0.028,0.0,0.057
2026,5402635,Tristin Purnell,Southeast Missouri State,WR,0.056,0.01,0.104
2026,5403603,Christian Kramer,Butler,QB,0.013,0.0,0.043
2026,5403609,Spike Woods,Butler,RB,0.067,0.1,0.0
2026,5403611,Jack Linden,Butler,RB,0.08,0.12,0.0
2026,5403613,Sam Manna,Butler,RB,0.094,0.153,0.0
2026,5404620,Riley Warzynski,Drake,QB,0.759,0.283,0.949
2026,5404623,Braylon Wilson,Drake,QB,0.077,0.114,0.067
2026,5404624,Kellen Haverback,Drake,QB,0.011,0.0,0.015
2026,5404629,Marquis Monroe,Drake,RB,0.022,0.095,0.0
2026,5404657,Grayson Myer,Drake,WR,0.05,0.0,0.067
2026,5405039,Tanner Payne,Elon,QB,0.061,0.025,0.1
2026,5405043,Kamerin McDowell-Moore,Elon,RB,0.265,0.398,0.063
2026,5405046,Xavier Spadacini,Elon,RB,0.028,0.044,0.0
2026,5405072,Josiah Payton,Elon,WR,0.015,0.0,0.04
2026,5405077,Tayvion McCoy,Cal Poly,WR,0.13,0.01,0.255
2026,5405103,Jadon Anderson,Cal Poly,WR,0.019,0.01,0.028
2026,5405108,Sean Byrd,Rhode Island,WR,0.015,0.0,0.036
2026,5405186,Kae'Andre Sayles,UT Rio Grande Valley,WR,0.012,0.0,0.028
2026,5405194,An'Tiyan Neal,Stonehill,WR,0.027,0.0,0.061
2026,5405195,Jaylin Baker,Stonehill,WR,0.057,0.0,0.124
2026,5405196,Rayshaun King,Stonehill,RB,0.036,0.088,0.0
2026,5405239,Kendrick Agenor,Bryant,RB,0.132,0.204,0.039
2026,5405241,Jordan Bennett,Bryant,RB,0.116,0.185,0.026
2026,5405271,Jaxon Bell,Eastern Washington,RB,0.055,0.106,0.017
2026,5405290,Will McKissick,Eastern Washington,TE,0.027,0.0,0.05
2026,5405293,Oliver Luebkert,Eastern Washington,WR,0.057,0.0,0.1
2026,5405301,Deontae Williams,Delaware State,WR,0.026,0.024,0.029
2026,5405328,Daniel Smith,Delaware State,TE,0.022,0.0,0.044
2026,5405351,Jayden White,North Carolina A&T,WR,0.054,0.0,0.089
2026,5405369,Chaz Portis,Hampton,WR,0.064,0.01,0.129
2026,5405370,Amari Pryear,Hampton,RB,0.106,0.188,0.024
2026,5405431,Corey Rideout,Maine,WR,0.041,0.017,0.066
2026,5405435,Keyon Concepcion,Maine,WR,0.055,0.0,0.112
2026,5405446,Aidan Winter,Maine,RB,0.049,0.115,0.0
2026,5405455,Major Leak,Maine,WR,0.033,0.0,0.066
2026,5405465,Chandler Coe,Campbell,TE,0.015,0.0,0.025
2026,5405469,Khalil Price,Campbell,WR,0.015,0.0,0.025
2026,5405473,Jon Gullette,Campbell,RB,0.112,0.122,0.109
2026,5405477,Taeshon Martin,Campbell,RB,0.149,0.348,0.05
2026,5405498,Christian Campbell,Campbell,WR,0.03,0.0,0.05
2026,5405499,Aaryn Tate,Campbell,WR,0.032,0.0,0.057
2026,5405516,Damonte Bias,Idaho,RB,0.09,0.167,0.02
2026,5405522,Kenny Golston,Idaho,RB,0.036,0.079,0.0
2026,5405525,Ferrari Miller,Idaho,RB,0.13,0.229,0.04
2026,5405544,Derrick Miller,Howard,WR,0.026,0.0,0.054
2026,5405547,Naseem Pacheco,Howard,WR,0.02,0.0,0.042
2026,5405549,Jadarian Collins,Howard,WR,0.02,0.0,0.042
2026,5405550,Ryan Umphrey,Howard,QB,0.013,0.0,0.026
2026,5405591,Lawson Dixon,SE Louisiana,WR,0.067,0.0,0.164
2026,5405601,Desmen Jefferson,SE Louisiana,WR,0.034,0.0,0.087
2026,5405607,Issac Mooring III,SE Louisiana,QB,0.016,0.0,0.037
2026,5405627,Ethan Holbrook,Mercyhurst,WR,0.03,0.014,0.043
2026,5405660,Kenny Smith Jr,Monmouth,RB,0.236,0.451,0.081
2026,5405662,Christian Harrison,Monmouth,WR,0.041,0.0,0.073
2026,5405672,Frankie Tackett Jr,Monmouth,WR,0.011,0.0,0.022
2026,5405703,Eli Aragon-Cruz,Idaho State,WR,0.108,0.0,0.2
2026,5405704,Jimmy Trilla,Idaho State,WR,0.064,0.0,0.113
2026,5405721,Owen Tomich,Idaho State,WR,0.018,0.0,0.031
2026,5405732,Quentin Skillings,Illinois State,RB,0.052,0.097,0.0
2026,5405734,Albert Gooden III,Illinois State,RB,0.034,0.065,0.0
2026,5405735,Anthony Hall,Illinois State,RB,0.024,0.045,0.0
2026,5405751,Ty Carlson,New Hampshire,WR,0.065,0.0,0.128
2026,5405779,Carter Dahlke,Montana State,WR,0.036,0.01,0.067
2026,5405788,Breck Reed,Montana State,WR,0.014,0.0,0.026
2026,5405824,Frenchmon Bethea,Stony Brook,WR,0.033,0.0,0.058
2026,5405828,Dillon Mohammed,Robert Morris,QB,0.015,0.029,0.0
2026,5405829,Kendric Thomas,Robert Morris,RB,0.043,0.078,0.011
2026,5405830,Isaac Matthews IV,Robert Morris,WR,0.02,0.05,0.0
2026,5405854,Tyreke Jinks,Robert Morris,TE,0.033,0.0,0.069
2026,5405857,J'Kharri Thomas,Robert Morris,RB,0.209,0.406,0.032
2026,5405880,Sage Ingram,Northwestern State,RB,0.124,0.194,0.022
2026,5405895,Darius Haskin,Northern Arizona,WR,0.017,0.0,0.033
2026,5405896,Donivan Dixon,Northern Arizona,QB,0.113,0.063,0.143
2026,5405898,Lindsey Graves,Northern Arizona,RB,0.016,0.026,0.0
2026,5405929,Jashaun Amin,Towson,WR,0.052,0.0,0.106
2026,5405930,Xavier Pugh,Towson,RB,0.099,0.167,0.047
2026,5405931,Jacob Davis,Towson,QB,0.076,0.077,0.082
2026,5405933,Mason Cunningham,Towson,WR,0.019,0.0,0.033
2026,5405957,Xavier Colbert,Towson,TE,0.024,0.0,0.045
2026,5406177,Lynn Wyche-El,Youngstown State,WR,0.133,0.041,0.223
2026,5406179,Bryan Hunt,Youngstown State,WR,0.054,0.0,0.107
2026,5406181,Connor Smith,Youngstown State,WR,0.014,0.0,0.032
2026,5406185,Zion Neal,Youngstown State,WR,0.029,0.026,0.032
2026,5406213,Cross Watson,Morehead State,WR,0.036,0.0,0.072
2026,5406215,Blake Fisher,Morehead State,RB,0.053,0.097,0.0
2026,5406216,Kris Lloyd,Morehead State,RB,0.06,0.103,0.0
2026,5406223,Will Richardson,Morehead State,TE,0.015,0.0,0.038
2026,5406240,Mak Hoover,Morehead State,WR,0.031,0.0,0.073
2026,5406242,Delano Collins,Morehead State,WR,0.016,0.0,0.034
2026,5406244,Gabe Linkous,Morehead State,WR,0.023,0.0,0.045
2026,5406698,Adrian Cormier,Gardner-Webb,RB,0.141,0.26,0.085
2026,5407532,Amari Mcarthur,Tennessee Tech,WR,0.026,0.0,0.052
2026,5408456,Ashton Schumann,Chattanooga,WR,0.115,0.0,0.304
2026,5410232,Brevin Caldwell,Norfolk State,WR,0.061,0.0,0.145
2026,5410662,Bryce Marcus,Gardner-Webb,WR,0.013,0.0,0.019
2026,5412011,Caysen Lanza,Tennessee Tech,TE,0.013,0.0,0.027
2026,5412019,Cedric Benning Iii,Valparaiso,RB,0.086,0.182,0.029
2026,5413484,Connor Ackerley,Furman,QB,0.061,0.041,0.091
2026,5414138,Daedae Allen,Arkansas-Pine Bluff,WR,0.019,0.0,0.04
2026,5414268,Damari Heller,Presbyterian,WR,0.011,0.0,0.02
2026,5414450,Daniel Growney,UAlbany,WR,0.022,0.012,0.04
2026,5414542,Daniel White,Valparaiso,WR,0.059,0.0,0.123
2026,5414672,Darius Bailey,Portland State,WR,0.033,0.0,0.056
2026,5414870,David Hargro,Western Illinois,TE,0.054,0.0,0.122
2026,5414973,Davin Driskell,Lamar,TE,0.075,0.011,0.148
2026,5415903,Dominic Haney,Gardner-Webb,WR,0.013,0.0,0.019
2026,5416075,Donovyn Omolo,Central Arkansas,QB,0.524,0.261,0.946
2026,5417142,Eric Rasheed,Mercer,WR,0.087,0.019,0.174
2026,5418598,Greg Donaldson,Nicholls,WR,0.04,0.0,0.091
2026,5419455,Isaac Tran,Valparaiso,WR,0.017,0.0,0.035
2026,5419632,Isaiah Simmons,Marist,RB,0.156,0.261,0.057
2026,5419701,Israel Hiraldo,Western Illinois,WR,0.039,0.016,0.062
2026,5421621,Jamauri Knox,Norfolk State,WR,0.026,0.0,0.06
2026,5421924,Jareese Howard,Alabama State,RB,0.121,0.16,0.063
2026,5422379,Jayden Hibbler,Incarnate Word,RB,0.115,0.237,0.036
2026,5423820,Jordan Barnett,Morgan State,RB,0.144,0.304,0.013
2026,5425111,Kaeden Smith,Prairie View A&M,QB,0.09,0.05,0.126
2026,5426001,Kevin Lalin,Chattanooga,RB,0.366,0.541,0.116
2026,5426067,Keyon Butler,Incarnate Word,RB,0.031,0.079,0.0
2026,5426162,Khristian Means,East Tennessee State,TE,0.016,0.0,0.034
2026,5429996,Mordecai Ford,St. Thomas (MN),RB,0.124,0.16,0.092
2026,5431301,Olando Kamara,The Citadel,RB,0.041,0.068,0.0
2026,5434670,Tj Ramsey,Alabama State,RB,0.052,0.047,0.063
2026,5435768,Trevon Kemmerlin,Jackson State,WR,0.028,0.0,0.075
2026,5436002,Tristan Stitt,North Carolina Central,WR,0.051,0.0,0.13
2026,5437807,Zach Phipps,Incarnate Word,WR,0.063,0.0,0.109
2026,5437957,Zahmari Palode-Gary,Mercer,RB,0.154,0.279,0.012
2026,5438084,Zayvion Turner-Knox,Prairie View A&M,RB,0.048,0.063,0.039
2026,5438540,Attawan Mays,Robert Morris,WR,0.017,0.0,0.033
2026,5438546,Mykel Allen,Murray State,RB,0.212,0.367,0.074
2026,5438586,Trenton Walker,Murray State,WR,0.028,0.0,0.065
2026,5438595,Justus Murray Jr,UAlbany,WR,0.069,0.0,0.116
2026,5438626,Jacob Kania,Western Illinois,WR,0.059,0.0,0.133
2026,5438627,Gage Sturgill,Western Illinois,QB,0.013,0.02,0.0
2026,5438628,Xavier Coleman,Western Illinois,WR,0.031,0.0,0.062
2026,5438631,Cornell Conely,Western Illinois,WR,0.016,0.026,0.0
2026,5438683,Nathan Gray,Long Island University,RB,0.19,0.309,0.042
2026,5438702,Daveon Daniels,Long Island University,WR,0.018,0.0,0.038
2026,5438704,Gianni Marino,Long Island University,TE,0.026,0.0,0.065
2026,5438897,Christian Monfort,West Georgia,RB,0.056,0.125,0.011
2026,5438935,Brendan Ravin,Davidson,WR,0.026,0.0,0.043
2026,5438965,Makhia Sherrard,UT Martin,WR,0.055,0.019,0.11
2026,5438970,Jaydon Peete,UT Martin,RB,0.057,0.096,0.017
2026,5439022,Boobie Leavell,Chattanooga,WR,0.014,0.0,0.045
2026,5439149,Tyler Dudden,Central Arkansas,QB,0.063,0.044,0.118
2026,5439150,Que Tillman,Central Arkansas,TE,0.022,0.022,0.024
2026,5439154,Tremayne Harris Jr.,Central Arkansas,RB,0.032,0.044,0.0
2026,5439155,Enoch Assan,Central Arkansas,RB,0.048,0.067,0.0
2026,5439243,Jamaal Hall II,Houston Christian,WR,0.056,0.0,0.161
2026,5439249,Hayden Drinkard,Houston Christian,RB,0.214,0.324,0.0
2026,5439261,Nehemiah Jordan,Houston Christian,WR,0.017,0.0,0.045
2026,5439262,TJ Burch,Houston Christian,WR,0.017,0.0,0.04
2026,5439307,Chase Richardson,Nicholls,QB,0.143,0.105,0.19
2026,5439315,Keven Williams,Nicholls,RB,0.049,0.077,0.0
2026,5439345,Dezmond Ray,Mississippi Valley State,RB,0.142,0.226,0.043
2026,5439351,Christian Bond,Mississippi Valley State,WR,0.058,0.0,0.14
2026,5439371,Nicholas Buggs,Mississippi Valley State,WR,0.041,0.011,0.087
2026,5439372,Montrell Conner,Mississippi Valley State,WR,0.034,0.0,0.083
2026,5439373,Jaylen King,Mississippi Valley State,TE,0.083,0.0,0.203
2026,5439441,Da'Jean Golmond,Norfolk State,QB,0.111,0.056,0.18
2026,5439443,Ty Jackson,Norfolk State,QB,0.059,0.056,0.066
2026,5439445,Da'Sean Golmond,Norfolk State,WR,0.022,0.0,0.049
2026,5439447,Kameron Casnave,Norfolk State,RB,0.052,0.097,0.0
2026,5439484,Kaeden Gilstrap,Wofford,QB,0.018,0.0,0.037
2026,5439505,Nate Dahle,Weber State,QB,0.692,0.254,0.968
2026,5439508,Jasean Mayberry,Weber State,WR,0.064,0.0,0.105
2026,5439516,Seth Rigtrup,Weber State,RB,0.074,0.121,0.041
2026,5439519,Semisi Kinikini,Weber State,RB,0.025,0.074,0.0
2026,5439556,La'akea Kalama,Weber State,WR,0.013,0.0,0.021
2026,5439558,Porter Hadley,Weber State,WR,0.013,0.0,0.02
2026,5439618,Decedric Stokes,Northern Colorado,WR,0.014,0.0,0.025
2026,5439625,Caleb Johnson,Presbyterian,WR,0.094,0.0,0.186
2026,5439630,Jayden Torres,Presbyterian,QB,0.059,0.05,0.07
2026,5439632,Anton Smith,Presbyterian,WR,0.071,0.063,0.081
2026,5439635,Brice Johnson,Presbyterian,WR,0.1,0.025,0.174
2026,5439636,Khamari Marceus,Presbyterian,WR,0.011,0.0,0.02
2026,5439638,Jackson Burleson,Presbyterian,RB,0.118,0.213,0.035
2026,5439640,Tony O'Banner,Presbyterian,RB,0.04,0.054,0.027
2026,5439645,Tyree Pearson,Presbyterian,RB,0.053,0.054,0.054
2026,5439684,Ricky Guillory,Presbyterian,WR,0.027,0.0,0.054
2026,5439688,Ethan Medley,Presbyterian,TE,0.032,0.0,0.061
2026,5439689,Sean McNamara,Presbyterian,TE,0.011,0.0,0.02
2026,5439696,Gage Armbruster,West Florida,WR,0.03,0.0,0.087
2026,5439734,Jalile Bost,Gardner-Webb,WR,0.066,0.0,0.106
2026,5439814,Kelvin Perkins III,Austin Peay,QB,0.102,0.182,0.0
2026,5439818,Ni'Kel Lewis,Austin Peay,RB,0.102,0.152,0.043
2026,5439833,Isaac Kareem-Maman,Austin Peay,WR,0.017,0.0,0.043
2026,5439834,Xzavier Webber,Austin Peay,WR,0.034,0.0,0.087
2026,5439848,Drew Parrott,VMI,RB,0.016,0.02,0.0
2026,5439849,Jace Ballard,VMI,RB,0.018,0.0,0.063
2026,5439850,Trevin Simon,VMI,RB,0.05,0.067,0.0
2026,5439853,Adin Watters,VMI,RB,0.018,0.0,0.063
2026,5439887,Russell Tye,Valparaiso,RB,0.05,0.098,0.0
2026,5439920,Marquez Spells,Morgan State,RB,0.047,0.045,0.056
2026,5439926,James Davis III,Morgan State,TE,0.034,0.0,0.059
2026,5439927,Jaylen Burke,Morgan State,RB,0.034,0.083,0.0
2026,5439929,Chase Belin,Morgan State,RB,0.017,0.042,0.0
2026,5439937,Nick Williams,Morgan State,TE,0.018,0.0,0.033
2026,5439949,Elijah Stevenson,Morgan State,TE,0.027,0.0,0.05
2026,5439957,Lantavious Murphy,Grambling,WR,0.025,0.0,0.057
2026,5439961,Schuylar Turnbull,Grambling,QB,0.019,0.038,0.0
2026,5439964,Christopher Davis,Grambling,WR,0.019,0.0,0.038
2026,5440041,Malachi Casey,Lamar,WR,0.031,0.0,0.063
2026,5440055,Abraham Munguia,Lamar,WR,0.015,0.03,0.0
2026,5440070,Gino Addison,North Carolina Central,RB,0.145,0.195,0.053
2026,5440073,Jaylen Moore,North Carolina Central,RB,0.065,0.098,0.0
2026,5440664,Shaun Jackson,New Haven,RB,0.077,0.151,0.01
2026,5440710,Jaire Lewis,Wagner,RB,0.017,0.05,0.0
2026,5440714,Shawn James,Wagner,RB,0.127,0.15,0.115
2026,5440772,Develle Barksdale,Chicago State,WR,0.075,0.012,0.126
2026,5440773,DeArmond Mathews,Chicago State,WR,0.025,0.0,0.045
2026,5440778,Kaymen Coleman,Chicago State,WR,0.02,0.0,0.036
2026,5440790,Calvin Lee,Chicago State,RB,0.06,0.07,0.054
2026,5441133,Brenton Paul,Tennessee State,RB,0.149,0.303,0.036
2026,5441134,Jaden Jones,Tennessee State,WR,0.014,0.0,0.024
2026,5441141,Jerimiah Treadaway,Tennessee State,RB,0.037,0.066,0.014
2026,5441159,Daion Gaston,Tennessee State,WR,0.03,0.0,0.057
2026,5441193,Patrick Harding,Western Carolina,QB,0.034,0.0,0.056
2026,5441194,Joshua Balloon,Western Carolina,RB,0.017,0.0,0.028
2026,5441219,Mac Armstrong,Alabama A&M,QB,0.023,0.016,0.031
2026,5441221,Julius Robinson,Alabama A&M,WR,0.015,0.0,0.025
2026,5441225,Imari Conely,Alabama A&M,WR,0.018,0.0,0.026
2026,5441226,Byron Perrilliat,Alabama A&M,RB,0.048,0.103,0.01
2026,5441252,Kel Calixte,Mercer,WR,0.019,0.0,0.048
2026,5441258,Devon Caldwell,Mercer,RB,0.108,0.183,0.023
2026,5441260,McCord Purdy,Mercer,WR,0.037,0.0,0.095
2026,5441290,Jaden Lockhart,Jackson State,WR,0.042,0.0,0.113
2026,5441291,Tyler Arrington,Jackson State,RB,0.063,0.1,0.0
2026,5441294,Zalan Bennett,Jackson State,RB,0.089,0.14,0.0
2026,5441295,Jartavious Smart,Jackson State,WR,0.063,0.1,0.0
2026,5441315,Devon Anderson,Portland State,WR,0.077,0.048,0.103
2026,5441316,Jason Robinson Jr.,Portland State,WR,0.067,0.0,0.111
2026,5441318,Zui Shelton,Portland State,WR,0.029,0.037,0.025
2026,5441326,Niall Raby,Portland State,RB,0.063,0.133,0.008
2026,5441351,Tyson Hunt,Portland State,TE,0.02,0.0,0.033
2026,5441396,Aaron Frye,Alabama State,QB,0.07,0.071,0.071
2026,5441398,Keegan Anderson,Alabama State,QB,0.019,0.0,0.063
2026,5441413,John Austin,Alabama State,WR,0.035,0.0,0.095
2026,5441414,Daionte Hicks,Alabama State,WR,0.017,0.0,0.048
2026,5441426,Cayden Aukerman,Samford,WR,0.084,0.0,0.135
2026,5441429,Kevonte Corbin,Samford,WR,0.079,0.0,0.127
2026,5441436,Marquise Henderson,Samford,WR,0.101,0.024,0.146
2026,5441443,Bryon Martin,Samford,WR,0.039,0.0,0.057
2026,5441449,Will Shields,Samford,QB,0.013,0.0,0.019
2026,5441452,Jackson Stevens,Southern Utah,QB,0.015,0.0,0.04
2026,5441508,Josh Buckhalter,East Tennessee State,WR,0.034,0.0,0.087
2026,5441596,Jackson Fay,UC Davis,WR,0.016,0.0,0.026
2026,5441599,Coby Herman,UC Davis,RB,0.047,0.087,0.026
2026,5441620,Romelo Boykin,Abilene Christian,WR,0.09,0.0,0.162
2026,5441652,Nolan Chambers,Alcorn State,WR,0.032,0.0,0.07
2026,5441654,Joshua Tate,Alcorn State,RB,0.099,0.174,0.018
2026,5441658,Anthony Morgan,Alcorn State,RB,0.029,0.059,0.0
2026,5441674,Noel Butler,Alcorn State,WR,0.014,0.0,0.029
2026,5441684,Junior Curtis,Utah Tech,RB,0.017,0.042,0.0
2026,5441693,Isaac McMullin,Utah Tech,WR,0.022,0.0,0.04
2026,5441729,Zay Morris,Utah Tech,WR,0.056,0.0,0.106
2026,5441738,Trevor Haman,McNeese,WR,0.015,0.0,0.032
2026,5441766,Caleb Crenshaw,Stephen F. Austin,RB,0.076,0.109,0.032
2026,5441783,Anthony Colon,Stephen F. Austin,WR,0.02,0.0,0.048
2026,5441784,Sean Carter,Stephen F. Austin,WR,0.033,0.0,0.078
2026,5441850,Jalen Williams,Arkansas-Pine Bluff,RB,0.085,0.121,0.044
2026,5441857,Beau Bruins,Arkansas-Pine Bluff,RB,0.019,0.0,0.04
2026,5441874,David Brewer IV,Arkansas-Pine Bluff,WR,0.025,0.0,0.058
2026,5441875,Owen Colpeart,Arkansas-Pine Bluff,TE,0.015,0.0,0.037
2026,5441876,Troyce Grimsley,Arkansas-Pine Bluff,WR,0.019,0.036,0.0
2026,5441890,Chaney Fitzgerald,Prairie View A&M,WR,0.048,0.0,0.087
2026,5441891,Ky'Yon Harris,Prairie View A&M,RB,0.059,0.1,0.029
2026,5441948,Quay Middlebrooks,East Texas A&M,RB,0.151,0.26,0.036
2026,5441950,Micah Simpson,East Texas A&M,WR,0.108,0.021,0.214
2026,5441952,Tyler Stewart,East Texas A&M,WR,0.034,0.0,0.067
2026,5441957,Luke Glass,East Texas A&M,QB,0.015,0.0,0.042
2026,5442039,Maliek Denmark,Florida A&M,WR,0.041,0.0,0.078
2026,5442040,Armond Parker,Florida A&M,QB,0.149,0.0,0.25
2026,5442045,Jaquan Lee,Florida A&M,WR,0.098,0.0,0.194
2026,5442088,Jayden Reed,Indiana State,WR,0.077,0.012,0.135
2026,5442122,Landon Farco,Stetson,WR,0.064,0.0,0.129
2026,5442123,James Penley,Stetson,WR,0.062,0.0,0.136
2026,5442132,Ollie Howell,Stetson,RB,0.033,0.057,0.0
2026,5442169,Tanner Schmidt,Tarleton State,WR,0.075,0.0,0.147
2026,5442196,Champ Davis,Southern,RB,0.015,0.0,0.034
2026,5442201,Wyatt McCauley,Southern,QB,0.068,0.0,0.15
2026,5442202,Christian Johnson,Southern,QB,0.467,0.177,0.87
2026,5442207,Damien Henderson Jr.,Southern,WR,0.045,0.0,0.102
2026,5442214,Macario Dade Jr.,Southern,RB,0.045,0.045,0.05
2026,5442237,Floyd Jones,Southern,WR,0.091,0.0,0.2
2026,5442249,Gabriel Wiggins,Central Connecticut,RB,0.047,0.0,0.092
2026,5442380,Nick Gentilella,Sacred Heart,WR,0.028,0.0,0.077
2026,5442382,Poochie Snyder,Sacred Heart,QB,0.415,0.209,0.804
2026,5442389,Darius Chukwuemeka,Sacred Heart,RB,0.056,0.07,0.039
2026,5442410,JaKobe McKinnie,Mississippi Valley State,RB,0.029,0.053,0.0
2026,5442915,Cyrus Courtney,Northern Iowa,WR,0.023,0.0,0.054
2026,5442917,Caleb Kamara,Northern Iowa,RB,0.06,0.095,0.0
2026,5442944,Dewey Byrd,Duquesne,WR,0.022,0.0,0.045
2026,5442948,Drew Cook,Duquesne,WR,0.029,0.0,0.063
2026,5442974,Zamar Reese,San Diego,RB,0.078,0.128,0.017
2026,5442999,Luke Morgan,San Diego,WR,0.014,0.0,0.036
2026,5443047,Isaiah Daniel,Bethune-Cookman,RB,0.168,0.257,0.038
2026,5443071,Torre Costin,Bethune-Cookman,WR,0.014,0.0,0.033
2026,5443341,Troy Hillman,South Carolina State,WR,0.03,0.0,0.086
2026,5443342,Ronnie Robinson,South Carolina State,QB,0.158,0.094,0.286
2026,5443343,Nicolas Brown,South Carolina State,TE,0.014,0.0,0.037
2026,5443345,Malaqhi Jones,South Carolina State,WR,0.059,0.008,0.157
2026,5443348,Eric Paul Jr.,South Carolina State,WR,0.014,0.0,0.042
2026,5443351,Ricorian Brown,South Carolina State,RB,0.07,0.114,0.0
2026,5446579,James Lee,Arkansas State,RB,0.034,0.046,0.02
2026,5446698,Jaivyn Moore,Colorado State,WR,0.015,0.0,0.029
2026,5446708,Daven Amos,Colorado State,WR,0.014,0.0,0.027
2026,5446770,Nick Peal,Georgia,RB,0.145,0.265,0.0
2026,239093,Jeff Logan,Central Connecticut,RB,0.032,0.083,0.0
2026,518623,Isaiah Jones,Maine,TE,0.016,0.038,0.0
2026,1967653,Brian Green Jr.,Gardner-Webb,WR,0.056,0.0,0.08
2026,3116099,Monte Harrison,Arkansas,WR,0.051,0.0,0.075
2026,3149911,Jordan Jackson,Arkansas-Pine Bluff,WR,0.082,0.0,0.194
2026,3949586,Jake Taylor,Duke,TE,0.037,0.0,0.104
2026,4241676,Kordell Rodgers,Texas Southern,TE,0.034,0.0,0.09
2026,4244849,Marcel Williams,Akron,WR,0.071,0.015,0.129
2026,4258419,Hunter Smith,Temple,RB,0.083,0.12,0.024
2026,4379471,Tyler Brown,Clemson,WR,0.055,0.0,0.113
2026,4429804,Jimmy Calloway,Tulsa,WR,0.121,0.015,0.25
2026,4430827,Troy Omeire,New Mexico,WR,0.042,0.0,0.13
2026,4431484,Jay Wilkerson,Louisiana Tech,WR,0.017,0.0,0.048
2026,4431516,Brandon Buckhaulter,UL Monroe,WR,0.037,0.013,0.077
2026,4431527,Derrick Davis Jr.,Western Carolina,RB,0.082,0.143,0.06
2026,4431633,Will Crowder,Troy,QB,0.468,0.13,0.965
2026,4431647,Chauncey Magwood,Purdue,WR,0.057,0.013,0.1
2026,4431976,Dustin Fletcher,Florida A&M,QB,0.249,0.145,0.344
2026,4432236,DaJon Harrison,Utah Tech,WR,0.038,0.0,0.07
2026,4432404,Jamall Mensah,Rhode Island,WR,0.047,0.0,0.098
2026,4432534,Tyree Saunders,North Carolina Central,WR,0.022,0.0,0.053
2026,4432669,Joshua Burrell,Arkansas State,TE,0.017,0.0,0.041
2026,4432691,Carlos Del Rio-Wilson,Marshall,QB,0.036,0.083,0.0
2026,4432703,Jake Garcia,Furman,QB,0.535,0.226,0.94
2026,4432727,Solomon Lewis,McNeese,WR,0.052,0.0,0.108
2026,4432757,Evan Pryor,Florida,RB,0.032,0.033,0.032
2026,4432774,Ty Thompson,Tulane,TE,0.037,0.0,0.075
2026,4433829,Mitch Griffis,East Carolina,QB,0.596,0.226,0.933
2026,4433968,Byron Cardwell,Mercyhurst,RB,0.125,0.261,0.032
2026,4461429,Elijah Caldwell,Eastern Kentucky,WR,0.085,0.01,0.19
2026,4463590,Caleb Anderson,Alcorn State,TE,0.033,0.0,0.095
2026,4522107,Daveon Walker,Texas Southern,WR,0.021,0.012,0.036
2026,4565355,Dexter Williams II,Tulsa,QB,0.054,0.029,0.081
2026,4568237,Matt Smith,Sam Houston,TE,0.022,0.0,0.034
2026,4568411,Cornelious Brown,Alabama A&M,QB,0.575,0.077,0.971
2026,4569262,Alex Honig,Northwestern,TE,0.055,0.0,0.115
2026,4571205,Talmage Brown,Southern Utah,RB,0.03,0.026,0.04
2026,4581420,Lonyatta Alexander,Idaho,WR,0.093,0.016,0.16
2026,4592532,Billy Edwards,North Carolina,QB,0.496,0.094,0.895
2026,4596437,AJ Green,Western Michigan,RB,0.017,0.032,0.0
2026,4597499,Mikey Keene,Arizona State,QB,0.099,0.0,0.194
2026,4601283,Trevion Cooley,Washington,RB,0.092,0.186,0.026
2026,4602644,Brendon Barrow,Rhode Island,RB,0.249,0.392,0.109
2026,4602895,Makai Cope,Missouri State,WR,0.024,0.0,0.059
2026,4602923,Jaylen Henderson,Liberty,QB,0.059,0.051,0.074
2026,4603185,Markus Allen,Middle Tennessee,WR,0.042,0.0,0.068
2026,4606658,Samari Collier,Delaware State,QB,0.092,0.143,0.029
2026,4606685,Logan Mauldin,Charlotte,TE,0.026,0.0,0.048
2026,4608801,Nae'Saan Dickerson,Grambling,WR,0.07,0.0,0.161
2026,4608922,Braydon Bennett,Eastern Michigan,RB,0.12,0.273,0.018
2026,4612624,Antwan Roberts,Arizona,RB,0.054,0.121,0.0
2026,4613112,Terence Loville,Portland State,WR,0.134,0.011,0.228
2026,4613165,Demick Starling,Utah State,WR,0.034,0.0,0.066
2026,4618083,Ethan Hampton,Southern Miss,QB,0.386,0.064,0.806
2026,4680018,Alton McCaskill,Sam Houston,RB,0.274,0.565,0.125
2026,4680024,Da'Wain Lofton,Delaware,WR,0.064,0.0,0.114
2026,4683136,Tae'Shaun Johnson,Gardner-Webb,WR,0.013,0.0,0.019
2026,4683210,Brady Hunt,South Carolina,TE,0.035,0.0,0.085
2026,4683306,Landon Morris,Wake Forest,TE,0.044,0.0,0.086
2026,4683417,Miles Campbell,UTSA,TE,0.022,0.0,0.042
2026,4683466,Jamir Roberts,Incarnate Word,WR,0.031,0.0,0.055
2026,4683543,RJ Garcia II,Florida Atlantic,WR,0.013,0.0,0.029
2026,4683665,Zuberi Mobley,Bethune-Cookman,RB,0.145,0.158,0.136
2026,4683719,Jaden Bray,West Virginia,WR,0.043,0.009,0.185
2026,4683911,Damir Abdullah,The Citadel,WR,0.057,0.0,0.218
2026,4683912,Hunter Herring,Auburn,TE,0.012,0.0,0.029
2026,4684061,T.J. Lockley,West Georgia,WR,0.105,0.0,0.183
2026,4684279,Charlie Browder,East Tennessee State,TE,0.059,0.01,0.113
2026,4684502,Justin Lamson,Montana State,QB,0.464,0.139,0.856
2026,4685157,Blake Smith,Texas State,TE,0.033,0.011,0.07
2026,4685237,Michael Allen,East Carolina,RB,0.114,0.189,0.05
2026,4685252,Henry Belin IV,Missouri State,QB,0.063,0.019,0.154
2026,4685254,Jabari Bates,San José State,RB,0.296,0.549,0.065
2026,4685268,Raleek Brown,Texas,RB,0.189,0.293,0.085
2026,4685269,Jovantae Barnes,Kentucky,RB,0.06,0.103,0.029
2026,4685274,Janiran Bonner,Nebraska,WR,0.014,0.0,0.029
2026,4685283,Kaleb Brown,UAB,WR,0.076,0.022,0.156
2026,4685286,Kareem Burke,Alcorn State,WR,0.025,0.013,0.038
2026,4685289,Keyan Burnett,UNLV,TE,0.064,0.0,0.144
2026,4685290,Tychaun Chapman,Memphis,WR,0.062,0.01,0.145
2026,4685291,Jacurri Brown,Rice,QB,0.357,0.272,0.783
2026,4685293,Trevonte' Citizen,McNeese,RB,0.071,0.124,0.027
2026,4685297,Darrius Clemons,Washington State,WR,0.101,0.0,0.212
2026,4685311,Jayden Denegal,San Diego State,QB,0.306,0.013,0.854
2026,4685334,A.J. Duffy,New Haven,QB,0.513,0.108,0.938
2026,4685342,Cristian Driver,Abilene Christian,WR,0.169,0.0,0.305
2026,4685345,JC French,Cincinnati,QB,0.366,0.152,0.809
2026,4685356,Greg Gaines III,Florida International,WR,0.032,0.0,0.056
2026,4685358,Kevin Green Jr.,Rhode Island,WR,0.015,0.0,0.034
2026,4685366,Benji Gosnell,Virginia Tech,TE,0.045,0.0,0.085
2026,4685374,Rodney Hill,Savannah State,RB,0.207,0.308,0.0
2026,4685383,Isaiah Horton,Texas A&M,WR,0.099,0.012,0.215
2026,4685393,Preston Howard,Maryland,TE,0.032,0.0,0.063
2026,4685396,Anthony Ivey,San José State,WR,0.028,0.0,0.056
2026,4685398,Michael Hodge,Tarleton State,WR,0.028,0.0,0.052
2026,4685401,Josh Hoover,Indiana,QB,0.269,0.027,0.844
2026,4685414,Jake Johnson,Auburn,TE,0.067,0.0,0.128
2026,4685418,Tavorus Jones,UTEP,RB,0.219,0.313,0.093
2026,4685436,Antonio Martin,Middle Tennessee,RB,0.033,0.0,0.054
2026,4685440,Kyle Lowe,SE Louisiana,QB,0.506,0.157,0.986
2026,4685445,Rayshon Luke,Fresno State,RB,0.155,0.175,0.152
2026,4685450,Hassan Mahasin,Georgetown,WR,0.086,0.074,0.111
2026,4685454,Jayden Maiava,USC,QB,0.407,0.059,0.847
2026,4685464,Tyler Morris,Indiana,WR,0.056,0.0,0.188
2026,4685490,Devaughn Mortimer,Stephen F. Austin,WR,0.074,0.0,0.169
2026,4685492,Jack Pedersen,Washington State,TE,0.055,0.0,0.115
2026,4685494,George Pettaway,James Madison,RB,0.239,0.391,0.043
2026,4685495,Alex Orji,UNLV,QB,0.041,0.035,0.041
2026,4685509,Gi'Bran Payne,Cincinnati,RB,0.176,0.261,0.021
2026,4685516,Shazz Preston,Indiana,WR,0.019,0.0,0.063
2026,4685517,Talyn Shettron,Louisiana Tech,WR,0.034,0.016,0.06
2026,4685521,Garret Rangel,UT Rio Grande Valley,QB,0.352,0.082,0.591
2026,4685535,C.J. Stokes,Furman,RB,0.121,0.208,0.024
2026,4685545,Gavin Sawchuk,Northwestern,RB,0.145,0.286,0.0
2026,4685565,Evan Stewart,Oregon,WR,0.152,0.02,0.25
2026,4685574,Conner Weigman,Houston,QB,0.374,0.106,0.843
2026,4685578,Gunner Stockton,Georgia,QB,0.268,0.016,0.552
2026,4685594,Dakota Twitty,Virginia,TE,0.015,0.0,0.056
2026,4685691,Brady Allen,Indiana State,QB,0.125,0.048,0.2
2026,4685694,Steven Angeli,Syracuse,QB,0.503,0.041,0.908
2026,4685696,Beau Pribula,Virginia,QB,0.311,0.161,0.722
2026,4685697,Zion Turner,Marshall,QB,0.119,0.032,0.212
2026,4685698,Destin Wade,North Alabama,QB,0.575,0.29,0.974
2026,4685699,Damari Alston,Tulsa,RB,0.28,0.412,0.15
2026,4685700,Rian Black,Rhode Island,WR,0.016,0.0,0.032
2026,4685701,James Jointer,Central Arkansas,RB,0.021,0.0,0.054
2026,4685704,Larry Simmons,Utah,WR,0.029,0.0,0.073
2026,4685706,Bennett Christian,Ohio State,TE,0.016,0.0,0.03
2026,4685740,Max Johnson,Georgia Southern,QB,0.648,0.106,0.908
2026,4688540,Treyson Bourguet,BYU,QB,0.043,0.022,0.087
2026,4688541,Kyion Grayes,California,WR,0.033,0.0,0.057
2026,4688904,Reece Adkins,Massachusetts,TE,0.048,0.03,0.081
2026,4689529,Kenji Christian,UConn,RB,0.165,0.221,0.107
2026,4689721,Ty Robinson,Illinois,WR,0.026,0.0,0.057
2026,4690158,Noah Kim,Eastern Michigan,QB,0.635,0.143,1.0
2026,4690984,Jayden York,Abilene Christian,TE,0.032,0.0,0.057
2026,4691315,Umari Hatcher,Syracuse,WR,0.133,0.014,0.241
2026,4691966,Maddox Kopp,Houston Christian,QB,0.078,0.014,0.186
2026,4692968,Travon Jones,Prairie View A&M,TE,0.048,0.0,0.078
2026,4693740,Kahleil Jackson,Florida,WR,0.032,0.0,0.065
2026,4694149,Walker Eget,Duke,QB,0.356,0.024,0.958
2026,4694452,Myles Morales,Bethune-Cookman,TE,0.015,0.0,0.038
2026,4695195,Jett Carpenter,Texas Tech,TE,0.027,0.0,0.061
2026,4695602,Nick Billoups,The Citadel,QB,0.219,0.163,0.375
2026,4695709,Devin Brown,Weber State,QB,0.443,0.188,0.714
2026,4695711,Max Whisner,Sam Houston,TE,0.044,0.0,0.068
2026,4695784,Carson Camp,Duquesne,QB,0.398,0.06,0.771
2026,4695867,Grant Wilson,Indiana,QB,0.046,0.041,0.063
2026,4696073,Mark Bails,Southern Utah,WR,0.045,0.007,0.118
2026,4697094,DJ Williams,Southern Illinois,QB,0.336,0.173,0.507
2026,4697633,Dylan Paine,Montana,RB,0.13,0.227,0.056
2026,4698179,River Helms,Georgia Southern,TE,0.069,0.0,0.102
2026,4698362,Kaleb Costner,UT Martin,TE,0.025,0.0,0.061
2026,4698727,Dallan Hayden,Memphis,RB,0.065,0.088,0.024
2026,4699866,Nic Anderson,Kentucky,WR,0.039,0.0,0.083
2026,4700135,Cam Fancher,Michigan State,QB,0.057,0.033,0.094
2026,4700147,Joseph Griffin Jr.,Massachusetts,WR,0.076,0.0,0.216
2026,4700811,Ja'Quez Cross,App State,RB,0.116,0.175,0.048
2026,4701593,Marquez Dortch,Troy,WR,0.029,0.0,0.067
2026,4702556,Arlis Boardingham,Auburn,TE,0.024,0.0,0.059
2026,4702560,Grant Page,Southern Miss,WR,0.021,0.0,0.048
2026,4702561,De'Nylon Morrissette,Purdue,WR,0.032,0.0,0.063
2026,4702755,Amorion Walker,UNLV,WR,0.016,0.0,0.053
2026,4702790,DJ Allen,UTSA,WR,0.09,0.0,0.167
2026,4702826,Kelsey Johnson,Liberty,TE,0.043,0.0,0.103
2026,4702829,Braedyn Locke,Tarleton State,QB,0.088,0.0,0.222
2026,4702832,Keith Wheeler,Houston Christian,WR,0.058,0.0,0.159
2026,4703067,Mehki Wall,North Carolina Central,WR,0.045,0.0,0.118
2026,4708099,Gus McGee,Charlotte,TE,0.022,0.0,0.042
2026,4709781,Myles Walker,Duquesne,WR,0.039,0.0,0.083
2026,4709804,Cole Rusk,Arizona,TE,0.029,0.0,0.056
2026,4710843,Jasaiah Gathings,Buffalo,WR,0.084,0.0,0.149
2026,4710860,Oran Singleton Jr.,Tulsa,WR,0.091,0.015,0.183
2026,4710861,Kobe Stewart,Bethune-Cookman,WR,0.023,0.0,0.058
2026,4711408,Horatio Fields,Ole Miss,WR,0.071,0.0,0.145
2026,4711410,Brett Griffis,Central Connecticut,QB,0.341,0.211,0.477
2026,4711421,C.J. Smith,UAB,WR,0.054,0.0,0.157
2026,4711434,Eian Pugh,Ohio,WR,0.05,0.0,0.125
2026,4712328,Anthony Simpson,Toledo,WR,0.013,0.0,0.032
2026,4712886,Mekhi Miller,Missouri State,WR,0.017,0.0,0.047
2026,4713649,Drew Dickey,Arkansas State,QB,0.017,0.026,0.0
2026,4714046,Tyrell Henry,Wisconsin,WR,0.137,0.017,0.283
2026,4714341,Ben Ford,Boise State,WR,0.014,0.0,0.033
2026,4714427,Jency Riley,Jackson State,TE,0.021,0.0,0.057
2026,4716507,Quincy Burroughs,Western Kentucky,WR,0.038,0.0,0.075
2026,4717430,Chris Marshall,Arkansas,WR,0.129,0.0,0.236
2026,4726152,Jovanni Bermudez,Temple,WR,0.058,0.013,0.146
2026,4736246,Jacob Knuth,Kansas State,QB,0.056,0.068,0.037
2026,4755664,Nick Evers,Missouri,QB,0.025,0.0,0.063
2026,4769792,C.J. Hawkins,Rhode Island,WR,0.015,0.0,0.033
2026,4773919,Thomas Castellanos,Texas Tech,QB,0.065,0.095,0.031
2026,4775136,Owen McCown,UTSA,QB,0.567,0.117,0.958
2026,4790965,Donovan Leary,West Florida,QB,0.106,0.025,0.261
2026,4795295,Katin Houser,Illinois,QB,0.526,0.121,1.0
2026,4801276,Houston Thomas,Texas A&M,TE,0.016,0.0,0.038
2026,4801299,Rocco Becht,Penn State,QB,0.362,0.038,0.836
2026,4801301,Tevin Carter,Prairie View A&M,QB,0.596,0.275,0.864
2026,4801302,Julian Calvez,UT Martin,QB,0.236,0.151,0.366
2026,4801306,Conner Harrell,Charlotte,QB,0.115,0.0,0.241
2026,4801307,Tayven Jackson,North Texas,QB,0.478,0.149,0.917
2026,4801717,Noah Fifita,Arizona,QB,0.555,0.213,0.875
2026,4804878,Cooper Barkate,Miami,WR,0.049,0.0,0.115
2026,4804879,Quincy Craig,Arizona,RB,0.102,0.115,0.083
2026,4804882,Garrett Oakley,Kansas State,TE,0.027,0.0,0.066
2026,4804883,Jalen Moss,Arizona State,WR,0.028,0.0,0.056
2026,4804885,Brandon Rose,Utah,QB,0.026,0.041,0.0
2026,4805256,Sutton Smith,Arkansas,RB,0.19,0.314,0.101
2026,4806381,Jarel Williams,Alabama A&M,WR,0.118,0.0,0.214
2026,4808719,Zach Wilcke,Northwestern State,QB,0.199,0.137,0.278
2026,4808744,Jaylon Glover,UNLV,RB,0.087,0.142,0.031
2026,4808767,Xavier Townsend,Purdue,WR,0.101,0.0,0.2
2026,4812342,Anthony Rucker,North Carolina A&T,TE,0.056,0.0,0.102
2026,4812346,Eric Weatherly,Tennessee Tech,WR,0.094,0.022,0.168
2026,4812356,Jaydn Girard,Lamar,WR,0.032,0.0,0.068
2026,4812374,Terrell Crosby Jr.,Toledo,WR,0.053,0.022,0.097
2026,4812381,Gunnar Smith,Fordham,QB,0.586,0.23,1.0
2026,4812474,DJ Riles,Georgia State,WR,0.035,0.0,0.091
2026,4816072,Clayton Leonard,Southeast Missouri State,TE,0.013,0.0,0.023
2026,4816098,Makhi Hughes,Houston,RB,0.194,0.294,0.039
2026,4816099,Javen Jacobs,Utah State,RB,0.245,0.391,0.118
2026,4816307,Joseph Himon II,Northwestern,RB,0.109,0.143,0.077
2026,4819226,Brody Foley,Louisville,TE,0.022,0.0,0.05
2026,4819250,AJ Bianco,Nevada,QB,0.361,0.194,0.545
2026,4819259,Devon Tauaefa,Hawai'i,TE,0.033,0.0,0.05
2026,4824124,Alex Broome,Abilene Christian,RB,0.222,0.418,0.076
2026,4826574,Owen Anderson,Massachusetts,TE,0.025,0.0,0.071
2026,4826579,Tyler Siddons,Wyoming,TE,0.016,0.0,0.038
2026,4826635,Jaxon Dailey,Northern Iowa,QB,0.527,0.167,1.0
2026,4826636,Jordan Anderson,Illinois,RB,0.068,0.115,0.0
2026,4826637,Henry Boyer,Kentucky,TE,0.031,0.016,0.05
2026,4827041,Jacob Bostick,San Diego State,WR,0.018,0.0,0.05
2026,4827047,Aidan Laughery,Illinois,RB,0.184,0.31,0.057
2026,4827049,Max Reese,North Texas,TE,0.043,0.0,0.1
2026,4831976,Javon Tracy,Minnesota,WR,0.123,0.0,0.207
2026,4832021,Elijah Jackson-Anderson,Western Illinois,RB,0.107,0.145,0.067
2026,4832789,Carson Haggard,Robert Morris,QB,0.505,0.1,0.954
2026,4832792,Major Everhart,TCU,WR,0.014,0.028,0.0
2026,4832824,Austin Terry,Boise State,TE,0.026,0.0,0.071
2026,4832830,Joshua Wood,Idaho,QB,0.65,0.333,0.97
2026,4832849,Gavin Garcia,The Citadel,RB,0.297,0.399,0.073
2026,4832875,Leon Haughton Jr.,Old Dominion,TE,0.038,0.0,0.105
2026,4832918,Ethan Vasko,Liberty,QB,0.014,0.027,0.0
2026,4832952,Mekhi Collins,North Dakota State,WR,0.06,0.0,0.158
2026,4833016,Chedon James,Idaho State,WR,0.112,0.026,0.179
2026,4833073,Zion Steptoe,Minnesota,WR,0.014,0.0,0.031
2026,4833238,Jaydon Johnson,Louisiana,WR,0.015,0.0,0.037
2026,4833241,Gage Roy,Illinois State,QB,0.263,0.028,0.567
2026,4833356,Zach Courtney,Coastal Carolina,TE,0.015,0.0,0.026
2026,4833372,Sean Sallis,East Texas A&M,TE,0.079,0.0,0.196
2026,4833591,Ky Woods,Nevada,RB,0.061,0.09,0.02
2026,4833629,Jace Wilson,Sacramento State,WR,0.036,0.0,0.082
2026,4833635,Landy Lyddy,Southern Miss,QB,0.062,0.0,0.145
2026,4836476,Davin Wydner,Louisville,QB,0.076,0.027,0.143
2026,4837182,Eden James,Howard,RB,0.031,0.044,0.021
2026,4837193,Jmariyae Robinson,Missouri State,WR,0.1,0.0,0.279
2026,4837195,Luca Stanzani,Long Island University,QB,0.494,0.268,0.833
2026,4837269,Omari Hayes,Iowa State,WR,0.078,0.031,0.167
2026,4837279,Jaylin Terzado,Delaware State,WR,0.112,0.0,0.221
2026,4837348,Donta Whack,Robert Morris,RB,0.03,0.063,0.0
2026,4837391,Maurice Turner,Tulane,RB,0.084,0.135,0.038
2026,4837392,Ty Washington,Notre Dame,TE,0.015,0.0,0.032
2026,4837469,Amari Jones,Bethune-Cookman,QB,0.168,0.041,0.365
2026,4838520,Micah Bell,Mercer,RB,0.108,0.2,0.0
2026,4838527,Josh Dallas,Georgia Southern,WR,0.131,0.021,0.184
2026,4838532,Tyler Griffin,East Tennessee State,WR,0.04,0.0,0.082
2026,4838536,Tyler Hughes,Wyoming,QB,0.547,0.269,1.0
2026,4838549,Kamryn Perry,Colorado,WR,0.04,0.0,0.094
2026,4838556,Kaleb Webb,Maryland,WR,0.07,0.013,0.125
2026,4838679,Ashton Daniels,Florida State,QB,0.537,0.228,1.0
2026,4840118,Tucker Holloway,Florida Atlantic,WR,0.013,0.0,0.029
2026,4867887,Terrance Carter,Texas Tech,TE,0.054,0.0,0.121
2026,4868249,Davis Lane,Rice,WR,0.037,0.0,0.3
2026,4869120,Ashton Hayes,Indiana State,RB,0.111,0.25,0.0
2026,4869294,Jake Appleget,Fresno State,TE,0.031,0.0,0.067
2026,4869317,Diego Tello,Houston Christian,QB,0.054,0.054,0.056
2026,4869324,Tyler Johnson,East Carolina,WR,0.068,0.0,0.132
2026,4869341,Cade Yacamelli,Miami (OH),RB,0.061,0.121,0.0
2026,4869390,Wyatt Sullivan,South Florida,TE,0.07,0.0,0.163
2026,4869422,Braden Pegan,Utah,WR,0.086,0.012,0.2
2026,4869443,Tyler King,New Mexico State,WR,0.129,0.0,0.25
2026,4869538,Dane Pardridge,Indiana State,WR,0.052,0.0,0.099
2026,4869552,Robert Briggs,Southern Miss,RB,0.024,0.035,0.0
2026,4869553,Bishop Davenport,South Alabama,QB,0.475,0.167,1.0
2026,4869581,Braylen Walker,Rice,WR,0.023,0.0,0.13
2026,4869582,Cam Barfield,Hawai'i,RB,0.039,0.048,0.038
2026,4869592,Maurice Edwards,Alabama A&M,RB,0.123,0.353,0.026
2026,4869599,Chrishon Mccray,Michigan State,WR,0.082,0.022,0.172
2026,4869601,Chance Morrow,Buffalo,WR,0.203,0.0,0.341
2026,4869602,Toby Payne,Marshall,TE,0.102,0.0,0.231
2026,4869603,Cam Pickett,Kansas,WR,0.045,0.0,0.091
2026,4869694,Langston Lewis,Central Michigan,WR,0.107,0.058,0.2
2026,4869728,Jeremiah Hasley,Duke,TE,0.089,0.0,0.25
2026,4869730,Nik McMillan,Kansas,WR,0.097,0.0,0.241
2026,4869735,Roger Walters,Youngstown State,WR,0.03,0.01,0.049
2026,4869817,Cole Pennington,Gardner-Webb,QB,0.692,0.169,1.0
2026,4869821,D.C. Temple,Oregon State,TE,0.055,0.0,0.075
2026,4869962,Ashton Hollins,Georgia Southern,WR,0.139,0.031,0.213
2026,4869991,Caden Veltkamp,Florida Atlantic,QB,0.552,0.105,0.978
2026,4870077,Curtis Deville Jr.,McNeese,WR,0.1,0.0,0.191
2026,4870238,Zamondre Merriweather,Syracuse,WR,0.012,0.0,0.023
2026,4870513,Maddux Madsen,Boise State,QB,0.462,0.075,1.0
2026,4870518,Zeon Chriss,Tulane,QB,0.255,0.217,0.29
2026,4870601,Jaylen Bonelli,Arkansas State,WR,0.042,0.0,0.102
2026,4870607,Jackson Arnold,UNLV,QB,0.61,0.363,0.948
2026,4870608,Benjamin Brahmer,Penn State,TE,0.065,0.0,0.145
2026,4870609,CJ Baxter Jr.,Kentucky,RB,0.195,0.306,0.1
2026,4870629,Jackson Bowers,Oregon State,TE,0.014,0.0,0.019
2026,4870631,Derrick Bohler,Stephen F. Austin,WR,0.068,0.0,0.169
2026,4870635,Anthony Brown,Tulane,WR,0.103,0.0,0.208
2026,4870642,Jeremiah Cobb,Auburn,RB,0.169,0.286,0.041
2026,4870645,Rickie Collins,Kennesaw State,QB,0.536,0.242,0.829
2026,4870656,Johntay Cook II,Ole Miss,WR,0.029,0.016,0.043
2026,4870662,Isaiah Carlson,San José State,RB,0.052,0.104,0.0
2026,4870683,Ethan Davis,Tennessee,TE,0.035,0.0,0.1
2026,4870699,Karmello English,Coastal Carolina,WR,0.096,0.016,0.171
2026,4870709,Shamar Easter,North Carolina,TE,0.044,0.0,0.088
2026,4870712,Cameron Edge,Morgan State,QB,0.392,0.072,0.692
2026,4870728,Kaden Feagin,Illinois,TE,0.043,0.0,0.083
2026,4870733,Cooper Flanagan,Notre Dame,TE,0.023,0.0,0.048
2026,4870736,Mark Fletcher Jr.,Miami,RB,0.16,0.26,0.049
2026,4870745,Nyck Harbor,South Carolina,WR,0.085,0.0,0.203
2026,4870754,Rodney Gallagher,Arizona,WR,0.051,0.0,0.097
2026,4870757,Ahmad Haston,Tennessee Tech,RB,0.109,0.207,0.0
2026,4870760,Justice Haynes,Georgia Tech,RB,0.31,0.593,0.1
2026,4870768,Jaden Greathouse,Notre Dame,WR,0.031,0.0,0.065
2026,4870770,Nathaniel Joseph,East Carolina,WR,0.088,0.0,0.167
2026,4870776,Jalen Hale,SMU,WR,0.018,0.0,0.03
2026,4870784,Trey Holly,Southern,RB,0.239,0.396,0.065
2026,4870786,Marco Lainez,Marist,QB,0.084,0.034,0.138
2026,4870797,Luke Hasz,Ole Miss,TE,0.029,0.0,0.058
2026,4870798,Malik Leverett,West Georgia,WR,0.049,0.0,0.086
2026,4870799,Nico Iamaleava,UCLA,QB,0.533,0.225,1.0
2026,4870802,Sedrick Irvin,Stanford,RB,0.115,0.237,0.026
2026,4870819,Eli Holstein,Virginia,QB,0.109,0.027,0.25
2026,4870820,Datrell Jones,Holy Cross,RB,0.071,0.108,0.05
2026,4870826,Micah Mays Jr.,Florida,WR,0.046,0.0,0.103
2026,4870835,Brandon Inniss,Ohio State,WR,0.029,0.0,0.056
2026,4870842,Vandrevious Jacobs,Miami,WR,0.027,0.0,0.074
2026,4870848,Tyler Jefferson,Bethune-Cookman,QB,0.321,0.189,0.538
2026,4870850,Omarion Miller,Arizona State,WR,0.178,0.016,0.329
2026,4870857,Avery Johnson,Kansas State,QB,0.446,0.143,0.885
2026,4870858,Cayden Lee,Missouri,WR,0.085,0.0,0.21
2026,4870860,DeAndre Moore Jr.,Colorado,WR,0.099,0.0,0.234
2026,4870864,Gabarri Johnson,Samford,QB,0.708,0.277,0.984
2026,4870868,Jayden Limar,Washington,RB,0.188,0.429,0.0
2026,4870869,Brett Norfleet,Missouri,TE,0.039,0.0,0.097
2026,4870870,Ty Lockwood,Arkansas,TE,0.055,0.0,0.101
2026,4870874,Lawson Luckie,Georgia,TE,0.016,0.0,0.04
2026,4870876,Kyler Kasper,BYU,WR,0.109,0.0,0.28
2026,4870883,J.J. Kohl,Florida International,QB,0.635,0.156,1.0
2026,4870889,Chris Parson,Austin Peay,QB,0.46,0.146,0.903
2026,4870900,Dylan Lonergan,Rutgers,QB,0.556,0.2,0.738
2026,4870906,Arch Manning,Texas,QB,0.507,0.133,0.901
2026,4870912,Traylon Ray,Ole Miss,WR,0.036,0.0,0.072
2026,4870921,Dante Moore,Oregon,QB,0.592,0.059,0.986
2026,4870922,Duce Robinson,Florida State,WR,0.067,0.0,0.17
2026,4870923,Jahlil McClain,Fresno State,WR,0.064,0.0,0.152
2026,4870927,Bryson Rodgers,South Florida,WR,0.096,0.0,0.224
2026,4870928,Malachi Nelson,Syracuse,QB,0.026,0.0,0.054
2026,4870934,Rueben Owens,Texas A&M,RB,0.199,0.333,0.046
2026,4870941,Cameron Seldon,South Florida,WR,0.071,0.08,0.067
2026,4870954,Randy Pittman,SMU,TE,0.049,0.0,0.087
2026,4870955,Samuel Singleton,Florida State,RB,0.172,0.203,0.132
2026,4870959,Shamar Porter,UConn,WR,0.039,0.0,0.089
2026,4870965,Tastean Reddicks,UNLV,WR,0.071,0.014,0.128
2026,4870971,Marcel Reed,Texas A&M,QB,0.457,0.136,0.877
2026,4870999,Malachi Singleton,App State,QB,0.463,0.175,0.857
2026,4871001,Jaedn Skeete,Boston College,WR,0.041,0.0,0.086
2026,4871003,Christian Ross,Miami (OH),TE,0.052,0.0,0.113
2026,4871022,Robby Washington,Coastal Carolina,WR,0.089,0.031,0.143
2026,4871039,Jelani Thurman,North Carolina,TE,0.106,0.0,0.211
2026,4871040,Creed Whittemore,Utah,WR,0.036,0.0,0.091
2026,4871050,Marquese Williams,Akron,RB,0.035,0.074,0.0
2026,4871051,J.T. Smith Jr.,North Carolina A&T,RB,0.227,0.477,0.037
2026,4871053,Daylan Smothers,Texas,RB,0.25,0.4,0.099
2026,4871054,Riley Williams,Mississippi State,TE,0.025,0.0,0.048
2026,4871061,Pearce Spurlin III,Colorado State,TE,0.029,0.0,0.054
2026,4871062,Asaad Waseem,Purdue,WR,0.089,0.0,0.175
2026,4871068,Rashid Williams,Washington,WR,0.057,0.0,0.104
2026,4871076,Tre Wisner,Florida State,RB,0.104,0.105,0.111
2026,4871081,Richard Young,Colorado,RB,0.026,0.049,0.0
2026,4871086,Ja'Ryan Wallace,Houston Christian,WR,0.062,0.0,0.177
2026,4871091,D'Wayne' Winfield,Louisiana,QB,0.545,0.319,0.857
2026,4871148,Jaylin Lucas,Tulane,RB,0.15,0.25,0.057
2026,4872721,Cardell Williams,Maryland,QB,0.082,0.092,0.075
2026,4872961,Matt Byrnes,UNLV,TE,0.032,0.0,0.064
2026,4873077,Brayten Silbor,Northern Colorado,QB,0.104,0.016,0.197
2026,4873234,Victor Rosa,Ohio,RB,0.122,0.176,0.071
2026,4873418,Kaden Helms,Minnesota,TE,0.031,0.0,0.04
2026,4873442,Xavier Brown,Virginia,RB,0.111,0.129,0.083
2026,4873456,Addison Ostrenga,Iowa,TE,0.029,0.0,0.058
2026,4873588,CJ Campbell,Duke,RB,0.148,0.202,0.063
2026,4875127,Lanorris Sellers,South Carolina,QB,0.38,0.089,0.78
2026,4875128,Lex Thomas,Western Carolina,QB,0.688,0.288,0.967
2026,4875733,Pat McQuaide,Villanova,QB,0.497,0.08,0.964
2026,4875755,Mason Blakemore,Kent State,RB,0.172,0.258,0.08
2026,4875853,Cody Jackson,Iowa State,WR,0.039,0.0,0.111
2026,4875861,Ayo Adeyi,Oklahoma State,RB,0.086,0.145,0.043
2026,4876243,Elijah Taylor,San Diego,WR,0.057,0.0,0.136
2026,4876364,Matteo Perez,UC Davis,RB,0.101,0.21,0.028
2026,4876386,Devin Ford,Weber State,WR,0.013,0.0,0.02
2026,4876541,Elijah Tidwell,Fairmont State,RB,0.03,0.059,0.0
2026,4876642,Maleek Huggins,Miami (OH),WR,0.087,0.0,0.189
2026,4876646,Kendall McKoy,Winston-Salem State,QB,0.082,0.1,0.077
2026,4876695,Jaden Allen,Central Michigan,TE,0.02,0.0,0.059
2026,4877014,Nazeviah Burris,Arkansas State,WR,0.034,0.026,0.059
2026,4877209,Myion Hicks,Northwestern State,RB,0.068,0.069,0.068
2026,4877259,Zeke Lewis,Eastern Illinois,RB,0.152,0.185,0.125
2026,4877480,Lem Wash,Southern Illinois,RB,0.041,0.043,0.04
2026,4877627,Chase Gillespie,Florida A&M,RB,0.178,0.303,0.078
2026,4877714,Jaden Smith,UTEP,WR,0.035,0.0,0.093
2026,4877774,Jamarien Dalton,Elon,WR,0.038,0.0,0.101
2026,4877868,Eli Mahan,Maine,TE,0.033,0.0,0.067
2026,4878109,Hayden Hansen,Oklahoma,TE,0.016,0.0,0.036
2026,4878223,Jackson Proctor,South Dakota,QB,0.07,0.086,0.056
2026,4878394,Ajay Allen,Western Kentucky,RB,0.241,0.408,0.088
2026,4878681,Davis Warren,Stanford,QB,0.576,0.068,0.987
2026,4878788,Antonio Johnson,Florida Atlantic,TE,0.023,0.0,0.045
2026,4878822,Jaylon Tolbert,Alcorn State,QB,0.505,0.15,0.92
2026,4878886,Grahm Goering,South Dakota State,WR,0.107,0.0,0.271
2026,4878994,Victor Dawson,Illinois State,RB,0.2,0.37,0.011
2026,4879163,Dominic Grguric,New Haven,WR,0.067,0.0,0.135
2026,4879192,Jonah Burton,Duke,WR,0.067,0.0,0.188
2026,4879292,Kam Thomas,UTEP,RB,0.044,0.015,0.093
2026,4879455,Damashja Harris,Incarnate Word,RB,0.089,0.176,0.0
2026,4879567,Trent Walker,Houston,WR,0.036,0.0,0.098
2026,4879572,Gabe Milbourn,Oregon State,TE,0.028,0.0,0.037
2026,4879602,Chris Hicks,Arkansas-Pine Bluff,WR,0.093,0.143,0.04
2026,4879655,Henry Rutledge,Charlotte,RB,0.065,0.109,0.028
2026,4879783,Caeleb Schlachter,Eastern Kentucky,TE,0.031,0.0,0.067
2026,4879824,Callum Wither,Kentucky,QB,0.016,0.03,0.0
2026,4879876,Isaac Schoenfeld,Wyoming,TE,0.026,0.0,0.067
2026,4879925,Blane Cleaver,Bowling Green,TE,0.015,0.0,0.034
2026,4879946,Danny Joiner,Tarleton State,TE,0.053,0.0,0.093
2026,4879999,Maguire Anderson,Florida International,WR,0.122,0.016,0.202
2026,4880196,Colton FitzGerald,West Georgia,QB,0.291,0.021,0.508
2026,4880272,Byrum Brown,Auburn,QB,0.606,0.321,0.945
2026,4880358,Cam Pedro,Charlotte,WR,0.066,0.0,0.138
2026,4880485,Tavion Faulk,Edward Waters,QB,0.15,0.231,0.091
2026,4880668,Isaiah Knowles,Florida A&M,QB,0.459,0.105,0.806
2026,4880760,Reed Shumpert,Marist,WR,0.067,0.0,0.138
2026,4880964,Terron Kellman,Liberty,RB,0.09,0.146,0.0
2026,4881032,Taron Dickens,Northern Illinois,QB,0.411,0.07,0.742
2026,4881961,Kobe Paul,Jackson State,WR,0.035,0.0,0.094
2026,4882122,Sterling Berkhalter,Texas,WR,0.029,0.0,0.059
2026,4883774,Jayden McGowan,Baylor,WR,0.071,0.024,0.116
2026,4884086,Jalen Macon,Northern Illinois,QB,0.177,0.123,0.242
2026,4884418,TK Paisant,Hampton,TE,0.019,0.0,0.043
2026,4885443,Robert Giaimo,Lindenwood,RB,0.084,0.13,0.026
2026,4885469,Darrin Fugitt,App State,TE,0.082,0.0,0.19
2026,4887151,Andrew Body,Alabama State,QB,0.474,0.208,0.922
2026,4887396,Tay Norman,Northern Iowa,WR,0.053,0.014,0.107
2026,4887640,Kaderris Roberts,Delaware,RB,0.092,0.136,0.063
2026,4888886,Kenyon Clay,Arkansas State,RB,0.246,0.369,0.102
2026,4889821,Zavione Wood,Glenville State,RB,0.071,0.222,0.0
2026,4891191,Christian Anaya,Western Illinois,WR,0.085,0.0,0.182
2026,4891198,Tre Spivey,Arizona,WR,0.08,0.033,0.125
2026,4892974,Jason Malbrue,Nicholls,TE,0.012,0.0,0.024
2026,4892983,Terrell Timmons Jr.,Memphis,WR,0.038,0.0,0.071
2026,4893007,Thomas Amankwaa,Indiana State,WR,0.016,0.0,0.031
2026,4894451,Brennan Parachek,Michigan State,TE,0.012,0.0,0.028
2026,4894661,Durell Robinson,Colorado State,RB,0.168,0.344,0.014
2026,4894803,Travis Pearson,Tennessee State,RB,0.068,0.088,0.057
2026,4894839,Brandon White,Kansas State,WR,0.088,0.048,0.148
2026,4895711,Chris Reed,Sam Houston,WR,0.104,0.0,0.159
2026,4896289,Gavin Freeman,Baylor,WR,0.167,0.0,0.316
2026,4896389,Louis Brown,Baylor,WR,0.07,0.0,0.133
2026,4896391,Sean Wilson,Bryant,WR,0.095,0.009,0.224
2026,4897730,Braylon McReynolds,UAB,RB,0.216,0.298,0.078
2026,4899360,Jaden Platt,Arkansas,TE,0.012,0.0,0.028
2026,4899361,Kedrick Reescano,Arizona,RB,0.197,0.393,0.042
2026,4899366,Semaj Morgan,UCLA,WR,0.083,0.0,0.208
2026,4899367,Ryan Niblett,Texas,RB,0.029,0.057,0.0
2026,4899368,Kendrick Raphael,SMU,RB,0.139,0.283,0.029
2026,4899369,Christopher Vizzina,Clemson,QB,0.22,0.068,0.371
2026,4899418,Javonte Vereen,Colorado State,TE,0.051,0.0,0.099
2026,4899468,Kaden Anderson,Tarleton State,QB,0.535,0.122,0.941
2026,4899470,Ja'Koby Banks,Prairie View A&M,WR,0.082,0.043,0.119
2026,4899472,Chris Culliver,Marshall,WR,0.042,0.0,0.096
2026,4899484,Andrew Rappleyea,Penn State,TE,0.029,0.0,0.073
2026,4899704,Jordan King,California,WR,0.04,0.0,0.074
2026,4900025,Kanye Roberts,App State,RB,0.054,0.103,0.0
2026,4900152,Zyion Claville,Texas Southern,WR,0.017,0.0,0.049
2026,4900351,Noah Bennee,Utah,TE,0.043,0.0,0.109
2026,4900771,Marquis Gillis,Arizona State,RB,0.052,0.094,0.014
2026,4900879,Jacquon Gibson,Virginia,WR,0.022,0.0,0.083
2026,4905248,Carson Tabaracci,USC,TE,0.027,0.0,0.061
2026,4905594,Jawaun Northington,Murray State,RB,0.098,0.154,0.038
2026,4905609,Fredrick Moore,Michigan State,WR,0.038,0.0,0.094
2026,4906094,Nick Munson,Butler,WR,0.058,0.012,0.143
2026,4907671,Anthony Evans III,Mississippi State,WR,0.135,0.012,0.297
2026,4907786,Rocky Beers,Oklahoma,TE,0.089,0.0,0.196
2026,4909541,Ty Harding,Massachusetts,WR,0.076,0.015,0.189
2026,4910222,Hawkins Polley,Baylor,TE,0.022,0.0,0.041
2026,4910239,Justus Ross-Simmons,Syracuse,WR,0.08,0.0,0.14
2026,4910682,Jamal Hailey,Florida A&M,RB,0.238,0.491,0.016
2026,4911529,Trinidad Chambliss,Ole Miss,QB,0.529,0.172,0.899
2026,4911929,Alonza Barnett,UCF,QB,0.569,0.268,0.911
2026,4911932,Joshua Thompson,Lamar,WR,0.054,0.011,0.102
2026,4911971,Jahiem White,North Texas,RB,0.268,0.351,0.183
2026,4912040,Jordan Williams,Sacramento State,TE,0.059,0.0,0.111
2026,4912067,Chase Sowell,Penn State,WR,0.065,0.0,0.164
2026,4912119,Tucker Kilcrease,Troy,QB,0.029,0.026,0.033
2026,4912130,Trell Harris,Oklahoma,WR,0.089,0.0,0.196
2026,4912186,Trey Johnson,Bowling Green,WR,0.02,0.0,0.059
2026,4912238,Turner Helton,Georgia Southern,QB,0.127,0.063,0.17
2026,4912240,Tylan Hines,Tarleton State,RB,0.385,0.756,0.088
2026,4912254,Jordan McCants,North Dakota State,WR,0.014,0.0,0.038
2026,4912275,Christian Washington,San Diego State,RB,0.031,0.05,0.0
2026,4912280,Charlie Coenen,Wyoming,WR,0.085,0.0,0.222
2026,4912281,Taven Curry,Akron,RB,0.021,0.044,0.0
2026,4912302,Makhilyn Young,Vanderbilt,RB,0.133,0.219,0.034
2026,4912342,Wayne Knight,UCLA,RB,0.2,0.296,0.063
2026,4912361,Devan Williams,Lamar,WR,0.018,0.0,0.042
2026,4912453,Lucky Sutton,San Diego State,RB,0.314,0.493,0.024
2026,4912454,Jason Thompson,Marist,WR,0.085,0.0,0.19
2026,4914830,Easton Messer,Florida Atlantic,WR,0.128,0.0,0.247
2026,4915622,Jake Strong,McNeese,QB,0.294,0.194,0.412
2026,4915713,Walter Taylor,Vanderbilt,TE,0.014,0.0,0.03
2026,4915980,John Mateer,Oklahoma,QB,0.54,0.215,0.946
2026,4916460,Miles Marshall,Southern Illinois,TE,0.018,0.0,0.04
2026,4916885,Jaylen Jenkins,Texas State,RB,0.096,0.154,0.033
2026,4916888,Bert Emanuel Jr.,San Diego State,WR,0.035,0.0,0.1
2026,4916941,Coy Eakin,Texas Tech,WR,0.06,0.0,0.138
2026,4916987,TJ West,UTSA,WR,0.067,0.0,0.138
2026,4917048,Dom Henry,Florida Atlantic,WR,0.093,0.0,0.18
2026,4917054,David Amador,UTSA,WR,0.067,0.0,0.125
2026,4917093,Ryan Staub,Tennessee,QB,0.041,0.0,0.107
2026,4917119,Devin Alves,Hawai'i,WR,0.071,0.02,0.101
2026,4917172,Chris Brooks Jr.,Wisconsin,WR,0.06,0.0,0.132
2026,4917288,Charles Kellom,Eastern Illinois,RB,0.28,0.404,0.143
2026,4917305,Cam'Ron McCoy,Texas Southern,QB,0.402,0.185,0.744
2026,4917310,Zylan Perry,Cincinnati,RB,0.106,0.13,0.064
2026,4917349,Jamari Hawkins,Arkansas,WR,0.025,0.0,0.045
2026,4917619,Khamari Anderson,Arizona State,TE,0.016,0.0,0.029
2026,4917858,Cole Cabana,Western Michigan,RB,0.07,0.093,0.041
2026,4917945,Aidan Mizell,UCLA,WR,0.015,0.0,0.042
2026,4917949,Quinten Joyner,Texas Tech,RB,0.099,0.185,0.0
2026,4917981,AJ Newberry,Oregon State,RB,0.152,0.316,0.094
2026,4918094,Damian Henderson II,Colorado,RB,0.113,0.195,0.0
2026,4918099,Kenny Minchey,Kentucky,QB,0.5,0.065,0.983
2026,4918103,Cam Cook,West Virginia,RB,0.293,0.351,0.074
2026,4918107,Reid Mikeska,UT Rio Grande Valley,TE,0.012,0.0,0.028
2026,4918108,Jordan Napier,San Diego State,WR,0.033,0.0,0.098
2026,4918110,Roderick Robinson II,UAB,RB,0.257,0.372,0.059
2026,4918111,A'Marion Peterson,UTSA,RB,0.09,0.167,0.028
2026,4918121,Cole Adams,Vanderbilt,WR,0.014,0.0,0.03
2026,4918126,LJ Martin,BYU,RB,0.242,0.365,0.08
2026,4918414,Dylan Edwards,Kansas,RB,0.131,0.145,0.121
2026,4918417,Ayden Greene,Virginia Tech,WR,0.043,0.0,0.09
2026,4918421,Tiger Bachmeier,BYU,WR,0.014,0.0,0.043
2026,4918422,Kai Black,Northern Iowa,TE,0.031,0.0,0.063
2026,4918453,Tanner Lemaster,Eastern Michigan,TE,0.014,0.0,0.025
2026,4918455,Lontrell Turner,Incarnate Word,RB,0.144,0.257,0.029
2026,4919037,Sergio Snider,Louisiana Tech,RB,0.052,0.079,0.02
2026,4920135,Kalib Hicks,Western Kentucky,RB,0.041,0.057,0.026
2026,4920145,Braylen Ragland,Southeast Missouri State,QB,0.563,0.127,1.0
2026,4920147,Paul Billups II,Norfolk State,WR,0.071,0.0,0.169
2026,4920153,William Watson III,Massachusetts,QB,0.4,0.136,0.892
2026,4920158,Brock Glenn,Western Kentucky,QB,0.228,0.171,0.288
2026,4920161,Tripp Riordan,SMU,TE,0.055,0.0,0.091
2026,4920163,Kelby Valsin,Florida Atlantic,WR,0.14,0.013,0.258
2026,4920164,Sam West,Mississippi State,TE,0.02,0.0,0.047
2026,4920187,Will Anciaux,Kansas State,TE,0.02,0.0,0.049
2026,4920192,Carson Conklin,Sacramento State,QB,0.75,0.063,1.0
2026,4920196,Javance Tupou'ata-Johnson,North Dakota,QB,0.068,0.057,0.08
2026,4920227,Giovanni Lopez,Wake Forest,QB,0.569,0.239,0.953
2026,4920228,Jocquez Smith,New Hampshire,RB,0.154,0.316,0.012
2026,4920229,Jerry Mcclure,San José State,WR,0.089,0.0,0.178
2026,4920896,Lavon Brown,Colorado State,WR,0.029,0.0,0.054
2026,4920901,Darius Taylor,Minnesota,RB,0.174,0.385,0.049
2026,4921108,DeSean Bishop,Tennessee,RB,0.231,0.356,0.02
2026,4921110,Chase Hendricks,California,WR,0.114,0.016,0.198
2026,4921113,Joshua Manning,Kansas State,WR,0.115,0.0,0.279
2026,4921116,Jamal Roberts,Missouri,RB,0.261,0.464,0.016
2026,4921154,Eugene Wilson,LSU,WR,0.071,0.02,0.136
2026,4921291,Ricky Ahumaraeze,Northwestern,WR,0.036,0.0,0.077
2026,4921292,Isaiah Augustave,South Carolina,RB,0.077,0.139,0.0
2026,4921305,Matthew Klopfenstein,Baylor,TE,0.016,0.0,0.031
2026,4921306,Mikey Matthews,UCLA,WR,0.094,0.0,0.208
2026,4921316,Nolan Ray,Boston College,RB,0.031,0.032,0.034
2026,4921318,Spencer Shannon,Texas,TE,0.02,0.0,0.042
2026,4921322,Zion Taylor,Western Kentucky,WR,0.041,0.0,0.077
2026,4921517,Dawson Pendergrass,Baylor,RB,0.242,0.476,0.051
2026,4922983,Manny Covey,Memphis,RB,0.181,0.301,0.014
2026,4922988,Jamari Johnson,Oregon,TE,0.094,0.0,0.154
2026,4922993,Devin Roche,Old Dominion,RB,0.198,0.318,0.0
2026,4922995,Dijon Stanley,New Mexico State,RB,0.085,0.132,0.048
2026,4922996,Dylan Wade,UCF,TE,0.06,0.0,0.125
2026,4923032,Giovanni Adopte,Gardner-Webb,WR,0.163,0.0,0.261
2026,4923046,Keyjuan Brown,Louisville,RB,0.067,0.11,0.017
2026,4923050,Israel Carter,Idaho,QB,0.055,0.083,0.03
2026,4923057,Connor Cox,Virginia,TE,0.014,0.0,0.083
2026,4923059,Jeremiah Coney,Stony Brook,RB,0.134,0.278,0.033
2026,4923226,Collin Dixon,Illinois,WR,0.184,0.0,0.396
2026,4923281,Jamel Hardy,UTSA,WR,0.037,0.0,0.069
2026,4923282,C.J. Hester,Stony Brook,RB,0.226,0.456,0.066
2026,4923285,McCae Hillstead,Utah State,QB,0.427,0.186,0.667
2026,4923288,Barry Jackson Jr.,Rice,WR,0.043,0.0,0.154
2026,4923290,Parker Jenkins,Lamar,RB,0.199,0.326,0.08
2026,4923295,Kenny Johnson,Texas Tech,WR,0.079,0.0,0.185
2026,4923298,Peyton Jones,Liberty,RB,0.184,0.282,0.056
2026,4923300,Spencer Jones,Campbell,WR,0.103,0.0,0.18
2026,4924150,Keaton Kubecka,Kansas,WR,0.055,0.0,0.138
2026,4940235,Taeshaun Lyons,UNLV,WR,0.041,0.0,0.093
2026,4940236,Ryan Manning,Maryland,WR,0.013,0.0,0.025
2026,4941012,London Montgomery,Florida,RB,0.046,0.086,0.0
2026,4949488,Jacobe Robinson,Grambling,QB,0.106,0.048,0.172
2026,4950379,Zach Ortwerth,Iowa,TE,0.013,0.0,0.026
2026,4950560,Xavier Terrell,Northern Iowa,RB,0.094,0.2,0.0
2026,4954455,Bryson Washington,Auburn,RB,0.063,0.095,0.027
2026,4954511,Krystian Williams,Richmond,WR,0.078,0.0,0.143
2026,4993406,CJ Tiller,Utah Tech,QB,0.212,0.083,0.297
2026,5004520,David Clement,Syracuse,TE,0.026,0.0,0.054
2026,5008017,Benjamin Hall,North Carolina,RB,0.168,0.283,0.07
2026,5010409,Jayden Mandal,Fresno State,QB,0.473,0.14,0.935
2026,5027432,Ardell Banks,Kent State,WR,0.055,0.0,0.148
2026,5027925,Jax Leatherwood,Tennessee Tech,QB,0.526,0.065,1.0
2026,5030333,Sedrick Alexander,Vanderbilt,RB,0.178,0.247,0.103
2026,5031157,Reed Harris,Arizona State,WR,0.148,0.0,0.286
2026,5031158,Andrew Metzger,Ohio,TE,0.014,0.0,0.036
2026,5032961,Tucker Ashcraft,USC,TE,0.013,0.0,0.032
2026,5041960,Jayvontay Conner,Vanderbilt,TE,0.104,0.0,0.241
2026,5044349,Mekhi Jenkins,Ohio Dominican,RB,0.227,0.556,0.0
2026,5044387,Anthony Colandrea,Nebraska,QB,0.486,0.151,0.864
2026,5044424,Pierce Walsh,Minnesota,TE,0.036,0.0,0.061
2026,5054036,Jackson Brousseau,California,QB,0.067,0.0,0.13
2026,5054390,Jahbari Kuykendall,Prairie View A&M,RB,0.038,0.052,0.027
2026,5056106,Evan Boyd,Iowa State,WR,0.019,0.0,0.056
2026,5057381,Ryder Burton,UAB,QB,0.459,0.191,0.98
2026,5069231,Deondre Johnson,Jacksonville State,WR,0.058,0.0,0.136
2026,5074243,Logan Blake,Rutgers,TE,0.023,0.0,0.043
2026,5074245,Broc Lowry,Western Michigan,QB,0.469,0.213,0.898
2026,5075390,Ian Strong,California,WR,0.114,0.0,0.21
2026,5075392,Keldric Luster,Ball State,QB,0.644,0.278,0.945
2026,5075529,Anthony Eager,South Alabama,WR,0.054,0.0,0.121
2026,5075592,Cal Swanson,Holy Cross,QB,0.065,0.167,0.0
2026,5075705,Demitrius Bell,Nebraska,WR,0.015,0.0,0.031
2026,5075800,Emory Williams,East Carolina,QB,0.122,0.053,0.182
2026,5075805,Aidan Chiles,Northwestern,QB,0.582,0.214,1.0
2026,5075912,George Burhenn,Purdue,TE,0.032,0.0,0.063
2026,5075920,Jarriett Buie,Iowa,WR,0.038,0.0,0.077
2026,5075952,Trey Cornist,UConn,RB,0.102,0.176,0.018
2026,5075962,Baylin Brooks,Western Michigan,WR,0.047,0.0,0.122
2026,5076100,Jarred Sample,Houston Christian,WR,0.017,0.0,0.047
2026,5076106,Marquis Johnson,Mississippi State,WR,0.054,0.0,0.125
2026,5076122,Evan Dickens,Boston College,RB,0.219,0.348,0.109
2026,5076584,Terrell Washington Jr.,New Mexico State,RB,0.104,0.176,0.048
2026,5076651,Christian Abney,Illinois,TE,0.014,0.0,0.028
2026,5076653,Brandon Hills,Akron,WR,0.035,0.015,0.057
2026,5076654,Leo Pulalasi,Washington State,RB,0.092,0.107,0.077
2026,5076952,Devin Mccuin,Ohio State,WR,0.073,0.0,0.141
2026,5077060,Amare Thomas,Houston,WR,0.115,0.0,0.314
2026,5077266,Trech Kekahuna,North Carolina,WR,0.044,0.019,0.07
2026,5077304,Zeke Moore,Boston College,TE,0.015,0.0,0.031
2026,5077390,Jambres Dubar,Missouri State,RB,0.175,0.253,0.047
2026,5077500,Luke Duncan,Nevada,QB,0.222,0.0,0.455
2026,5077502,Carson Hansen,Penn State,RB,0.225,0.363,0.036
2026,5077670,Jackson Grier,App State,WR,0.027,0.013,0.048
2026,5077784,Zachary Card,Idaho,WR,0.075,0.0,0.149
2026,5077787,Jaxon Smolik,Temple,QB,0.273,0.12,0.585
2026,5077803,Jackson Harper,Colorado State,WR,0.095,0.0,0.183
2026,5077804,Chico Holt,Stanford,TE,0.015,0.0,0.023
2026,5077806,Tucker McDonald,UConn,QB,0.108,0.025,0.219
2026,5077816,Tekai Kirby,Virginia,WR,0.016,0.0,0.042
2026,5077873,Chris Dawn Jr.,Texas State,WR,0.131,0.0,0.351
2026,5077874,Max Drag,South Carolina,TE,0.015,0.0,0.038
2026,5077876,TJ Horton,Ball State,RB,0.174,0.278,0.11
2026,5077877,Justyn Reid,Louisville,TE,0.015,0.0,0.031
2026,5077962,Noah Braham,Bryant,TE,0.022,0.0,0.058
2026,5078005,Abu Sama III,Wisconsin,RB,0.197,0.367,0.019
2026,5078014,Brandon Johnson,Abilene Christian,RB,0.056,0.118,0.014
2026,5078052,AJ Szymanski,Maryland,TE,0.025,0.0,0.053
2026,5078053,Isaiah Thacker,Ball State,WR,0.076,0.019,0.123
2026,5078063,Connor Walendzak,Toledo,RB,0.144,0.206,0.074
2026,5078105,TJ Lott,Troy,WR,0.043,0.0,0.105
2026,5078110,Noah Vaughn,Virginia,RB,0.111,0.151,0.028
2026,5078144,Landen Chambers,UCF,RB,0.069,0.107,0.036
2026,5078160,Richie Anderson,Texas A&M,TE,0.016,0.0,0.038
2026,5078165,Junior Sherrill,Vanderbilt,WR,0.133,0.014,0.293
2026,5078166,Ajani Sheppard,Temple,QB,0.198,0.093,0.415
2026,5078223,Re'Shaun Sanford II,Houston,RB,0.122,0.176,0.039
2026,5078225,Jaron Tibbs,Kansas State,WR,0.068,0.0,0.164
2026,5078227,Braeden Wisloski,James Madison,WR,0.053,0.016,0.106
2026,5078244,Caleb Komolafe,Northwestern,RB,0.218,0.357,0.077
2026,5078245,Kenric Lanier II,Missouri,WR,0.013,0.0,0.031
2026,5078272,Bryce Cohoon,South Dakota,WR,0.016,0.0,0.043
2026,5078274,Lonnie Johnson,Old Dominion,TE,0.02,0.0,0.043
2026,5078278,Lincoln Kienholz,Louisville,QB,0.53,0.233,0.9
2026,5078422,Brandon High,UTSA,RB,0.127,0.267,0.014
2026,5078453,London Humphreys,Georgia,WR,0.065,0.0,0.16
2026,5078533,Jabari Smith,Ball State,WR,0.086,0.0,0.171
2026,5078549,Dedrick Latulas,Louisiana Tech,WR,0.033,0.0,0.095
2026,5078810,Sam Leavitt,LSU,QB,0.484,0.184,0.864
2026,5078812,Antonio Ferguson,UAB,TE,0.02,0.0,0.059
2026,5078816,Jackson Holman,Wyoming,WR,0.026,0.0,0.067
2026,5078916,Joe Jackson,Kansas State,RB,0.162,0.202,0.115
2026,5078917,Khalifa Keith,Alabama,RB,0.038,0.063,0.0
2026,5079289,Tawaski Abrams,Florida,WR,0.031,0.0,0.069
2026,5079290,Keylen Adams,Virginia Tech,WR,0.041,0.0,0.097
2026,5079298,Lloyd Avant,Oklahoma,RB,0.218,0.354,0.071
2026,5079299,Jordan Anderson,San José State,WR,0.033,0.0,0.065
2026,5079301,CJ Bailey,NC State,QB,0.467,0.2,0.782
2026,5079307,Kobe Boykin,Delaware State,RB,0.071,0.096,0.049
2026,5079320,Josiah Brown,Long Island University,WR,0.052,0.01,0.111
2026,5079322,Jadan Baugh,Florida,RB,0.198,0.371,0.0
2026,5079324,Christian Bentancur,Clemson,TE,0.024,0.0,0.048
2026,5079326,Terry Bussey,Texas A&M,WR,0.093,0.049,0.154
2026,5079329,Mazeo Bennett,South Carolina,WR,0.077,0.0,0.186
2026,5079335,Chauncey Bowens,Georgia,RB,0.073,0.082,0.069
2026,5079345,Mario Craver,Texas A&M,WR,0.066,0.0,0.154
2026,5079348,Jason Brown Jr.,Arizona State,RB,0.085,0.143,0.028
2026,5079349,Isaac Brown,Louisville,RB,0.231,0.384,0.05
2026,5079354,Braylon Burnside,Memphis,WR,0.04,0.0,0.122
2026,5079357,Aaron Butler,Oregon State,WR,0.09,0.026,0.113
2026,5079364,Kam Davis,Liberty,RB,0.206,0.333,0.037
2026,5079367,Jadyn Davis,East Tennessee State,QB,0.034,0.0,0.087
2026,5079369,C.J. Carr,Notre Dame,QB,0.392,0.032,0.79
2026,5079370,Ernest Campbell,Colorado,WR,0.027,0.0,0.056
2026,5079371,Chris Davis Jr.,Stanford,RB,0.045,0.136,0.0
2026,5079372,Anthony Carrie,Florida International,RB,0.179,0.359,0.056
2026,5079373,Decker DeGraaf,Washington,TE,0.064,0.0,0.117
2026,5079376,Cam Coleman,Texas,WR,0.054,0.0,0.113
2026,5079378,Darrion Dupree,Wisconsin,RB,0.077,0.133,0.019
2026,5079379,Caden Durham,LSU,RB,0.022,0.041,0.0
2026,5079386,Ric'Darious Farmer,UCF,WR,0.086,0.018,0.161
2026,5079405,Stacy Gage,LSU,RB,0.077,0.122,0.025
2026,5079410,Jerrick Gibson,Purdue,RB,0.051,0.107,0.0
2026,5079412,Trae'von Dunbar,South Alabama,RB,0.111,0.177,0.016
2026,5079417,Channing Goodwin,Michigan,WR,0.021,0.0,0.042
2026,5079419,TJ Engleman,East Carolina,RB,0.053,0.094,0.017
2026,5079420,Trey'Dez Green,LSU,TE,0.088,0.02,0.173
2026,5079429,Gavin Grover,Cincinnati,TE,0.014,0.0,0.043
2026,5079435,Tayvion Galloway,Middle Tennessee,TE,0.042,0.0,0.068
2026,5079438,David Eziomume,Clemson,RB,0.02,0.045,0.0
2026,5079443,Hauss Hejny,Colorado State,QB,0.555,0.172,0.901
2026,5079444,Mylan Graham,Notre Dame,WR,0.038,0.0,0.081
2026,5079465,Michael Hawkins Jr.,West Virginia,QB,0.329,0.216,0.815
2026,5079468,Davion Gause,NC State,RB,0.07,0.093,0.037
2026,5079474,Elijah Jones,Cincinnati,WR,0.013,0.0,0.033
2026,5079475,Micah Gilbert,Notre Dame,WR,0.046,0.0,0.097
2026,5079482,Dilin Jones,LSU,RB,0.242,0.408,0.049
2026,5079486,Zy'marion Lang,UConn,WR,0.038,0.0,0.083
2026,5079492,Micah Hudson,Texas Tech,WR,0.04,0.0,0.092
2026,5079499,Audric Harris,Hawai'i,WR,0.061,0.0,0.095
2026,5079500,Bryan Jackson,Wisconsin,RB,0.179,0.323,0.0
2026,5079501,Zycarl Lewis Jr.,Tulane,WR,0.036,0.0,0.065
2026,5079503,Elija Lofton,Miami,TE,0.014,0.0,0.033
2026,5079506,Daniel Hill,Alabama,RB,0.21,0.321,0.053
2026,5079508,Austin Mack,Alabama,QB,0.038,0.021,0.063
2026,5079510,Walter Matthews,USC,TE,0.014,0.0,0.034
2026,5079516,KJ Jackson,Arkansas,QB,0.528,0.2,0.798
2026,5079519,Jeremiah McClellan,Oregon,WR,0.096,0.0,0.167
2026,5079523,Derrick McFall,SMU,WR,0.127,0.227,0.061
2026,5079524,Keenan Jackson,NC State,WR,0.066,0.0,0.145
2026,5079537,Ju'Juan Johnson,Syracuse,RB,0.207,0.455,0.06
2026,5079542,Luke Kromenhoek,South Florida,QB,0.018,0.04,0.0
2026,5079548,Air Noland,Memphis,QB,0.015,0.021,0.0
2026,5079555,D.J. Lagway,Baylor,QB,0.564,0.047,1.0
2026,5079556,Parker Livingstone,Oklahoma,WR,0.016,0.015,0.018
2026,5079561,Dwight Phillips Jr.,Georgia,RB,0.041,0.066,0.017
2026,5079569,Luca Puccinelli,Purdue,TE,0.012,0.0,0.022
2026,5079571,James Madison II,UTSA,WR,0.017,0.0,0.034
2026,5079574,Jordan Marshall,Michigan,RB,0.208,0.323,0.047
2026,5079577,Quinton Martin Jr.,Penn State,RB,0.162,0.227,0.071
2026,5079580,Mike Matthews,Tennessee,WR,0.091,0.0,0.26
2026,5079589,Braylen Russell,Arkansas,RB,0.141,0.314,0.011
2026,5079592,Michael Smith,Ole Miss,TE,0.029,0.0,0.058
2026,5079600,Nick Marsh,Indiana,WR,0.046,0.0,0.156
2026,5079604,Isaiah Marshall,Kansas,QB,0.531,0.289,0.897
2026,5079607,Marquawn McCraney,Idaho,WR,0.029,0.0,0.053
2026,5079610,Jayden Moore,Duke,WR,0.03,0.0,0.083
2026,5079612,Drelon Miller,Baylor,WR,0.027,0.0,0.051
2026,5079613,Emmett Mosley V,Texas,WR,0.088,0.013,0.169
2026,5079619,Kalieb Osborne,UConn,QB,0.528,0.265,0.875
2026,5079620,Michael Van Buren Jr.,South Florida,QB,0.018,0.0,0.033
2026,5079626,Micah Welch,Colorado,RB,0.152,0.268,0.016
2026,5079627,Jadon Porter,Baylor,WR,0.099,0.0,0.182
2026,5079628,John White,Southern Miss,QB,0.047,0.035,0.074
2026,5079632,Noreel White,Troy,WR,0.065,0.013,0.14
2026,5079643,Zion Ragins,Mississippi State,WR,0.074,0.0,0.172
2026,5079647,Caleb Odom,Ole Miss,TE,0.063,0.0,0.143
2026,5079651,Devon Rice,Hawai'i,RB,0.261,0.566,0.109
2026,5079653,Demond Williams Jr.,Washington,QB,0.638,0.237,0.987
2026,5079657,Gabe Winowich,Rhode Island,RB,0.038,0.076,0.0
2026,5079659,Jonathan Paylor,NC State,RB,0.028,0.047,0.0
2026,5079660,Brandon Winton,East Tennessee State,WR,0.089,0.01,0.175
2026,5079661,Chance Robinson,NC State,WR,0.042,0.0,0.111
2026,5079663,Jeremy Payne,TCU,RB,0.259,0.431,0.09
2026,5079679,Ryan Puglisi,Georgia,QB,0.163,0.033,0.31
2026,5079684,James Resar,Florida International,TE,0.064,0.0,0.112
2026,5079686,Bredell Richardson,Tulane,WR,0.037,0.0,0.075
2026,5079687,Jordan Shipp,North Carolina,WR,0.097,0.0,0.193
2026,5079691,Malcolm Simmons,Texas Tech,WR,0.014,0.0,0.03
2026,5079699,Corey Smith,Toledo,RB,0.092,0.156,0.0
2026,5079705,Grant Stec,Wisconsin,TE,0.049,0.0,0.097
2026,5079712,Julian Sayin,Ohio State,QB,0.467,0.048,0.845
2026,5079714,Rico Scott,Alabama,WR,0.035,0.0,0.088
2026,5079717,AJ Surace,Rutgers,QB,0.336,0.085,0.536
2026,5079720,Jeremiah Smith,Ohio State,WR,0.182,0.016,0.338
2026,5079734,Marcelis Tate,Tennessee State,QB,0.051,0.034,0.071
2026,5079738,Landen Thomas,Florida State,TE,0.03,0.0,0.075
2026,5079742,Aneyas Williams,Notre Dame,RB,0.238,0.46,0.032
2026,5079745,Joshisa Trader,NC State,WR,0.057,0.0,0.127
2026,5079749,Yasin Willis,Kansas,RB,0.145,0.229,0.034
2026,5079759,Jelani Watkins,Arkansas,WR,0.018,0.014,0.022
2026,5079766,Chanz Wiggins,Virginia Tech,WR,0.027,0.0,0.065
2026,5079769,Izaiah Williams,Kansas State,WR,0.014,0.0,0.037
2026,5079771,Isaac Wilson,Colorado,QB,0.027,0.0,0.056
2026,5079772,Damarion Witten,Miami (OH),WR,0.035,0.0,0.075
2026,5080403,Jaylen Raynor,Iowa State,QB,0.476,0.219,0.972
2026,5080703,Isaiah Sategna,Oklahoma,WR,0.145,0.046,0.268
2026,5080786,Cedric Anton,Sacramento State,TE,0.015,0.0,0.027
2026,5080819,Davion Dozier,NC State,WR,0.033,0.0,0.073
2026,5080888,Matt Wagner,Boise State,TE,0.077,0.0,0.183
2026,5081054,Micah Riley-Ducker,Texas A&M,TE,0.02,0.0,0.046
2026,5081076,Jimmy Casey,Sacred Heart,TE,0.021,0.0,0.059
2026,5081089,Dylan Gary,Kennesaw State,WR,0.071,0.0,0.143
2026,5081134,Malachi Lane,UT Rio Grande Valley,RB,0.06,0.1,0.024
2026,5081163,Anthony Favrow,Missouri,RB,0.127,0.182,0.063
2026,5081172,Xayvion Turner-Bradshaw,Marshall,WR,0.102,0.048,0.173
2026,5081197,Grady Brosterhous,Utah State,QB,0.49,0.377,0.592
2026,5081209,Eli Wood,Utah State,WR,0.129,0.0,0.25
2026,5081213,DJ Black,South Carolina,WR,0.054,0.026,0.091
2026,5081332,Jaziun Patterson,Michigan State,RB,0.063,0.111,0.0
2026,5081363,Justin Williams-Thomas,Massachusetts,RB,0.1,0.154,0.0
2026,5081364,Titus Rohrer,Montana,TE,0.02,0.0,0.038
2026,5081367,Chas Nimrod,Auburn,WR,0.069,0.0,0.151
2026,5081378,Hunter Barnes,Tennessee,RB,0.054,0.087,0.0
2026,5081427,Jake Young,Western Carolina,TE,0.052,0.0,0.096
2026,5081436,Domonique Thomas,Samford,RB,0.144,0.354,0.048
2026,5081503,Teddy Gleaton,Tusculum,QB,0.258,0.333,0.063
2026,5081611,Mason Williams,Ohio State,TE,0.022,0.0,0.042
2026,5081640,Scott Isacks III,UAB,TE,0.02,0.0,0.059
2026,5081766,Jason Albritton,East Tennessee State,RB,0.094,0.184,0.01
2026,5081845,Ashton Locklear,NC State,WR,0.02,0.0,0.036
2026,5081863,Carson Brown,Hawai'i,WR,0.035,0.0,0.054
2026,5081882,Tyler Claiborne,Iowa State,WR,0.055,0.0,0.158
2026,5081934,Dallas Dudley,Abilene Christian,WR,0.016,0.0,0.027
2026,5081981,Reece Beauchamp,Marist,WR,0.028,0.0,0.049
2026,5082004,Ace Cobb,Florida A&M,WR,0.016,0.0,0.029
2026,5082118,Zach Mundell,Army,WR,0.088,0.074,0.167
2026,5082271,Quinton Jackson,Rice,RB,0.134,0.143,0.1
2026,5082304,Justin Guin,Northern Colorado,RB,0.189,0.312,0.069
2026,5082330,John Alan Richter,Toledo,QB,0.424,0.048,0.87
2026,5082407,Connor Barry,Penn State,QB,0.041,0.045,0.036
2026,5082548,A.J. Turner,Minnesota,RB,0.046,0.154,0.02
2026,5082549,DeMarcus McElroy,Merrimack,RB,0.105,0.186,0.037
2026,5082551,Beau Blankenship,Gardner-Webb,TE,0.026,0.0,0.043
2026,5082584,DJ Epps,West Virginia,WR,0.057,0.027,0.185
2026,5082587,Matthew Coleman,Sacramento State,WR,0.143,0.011,0.259
2026,5082662,Cole Boscia,California,WR,0.011,0.0,0.022
2026,5082909,Aidan Semo,UAlbany,QB,0.125,0.117,0.14
2026,5082965,Tommy Ulatowski,App State,QB,0.068,0.0,0.152
2026,5083041,Gerard Bullock,Kennesaw State,TE,0.012,0.0,0.029
2026,5083042,Skyler Locklear,Missouri State,QB,0.375,0.093,0.884
2026,5083103,Davis Bryson,Kennesaw State,WR,0.021,0.015,0.029
2026,5083111,Qua Ashley,Tennessee Tech,RB,0.109,0.174,0.053
2026,5083175,Anthony Woods,UCLA,RB,0.133,0.211,0.021
2026,5083199,Jeremiah Salem,Eastern Illinois,QB,0.065,0.0,0.188
2026,5083205,Nick Devereaux,Eastern Michigan,WR,0.12,0.0,0.209
2026,5083213,Jordan Reed,Montana State,WR,0.031,0.0,0.067
2026,5083268,Carson Jenkins,William & Mary,WR,0.058,0.014,0.107
2026,5083271,Sean McElwain,William & Mary,TE,0.033,0.0,0.072
2026,5083279,Julian Glantz,Villanova,RB,0.024,0.053,0.0
2026,5083370,Jacory Barney Jr.,Nebraska,WR,0.129,0.014,0.258
2026,5083372,Quanye Veney,Richmond,WR,0.083,0.012,0.149
2026,5083373,Ashten Snelsire,Richmond,QB,0.519,0.06,0.947
2026,5083381,Sean Clarke,Richmond,TE,0.094,0.0,0.181
2026,5083393,Marquis Buchanan,Rhode Island,WR,0.171,0.0,0.359
2026,5083395,Jaden Griffin,Franklin Pierce,RB,0.104,0.212,0.0
2026,5083407,Hunter Hopperton,Kent State,FB,0.057,0.0,0.14
2026,5083437,DJ Linkins,Stony Brook,WR,0.069,0.0,0.123
2026,5083442,Myles Thomason,New Hampshire,RB,0.314,0.456,0.198
2026,5083444,Josh Fillion,New Hampshire,WR,0.017,0.0,0.032
2026,5083457,Colby Ramshaw,New Hampshire,TE,0.038,0.0,0.063
2026,5083490,Ayden Pereira,Georgia State,QB,0.127,0.053,0.212
2026,5083500,Evan Wallace,Maine,WR,0.071,0.0,0.146
2026,5083518,Lasalle Rose Jr.,New Haven,WR,0.034,0.0,0.07
2026,5083545,Coleman Kuntz,South Dakota State,TE,0.038,0.0,0.081
2026,5083553,Rovaughn Banks Jr.,Abilene Christian,RB,0.175,0.364,0.03
2026,5083569,Jaden Craig,TCU,QB,0.51,0.097,0.985
2026,5083652,Kai Rios,Michigan State,TE,0.014,0.0,0.036
2026,5083657,Rocco Ciocca,Norfolk State,TE,0.03,0.0,0.057
2026,5083663,Plez Lawrence,North Carolina Central,RB,0.192,0.316,0.026
2026,5083726,MJ Flowers,Tennessee Tech,RB,0.203,0.337,0.084
2026,5083747,Justin Bowick,Oklahoma State,WR,0.08,0.0,0.151
2026,5083748,Cam Thompson,Northern Illinois,WR,0.052,0.04,0.067
2026,5083750,Alex Ginnever,Eastern Illinois,TE,0.052,0.0,0.111
2026,5083778,Nolan Reed,Southeast Missouri State,TE,0.015,0.0,0.027
2026,5083848,Jamar Curtis,Sacramento State,RB,0.143,0.264,0.046
2026,5083941,Collin Shannon,Murray State,QB,0.397,0.1,0.702
2026,5083966,Morgan McPhaul,Oklahoma State,TE,0.011,0.0,0.022
2026,5083976,Emari Matthews,Jackson State,RB,0.126,0.184,0.038
2026,5083981,Joanes Fortilien,Jackson State,WR,0.051,0.0,0.148
2026,5084026,Wesley Garrett,Eastern Washington,WR,0.119,0.0,0.217
2026,5084027,Miles Williams,New Mexico,WR,0.028,0.0,0.074
2026,5084047,Nate Frazier,Georgia,RB,0.089,0.164,0.017
2026,5084050,Quavel Thornton,Morgan State,WR,0.059,0.0,0.115
2026,5084084,Kevin Jennings,SMU,QB,0.475,0.132,0.739
2026,5084086,Charlie Fiser,SMU,QB,0.036,0.0,0.061
2026,5084183,Kheagian Heckaman,Prairie View A&M,TE,0.022,0.0,0.041
2026,5084208,Kameran Senegal,McNeese,WR,0.067,0.021,0.109
2026,5084210,Joshon Barbie,Marshall,RB,0.169,0.242,0.096
2026,5084266,Treylin Whaley,Nicholls,TE,0.027,0.0,0.061
2026,5084286,Makhi Frazier,Ole Miss,RB,0.064,0.141,0.0
2026,5084291,Damien McDaniel,Prairie View A&M,WR,0.096,0.013,0.165
2026,5084293,Ka'Morreun Pimpton,TCU,TE,0.035,0.0,0.075
2026,5084310,Kenji Lewis,Northern Illinois,WR,0.017,0.0,0.033
2026,5084317,Johness Davis,Duquesne,RB,0.223,0.42,0.042
2026,5084352,Bryce Patterson,Morehead State,QB,0.115,0.056,0.2
2026,5084404,Liam O'Brien,Cincinnati,QB,0.113,0.083,0.167
2026,5084409,Jared Richardson,Duke,WR,0.026,0.0,0.074
2026,5084429,Darren Morris,Boise State,WR,0.015,0.0,0.031
2026,5084459,Cincere Rhaney,Sacramento State,RB,0.086,0.16,0.0
2026,5084468,Hogan Wasson,Middle Tennessee,WR,0.067,0.0,0.108
2026,5084495,Kody Finley,Grambling,WR,0.026,0.0,0.057
2026,5084519,Rickie Shaw II,Bethune-Cookman,WR,0.061,0.0,0.154
2026,5084555,Xavier Gaillardetz,East Tennessee State,WR,0.025,0.0,0.052
2026,5084582,Jordan Gant,Akron,RB,0.184,0.294,0.086
2026,5084590,Craig Cunningham,Morehead State,RB,0.208,0.382,0.063
2026,5084657,Dakarai Anderson,Central Arkansas,WR,0.099,0.009,0.243
2026,5084663,Evan Austin,Campbell,WR,0.071,0.0,0.125
2026,5084698,Tashi Braceful,Toledo,WR,0.026,0.0,0.065
2026,5084701,John Cineas,West Georgia,WR,0.018,0.0,0.031
2026,5084704,Patrick Clacks III,Buffalo,WR,0.033,0.0,0.055
2026,5084729,BJ Fleming,Tarleton State,WR,0.07,0.0,0.137
2026,5084769,Angel H Flores,Central Michigan,QB,0.455,0.435,0.5
2026,5084771,KJ Duff,Rutgers,WR,0.206,0.0,0.391
2026,5084772,Hayden Eligon Ii,Northwestern,WR,0.018,0.0,0.038
2026,5084802,AJ Wilson,UTSA,WR,0.119,0.017,0.208
2026,5084825,Jackson White,Houston Christian,WR,0.018,0.0,0.056
2026,5084905,Jaylan Hornsby,Purdue,WR,0.027,0.0,0.057
2026,5084906,Jaden Hart,UConn,RB,0.068,0.1,0.031
2026,5084910,Josh Phifer,UCLA,TE,0.019,0.0,0.042
2026,5084941,Weston Adams,Montana,WR,0.058,0.0,0.105
2026,5084967,Victor Snow,NC State,WR,0.033,0.0,0.073
2026,5085006,Jalen Buckley,Western Michigan,RB,0.242,0.387,0.041
2026,5085022,Patrick Williams II,Grambling,TE,0.034,0.0,0.082
2026,5085023,Max Ware,Stony Brook,WR,0.013,0.0,0.024
2026,5085112,Emmett Brown,Incarnate Word,QB,0.594,0.132,0.945
2026,5085246,Tylyric Coleman,Virginia,WR,0.037,0.0,0.139
2026,5085259,Ashton Frye,Grambling,QB,0.06,0.038,0.08
2026,5085300,Jared White,Montana State,RB,0.084,0.111,0.062
2026,5085301,Taco Dowler,Montana State,WR,0.138,0.02,0.278
2026,5085335,Deion Brown,Indiana State,RB,0.042,0.095,0.0
2026,5085337,Keyone Jenkins,UCF,QB,0.043,0.0,0.089
2026,5085354,Lynel Billups-Williams,Miami (OH),WR,0.087,0.0,0.189
2026,5085405,Dwartney Wortham,Furman,WR,0.014,0.0,0.037
2026,5085496,Chauncy Cobb,Arkansas State,WR,0.127,0.046,0.245
2026,5085497,Ty Stamey,Texas State,TE,0.013,0.0,0.035
2026,5085503,Grayson O'Bara,North Texas,WR,0.014,0.0,0.033
2026,5085504,Daniel Haughton,Furman,WR,0.106,0.019,0.226
2026,5085507,D.J. Crowther,South Florida,RB,0.184,0.323,0.02
2026,5085508,Desmin Jackson,Butler,RB,0.145,0.224,0.02
2026,5085509,Chris Corbo,Georgia Tech,TE,0.028,0.0,0.045
2026,5085540,Aidan Garcia,Drake,WR,0.037,0.0,0.05
2026,5085564,Julian Mason,Idaho State,WR,0.144,0.0,0.255
2026,5085598,Tanner Beaman,Portland State,TE,0.112,0.0,0.197
2026,5085609,Treyshun Hurry,Louisville,WR,0.075,0.0,0.167
2026,5085631,Marvin Session,Weber State,WR,0.078,0.0,0.138
2026,5085677,Mitchell January,Drake,WR,0.095,0.0,0.131
2026,5085685,Taj Hughes,Northern Iowa,RB,0.107,0.083,0.143
2026,5085707,Tyler Nansel,Indiana State,TE,0.018,0.0,0.034
2026,5085729,Connor Lair,Missouri State,RB,0.075,0.12,0.0
2026,5085768,Brady McCullough,Northern Iowa,TE,0.069,0.0,0.161
2026,5085784,Chase Mason,South Dakota State,QB,0.437,0.118,0.929
2026,5085803,Gavin Nelson,Monmouth,WR,0.155,0.0,0.274
2026,5085830,Rahkeem Smith,Georgia Tech,WR,0.014,0.0,0.023
2026,5085839,Kayleb Wagner,Thomas More,RB,0.096,0.278,0.0
2026,5085846,Ethan Harris,Furman,WR,0.056,0.0,0.131
2026,5085852,Ben Croasdale,Furman,RB,0.101,0.179,0.012
2026,5085866,Gram Smithson,Furman,WR,0.042,0.0,0.111
2026,5085883,Jake Reichle,Oregon State,RB,0.099,0.235,0.056
2026,5085903,Ed Osley,Miles,RB,0.056,0.14,0.0
2026,5085913,Austin Bray,Youngstown State,TE,0.015,0.0,0.028
2026,5085972,Kainoa Carvalho,Hawai'i,WR,0.104,0.013,0.156
2026,5086034,Camryn Edwards,Michigan State,RB,0.329,0.533,0.063
2026,5086079,John Anthony,Southeast Missouri State,WR,0.084,0.0,0.17
2026,5086086,Drew Krobath,Lindenwood,WR,0.084,0.0,0.208
2026,5086091,Jared Rhodes,Lindenwood,RB,0.226,0.333,0.091
2026,5086095,Terence Marshall,Western Michigan,WR,0.017,0.0,0.038
2026,5086096,Lawayne McCoy,Louisville,WR,0.06,0.0,0.133
2026,5086097,Jaheim Merriweather,Troy,RB,0.151,0.247,0.035
2026,5086100,Tei Nacua,BYU,WR,0.014,0.0,0.043
2026,5086102,Cameron Hergott,Eastern Kentucky,WR,0.046,0.015,0.083
2026,5086174,Keynan Richardson-Cook,Campbell,WR,0.055,0.0,0.095
2026,5086182,Jack Capaldi,Maryland,QB,0.038,0.025,0.053
2026,5086202,Chris Tuck,Fordham,TE,0.045,0.0,0.096
2026,5086388,Kewan Lacy,Ole Miss,RB,0.279,0.469,0.13
2026,5086393,J'Koby Williams,Texas Tech,RB,0.285,0.407,0.154
2026,5086448,Kamrean Johnson,Wake Forest,TE,0.029,0.0,0.057
2026,5086470,Keion Dunlap,Samford,RB,0.032,0.068,0.014
2026,5086502,Laviel Pickett,UC Davis,WR,0.071,0.0,0.128
2026,5086505,Samuel Gbatu Jr.,UC Davis,WR,0.146,0.0,0.266
2026,5086540,Landyn Backey,Elon,WR,0.015,0.0,0.037
2026,5086628,AJ Jones,Middle Tennessee,WR,0.075,0.0,0.122
2026,5086629,Rex Haynes,Utah State,WR,0.034,0.0,0.067
2026,5086893,Donovan Shepard,Hampton,RB,0.106,0.198,0.012
2026,5086912,Andrew Tabor,Butler,WR,0.032,0.0,0.077
2026,5086921,Amonte Jones,North Carolina A&T,WR,0.015,0.0,0.028
2026,5086922,Mack David II,North Carolina A&T,RB,0.014,0.0,0.022
2026,5086933,Christian MacDonald,Mercyhurst,WR,0.042,0.0,0.075
2026,5086946,Elijah Kennedy,North Carolina A&T,WR,0.091,0.0,0.167
2026,5086952,Jo'Nathan Silver,Delaware,RB,0.184,0.39,0.038
2026,5086956,Elijah Sessoms,Delaware,TE,0.028,0.0,0.051
2026,5086964,Santino Correa,Marist,WR,0.03,0.0,0.061
2026,5087031,Reagan Andrew,Butler,QB,0.032,0.057,0.0
2026,5087069,Max Mosey,Rice,WR,0.016,0.01,0.043
2026,5087070,Sam Slade,Long Island University,RB,0.069,0.103,0.028
2026,5087090,Aboraa Kwarteng,Rhode Island,WR,0.093,0.0,0.196
2026,5087095,Justin Bloise,Sacred Heart,WR,0.014,0.0,0.04
2026,5087156,Nathan Hayes,North Dakota State,QB,0.417,0.102,0.921
2026,5087169,Luke Kokat,North Dakota State,TE,0.015,0.0,0.043
2026,5087198,Haydn Stay,North Dakota,TE,0.013,0.0,0.034
2026,5087199,Mason South,North Dakota,TE,0.021,0.0,0.051
2026,5087215,Sam Strandell,North Dakota,WR,0.032,0.0,0.08
2026,5087227,Lavarion Logan,Miles,RB,0.079,0.2,0.0
2026,5087241,Max Ziebarth,Illinois State,TE,0.033,0.0,0.075
2026,5087255,Jason Wonodi,Norfolk State,WR,0.058,0.0,0.154
2026,5087297,Ja'Shawn Scroggins,Howard,QB,0.539,0.231,0.863
2026,5087687,Eli Gillman,Montana,RB,0.28,0.545,0.075
2026,5087705,Ian Finch,Montana,WR,0.012,0.0,0.024
2026,5087716,Brandon Jorgensen,Southern Connecticut State,QB,0.196,0.231,0.167
2026,5087722,Justin Reshard,Stony Brook,WR,0.02,0.0,0.035
2026,5087747,Jayce Freeman,Temple,WR,0.058,0.0,0.171
2026,5087930,Jamill Williams,Jacksonville State,WR,0.089,0.019,0.185
2026,5088100,Deverious Abercrombie,Presbyterian,WR,0.059,0.0,0.116
2026,5088143,Terik Mulder,Kent State,TE,0.041,0.0,0.1
2026,5088153,Micahi Danzy,Florida State,WR,0.045,0.013,0.094
2026,5088170,Cole Clarke,Stonehill,TE,0.052,0.009,0.103
2026,5088196,Noah Canty,Duquesne,TE,0.017,0.0,0.038
2026,5088336,Makai Jackson,Liberty,WR,0.066,0.0,0.167
2026,5088421,Charles Pierre Jr.,South Dakota,RB,0.216,0.324,0.069
2026,5088435,Tysen Boze,South Dakota,WR,0.043,0.0,0.111
2026,5088564,Ellis Bynum,Prairie View A&M,RB,0.018,0.045,0.0
2026,5088565,Preston Alford,Stephen F. Austin,RB,0.136,0.205,0.056
2026,5088584,Ben Marshall,Austin Peay,TE,0.015,0.0,0.043
2026,5088851,Tre'Von Taylor,Hampton,QB,0.271,0.146,0.435
2026,5088888,Torrance Burgess Jr.,Texas State,RB,0.19,0.315,0.018
2026,5088896,Keith Jenkins Jr.,Morgan State,RB,0.118,0.203,0.051
2026,5088910,Joseph Kennerly,Morgan State,WR,0.027,0.0,0.05
2026,5088952,Eric Olsen,Oregon State,TE,0.076,0.0,0.104
2026,5088964,Sonny Mannino,Marist,QB,0.603,0.239,1.0
2026,5088974,Carter James,Mississippi Valley State,RB,0.077,0.129,0.014
2026,5088989,Gabriel Abel,St. Thomas (MN),RB,0.135,0.26,0.0
2026,5089003,Colin Chase,Temple,WR,0.033,0.0,0.098
2026,5089021,Patrick Wagner,St. Thomas (MN),TE,0.036,0.0,0.08
2026,5089028,Marcus II Harris,Tennessee Tech,RB,0.089,0.174,0.011
2026,5089171,Dominic Rezac,South Dakota State,RB,0.054,0.067,0.0
2026,5089179,Brian Henry,Abilene Christian,TE,0.048,0.0,0.086
2026,5089181,Jett Huff,Central Oklahoma,QB,0.031,0.0,0.05
2026,5089182,CJ Nelson,Ball State,WR,0.03,0.0,0.055
2026,5089279,Seth Glatz,Illinois State,RB,0.112,0.194,0.022
2026,5089300,Elijah Griffin,Alcorn State,WR,0.05,0.0,0.11
2026,5089309,Jake Stearney,Colgate,QB,0.503,0.156,0.976
2026,5089314,Hank Brown,Iowa,QB,0.432,0.149,0.725
2026,5089327,Samaj Jones,Cincinnati,QB,0.077,0.098,0.043
2026,5089335,Rowan Keefe,Valparaiso,QB,0.487,0.115,0.895
2026,5089363,Devin Yeats,Valparaiso,WR,0.138,0.0,0.229
2026,5089455,Michael Lorino III,The Citadel,RB,0.107,0.125,0.067
2026,5089502,Tyler Wilms,UAlbany,TE,0.016,0.0,0.031
2026,5089539,Censere Lee,Pittsburgh,WR,0.06,0.0,0.12
2026,5089540,Cole Gonzales,Charlotte,QB,0.525,0.156,0.887
2026,5089560,Camury Reid,Southern Utah,RB,0.127,0.15,0.098
2026,5089572,AJ Colombo,Western Carolina,WR,0.111,0.0,0.183
2026,5089859,Floyd Chalk IV,Southern Utah,RB,0.317,0.478,0.066
2026,5089860,Chance Williams,Charlotte,RB,0.187,0.313,0.085
2026,5089861,Phaizon Wilson,UT Martin,WR,0.025,0.0,0.061
2026,5091384,Dallas Elliott,Massachusetts,WR,0.038,0.0,0.108
2026,5091725,Lee Beebe,Indiana,RB,0.278,0.392,0.031
2026,5091744,Garrett Mmahat,Tulane,WR,0.065,0.0,0.132
2026,5091753,Fabian Rogosch,Troy,TE,0.029,0.0,0.07
2026,5091764,Ismael Zamor,The Citadel,WR,0.038,0.0,0.145
2026,5091828,Lofton Howard,Western Kentucky,TE,0.038,0.0,0.075
2026,5091830,Cam'Ron Lacy,Middle Tennessee,WR,0.208,0.023,0.324
2026,5091845,Zeke Wimbush,Liberty,TE,0.037,0.0,0.093
2026,5091890,Kadin Semonza,Tulane,QB,0.486,0.154,0.83
2026,5091891,Lamar Sperling,UTEP,RB,0.044,0.06,0.023
2026,5092200,Preston Rex,BYU,RB,0.055,0.081,0.02
2026,5092352,Chris Lofton,App State,WR,0.041,0.0,0.1
2026,5092410,Dorian Fleming,Maryland,TE,0.032,0.0,0.063
2026,5092438,Raeden Oliver,Morgan State,QB,0.034,0.042,0.029
2026,5092470,Tiaquelin Mims,UAB,WR,0.054,0.0,0.157
2026,5092483,Josiah Freeman,Fresno State,WR,0.091,0.0,0.217
2026,5092496,Elisha Edwards,McNeese,WR,0.119,0.0,0.227
2026,5092662,JD Sherrod,Glenville State,QB,0.107,0.278,0.028
2026,5092663,Jarvis Jones,Towson,WR,0.064,0.0,0.129
2026,5092666,Trey Firestone,Murray State,WR,0.116,0.0,0.234
2026,5092787,Marlion Jackson,Virginia Tech,WR,0.022,0.0,0.043
2026,5092806,Travion Solomon,Mercer,WR,0.087,0.0,0.198
2026,5092811,CJ Miller,Toledo,RB,0.161,0.27,0.037
2026,5092954,Max Dowling,Massachusetts,TE,0.046,0.0,0.13
2026,5092983,Luke Shields,Furman,WR,0.094,0.0,0.232
2026,5093141,Jarvis Green,Clemson,RB,0.055,0.102,0.016
2026,5093197,Jalyn Daniels,Norfolk State,RB,0.194,0.282,0.084
2026,5093361,Conor Lawlor,Wagner,WR,0.052,0.0,0.081
2026,5093362,Cole Monach,San Diego,WR,0.113,0.0,0.271
2026,5093363,Adam Criter,San Diego,RB,0.241,0.385,0.068
2026,5093373,Hayden Kincheloe,Idaho,RB,0.082,0.143,0.018
2026,5093396,Rylan Schlepp,Montana State,TE,0.015,0.0,0.031
2026,5093733,Joshua Acord,Southern Utah,TE,0.076,0.0,0.235
2026,5093750,Jack Fairchild,Southern Utah,WR,0.022,0.0,0.066
2026,5093761,Chance Arbon,Southern Utah,WR,0.03,0.0,0.08
2026,5093787,Cydd Ford,Tarleton State,WR,0.028,0.0,0.052
2026,5093815,Kymari Gray,Chicago State,WR,0.014,0.0,0.026
2026,5093837,Chris Hunter,Arizona,WR,0.073,0.016,0.125
2026,5093886,Kamari Moulton,Iowa,RB,0.23,0.373,0.101
2026,5093929,Eric Rodriguez,East Texas A&M,QB,0.538,0.218,0.85
2026,5093944,EJ Oakmon,East Texas A&M,RB,0.199,0.354,0.036
2026,5094046,Aidan Stephens,Youngstown State,WR,0.014,0.0,0.032
2026,5095078,Jayden Brown,Colorado State,RB,0.161,0.266,0.07
2026,5095114,Nate Garnett,Austin Peay,WR,0.057,0.021,0.111
2026,5095138,Trevor Wilson,Buffalo,TE,0.039,0.0,0.066
2026,5095216,Kai Coln,UAlbany,QB,0.016,0.0,0.031
2026,5095242,Cyrus Ellison,Coastal Carolina,TE,0.037,0.016,0.057
2026,5095260,Shamontae Burgess,South Carolina State,WR,0.023,0.0,0.07
2026,5095771,Ethan Greenwood,Long Island University,QB,0.125,0.09,0.163
2026,5095915,Moussa Barry,Western Kentucky,WR,0.019,0.0,0.038
2026,5096134,Keely Watson,South Carolina State,QB,0.243,0.024,0.657
2026,5096878,Dekalon Taylor,Colorado,RB,0.078,0.087,0.071
2026,5096903,Ty Yocum,Merrimack,RB,0.022,0.0,0.05
2026,5097945,Josh Shaw,South Carolina State,RB,0.114,0.181,0.0
2026,5098135,Isaiah Smith,Hampton,WR,0.027,0.0,0.059
2026,5098448,Isaiah Freeman,Howard,QB,0.103,0.068,0.143
2026,5098472,Jayden Jenkins,Delaware State,RB,0.161,0.24,0.088
2026,5098610,Terrell Walden II,Miami,RB,0.093,0.156,0.0
2026,5099305,Antonio Meeks,Wake Forest,WR,0.058,0.0,0.125
2026,5099307,Corey Petty,Florida A&M,WR,0.11,0.0,0.194
2026,5099446,Deuce Zimmerman,Northern Arizona,WR,0.03,0.013,0.057
2026,5099550,Tamaj Hoffman,Nicholls,RB,0.135,0.219,0.051
2026,5099704,KD Dorsey,Charleston Southern,WR,0.037,0.011,0.067
2026,5100368,Francisco Pratts III,Tennessee State,TE,0.019,0.0,0.036
2026,5100582,Hudson Clement,Illinois,WR,0.096,0.0,0.208
2026,5100583,Will Dixon,Rhode Island,TE,0.036,0.0,0.076
2026,5101124,Micah Alejado,Hawai'i,QB,0.657,0.118,0.952
2026,5102160,Derek Burrell,Wagner,WR,0.02,0.012,0.033
2026,5102556,Cataurus Hicks,Pittsburgh,WR,0.101,0.0,0.2
2026,5102806,Alex McDonald,Youngstown State,TE,0.034,0.0,0.068
2026,5102932,Ethan Crite,Merrimack,WR,0.041,0.0,0.067
2026,5103084,Jackson Lanier,Morehead State,RB,0.026,0.063,0.0
2026,5103514,Daidren Zipperer,Utah,WR,0.016,0.0,0.034
2026,5103639,Trelain Maddox,Georgia Tech,RB,0.097,0.148,0.068
2026,5103798,Daelen Alexander,Coastal Carolina,RB,0.029,0.051,0.0
2026,5103836,Marshaun Brown,Nevada,WR,0.038,0.013,0.082
2026,5104052,David Alpers,Jacksonville State,TE,0.025,0.0,0.054
2026,5104212,Jaren Hamilton,Arizona State,WR,0.014,0.0,0.028
2026,5104738,Ryan Browne,Purdue,QB,0.5,0.067,0.925
2026,5104817,Jackson Wasserstrom,Indiana,WR,0.016,0.0,0.059
2026,5104821,Brady Simmons,Miami (OH),WR,0.017,0.0,0.026
2026,5104888,Grady O'Neill,Sam Houston,WR,0.111,0.0,0.17
2026,5104968,Gabe Nunez,Tennessee Tech,WR,0.089,0.0,0.179
2026,5105269,Sacovie White,Georgia,WR,0.041,0.016,0.069
2026,5105334,Jackson Gilkey,Tarleton State,QB,0.024,0.043,0.0
2026,5105336,Conner Kenyon,Central Connecticut,QB,0.264,0.0,0.523
2026,5105849,Devon Dampier,Utah,QB,0.414,0.183,0.782
2026,5106299,Ca'Lil Valentine,Illinois,RB,0.263,0.483,0.038
2026,5106301,Kedren Young,Notre Dame,RB,0.069,0.111,0.032
2026,5106897,Jack O'Connell,Stonehill,QB,0.581,0.236,1.0
2026,5107875,Cole Tabb,Cincinnati,RB,0.07,0.109,0.0
2026,5108225,Josiah Martin,North Texas,WR,0.072,0.041,0.117
2026,5109511,Cooper Rusk,Toledo,WR,0.026,0.0,0.065
2026,5109518,Beau Brungard,Youngstown State,QB,0.645,0.433,0.864
2026,5109526,Da'Shaun Whatley,Youngstown State,RB,0.037,0.07,0.0
2026,5110019,Kyan Mason,Akron,WR,0.028,0.0,0.057
2026,5110029,Jaxon Branch,Eastern Washington,WR,0.128,0.0,0.238
2026,5110168,Carter Nelson,Nebraska,TE,0.014,0.0,0.029
2026,5110454,James Peoples,Penn State,RB,0.13,0.225,0.0
2026,5110460,Keonde Henry,Abilene Christian,WR,0.032,0.0,0.061
2026,5110500,Kevin Riley,Alabama,RB,0.075,0.125,0.0
2026,5110516,Arnold Barnes,Iowa State,RB,0.068,0.078,0.056
2026,5110535,Kyson Brown,Arizona State,RB,0.156,0.297,0.029
2026,5111406,Tennel Bryant,South Dakota,WR,0.049,0.01,0.111
2026,5112674,Bryant Wesco Jr.,Clemson,WR,0.11,0.017,0.21
2026,5112719,Greyton Gannon,South Dakota State,TE,0.063,0.0,0.135
2026,5113896,Cole Lacrue,Eastern Illinois,QB,0.511,0.192,0.961
2026,5114310,Chance Fitzgerald,Austin Peay,WR,0.017,0.0,0.043
2026,5114311,Jackson Harris,LSU,WR,0.033,0.0,0.074
2026,5114313,Jordan Onovughe,Stanford,WR,0.05,0.0,0.091
2026,5114331,Suderian Harrison,East Tennessee State,WR,0.099,0.02,0.186
2026,5114332,Jaivian Thomas,UCLA,RB,0.108,0.169,0.021
2026,5114594,Brycen Coleman,Vanderbilt,WR,0.015,0.0,0.034
2026,5116115,Max LeBlanc,Ohio State,TE,0.014,0.0,0.026
2026,5117836,Jamari Person,Liberty,WR,0.044,0.0,0.111
2026,5119307,Daniel Blood,Washington State,WR,0.083,0.0,0.173
2026,5119434,Trey Weary,East Tennessee State,WR,0.069,0.0,0.144
2026,5119658,JP Mikhael,Georgia Southern,TE,0.025,0.0,0.043
2026,5119659,Trent Thomas,Tennessee,TE,0.027,0.0,0.071
2026,5119743,Keynan Higgins,Jackson State,WR,0.013,0.0,0.037
2026,5119841,Dru Deshields,Kent State,QB,0.467,0.167,0.9
2026,5119873,Wyatt Hook,Akron,TE,0.014,0.0,0.029
2026,5120221,Brice Turner,Houston Christian,WR,0.034,0.0,0.097
2026,5120299,Patrick Overmyer,Houston,TE,0.086,0.0,0.235
2026,5120317,Jordan Lovett,Troy,RB,0.122,0.221,0.0
2026,5120454,Caleb Goodie,Missouri,WR,0.033,0.0,0.081
2026,5120456,Kwinten Ives,Nebraska,RB,0.045,0.03,0.063
2026,5120632,Dylan Rodd,Tennessee State,WR,0.058,0.0,0.107
2026,5120669,Akeem Wright,Boise State,WR,0.049,0.0,0.117
2026,5120735,Landon Walker,TCU,RB,0.042,0.083,0.0
2026,5120866,Jalen Brown,New Mexico State,RB,0.02,0.044,0.0
2026,5120970,Ismael Cisse,Arkansas,WR,0.043,0.0,0.079
2026,5121030,Jeremy Hecklinski,Iowa,QB,0.215,0.026,0.385
2026,5121169,Darian Mensah,Miami,QB,0.333,0.039,0.738
2026,5121170,Aiden Meeks,Stephen F. Austin,WR,0.023,0.0,0.056
2026,5121318,Mason Graham,Houston Christian,TE,0.034,0.0,0.08
2026,5121334,Jayce Brown,LSU,WR,0.027,0.0,0.062
2026,5121384,Ezekiel Avit,Fresno State,WR,0.027,0.0,0.065
2026,5121453,Eli Finley,Louisiana Tech,TE,0.078,0.016,0.16
2026,5121471,Tyshawn Russell,Syracuse,WR,0.024,0.0,0.046
2026,5121541,Cam Wallace,Penn State,RB,0.087,0.15,0.0
2026,5121571,Ezell Jolly,Arkansas State,RB,0.119,0.169,0.061
2026,5121601,Hunter Summers,Arkansas State,WR,0.059,0.0,0.143
2026,5121607,Ke'Marion Baldwin,Bowling Green,RB,0.061,0.111,0.0
2026,5121636,Adam Parks,Western Michigan,TE,0.039,0.0,0.102
2026,5121664,Kyle Mcneal,Florida International,WR,0.083,0.016,0.135
2026,5121666,Kameran Shanks,Wake Forest,WR,0.088,0.0,0.188
2026,5121691,Blaze Berlowitz,Vanderbilt,QB,0.281,0.178,0.431
2026,5121696,Nate Burleson II,New Haven,WR,0.022,0.0,0.041
2026,5121697,Jaylon Calhoun,North Alabama,RB,0.028,0.03,0.026
2026,5121707,Jarvis Hayes,Eastern Kentucky,WR,0.059,0.0,0.139
2026,5121709,Rickey Hunt,Fairmont State,RB,0.09,0.176,0.0
2026,5121720,Noah Meyers,Syracuse,TE,0.026,0.0,0.054
2026,5121721,Jekail Middlebrook,Virginia,RB,0.141,0.194,0.028
2026,5121744,Collin Carroll,Gardner-Webb,TE,0.013,0.0,0.019
2026,5121745,Marshawn Ferguson,Hampton,WR,0.048,0.01,0.094
2026,5121750,Yamir Knight,SMU,WR,0.041,0.0,0.072
2026,5121763,Za'Marion Webber,Arkansas-Pine Bluff,RB,0.094,0.17,0.0
2026,5121782,Jaelen Smith,McNeese,WR,0.015,0.0,0.032
2026,5121879,Keshaun Singleton,Auburn,WR,0.094,0.0,0.205
2026,5121893,Tony Livingston,Baylor,TE,0.012,0.0,0.023
2026,5121936,Brandon Phelps,Arizona,WR,0.015,0.0,0.028
2026,5122018,Jacob Harris,Wisconsin,TE,0.051,0.0,0.113
2026,5122033,Mitch Viviano,UAlbany,TE,0.022,0.0,0.04
2026,5122047,Jared Kelley,Kent State,WR,0.02,0.0,0.043
2026,5122054,Aidan Armenta,UL Monroe,QB,0.31,0.132,0.567
2026,5122060,Peyton Faulkner,Towson,TE,0.03,0.0,0.053
2026,5122072,Nic Trujillo,UL Monroe,WR,0.022,0.0,0.058
2026,5122076,Cole Weaver,Syracuse,WR,0.036,0.0,0.069
2026,5122077,Charlie Williams,Colorado,TE,0.026,0.0,0.063
2026,5122081,Tyler Little,Arkansas State,TE,0.033,0.0,0.063
2026,5122082,Justin Stevenson,North Texas,WR,0.043,0.0,0.1
2026,5122096,Kedarius Wade,Louisiana,WR,0.066,0.0,0.163
2026,5122106,Jackson Worley,Troy,TE,0.022,0.0,0.053
2026,5122147,Vaughn Blue,Central Michigan,RB,0.125,0.116,0.15
2026,5122155,Brady Tillman,Florida Atlantic,RB,0.064,0.118,0.022
2026,5122157,Caden Creel,Jacksonville State,QB,0.67,0.462,0.963
2026,5122162,Jordan Smith,Nicholls,WR,0.067,0.0,0.152
2026,5122231,Harlem Berry,LSU,RB,0.027,0.051,0.0
2026,5122403,Lorenzo Jenkins,Youngstown State,WR,0.029,0.0,0.056
2026,5122553,Peyton Lewis,Virginia,RB,0.074,0.108,0.0
2026,5122554,Xavier Robinson,Oklahoma,RB,0.089,0.154,0.018
2026,5122887,Luke Moga,New Mexico,QB,0.194,0.021,0.565
2026,5123048,Jason Patterson,Kentucky,RB,0.188,0.355,0.033
2026,5123665,Trey Owens,Arkansas State,QB,0.483,0.108,1.0
2026,5124334,PJ Martin,South Alabama,RB,0.235,0.344,0.082
2026,5124584,Blake Barnett,Kansas State,QB,0.097,0.045,0.185
2026,5124975,Juelz Goff,Boise State,RB,0.039,0.064,0.0
2026,5125171,Jaylen Foster,Southern Miss,RB,0.071,0.105,0.0
2026,5125335,Rodney Fields Jr.,Kansas State,RB,0.182,0.321,0.0
2026,5125366,Sesi Vailahi,Utah State,RB,0.034,0.077,0.0
2026,5125521,Arhmad Branch,South Florida,WR,0.123,0.0,0.286
2026,5125525,Jahzae Kimbrough,South Carolina State,WR,0.038,0.012,0.087
2026,5125535,Gerard Edimo,Stephen F. Austin,TE,0.042,0.0,0.1
2026,5125593,Bailey Stockton,Florida,WR,0.053,0.0,0.121
2026,5125595,Eric Nelson,Florida International,WR,0.058,0.0,0.101
2026,5125715,Colton Joseph,Wisconsin,QB,0.564,0.233,0.981
2026,5125726,CC Ezirim,Western Kentucky,TE,0.032,0.0,0.063
2026,5125730,Darrien Jones,UNLV,RB,0.037,0.044,0.031
2026,5125733,Joey Mattord,Eastern Michigan,RB,0.089,0.117,0.073
2026,5125734,Luke Mcgary,Houston,TE,0.015,0.0,0.053
2026,5125750,Jediyah Willoughby,UConn,WR,0.031,0.0,0.071
2026,5125754,Jai'Den Thomas,UNLV,RB,0.248,0.363,0.134
2026,5125765,PJ Hatter,Morehouse,QB,0.038,0.083,0.0
2026,5125768,DeAngelo Irvin Jr.,UNLV,WR,0.041,0.0,0.095
2026,5125819,Darrell Gill Jr.,Ole Miss,WR,0.033,0.0,0.059
2026,5125823,DJ McKinney,Tulsa,RB,0.053,0.074,0.033
2026,5125850,Tyree Kelly,Alcorn State,WR,0.072,0.0,0.16
2026,5125905,Corri Milliner,North Texas,WR,0.065,0.0,0.15
2026,5126468,Will Hammond,Texas Tech,QB,0.45,0.049,0.969
2026,5126470,Trever Jackson,Coastal Carolina,QB,0.014,0.026,0.0
2026,5126475,Trey Petty,Western Michigan,QB,0.155,0.129,0.192
2026,5126512,D'Marius Rucker,East Tennessee State,RB,0.074,0.122,0.031
2026,5126513,Jayden Scott,NC State,RB,0.131,0.246,0.0
2026,5126514,Harry Stewart III,Boise State,RB,0.026,0.043,0.0
2026,5126524,Jakorion Caffey,Kent State,RB,0.115,0.197,0.02
2026,5126526,Malachi Durant,Oregon State,WR,0.027,0.0,0.038
2026,5126534,Jeremy Scott,TCU,WR,0.07,0.0,0.149
2026,5127724,Christian Clark,South Carolina,RB,0.085,0.152,0.0
2026,5127805,JJ Harrell,Old Dominion,WR,0.066,0.0,0.184
2026,5128052,Dillon Hipp,Missouri State,TE,0.042,0.0,0.116
2026,5130407,Roger Saleapaga,BYU,TE,0.031,0.0,0.08
2026,5130409,Colton Heinrich,Georgia,TE,0.016,0.0,0.03
2026,5130792,Nitro Tuggle,South Carolina,WR,0.021,0.0,0.051
2026,5132253,Isiah Canion,Georgia,WR,0.041,0.0,0.086
2026,5132629,Braylon Staley,Tennessee,WR,0.042,0.0,0.12
2026,5132643,Kale Woodburn,Western Carolina,WR,0.034,0.0,0.056
2026,5132652,Ricky Johnson,Utah,WR,0.043,0.0,0.109
2026,5132812,Aaron Philo,Florida,QB,0.382,0.114,0.724
2026,5136049,Duke Watson,UCF,RB,0.138,0.214,0.071
2026,5136754,Luke Carter,Northwestern State,TE,0.026,0.0,0.056
2026,5136838,Willie Rodriguez,Kentucky,TE,0.117,0.0,0.233
2026,5138131,Deshawn Purdie,Liberty,QB,0.419,0.103,0.907
2026,5138451,Luke Reynolds,Virginia Tech,TE,0.098,0.025,0.179
2026,5139057,Ashton Bethel-Roman,Texas A&M,WR,0.033,0.0,0.077
2026,5139093,Amir Jackson,Florida,TE,0.038,0.0,0.086
2026,5140620,Connor Moberly,Iowa State,QB,0.063,0.067,0.059
2026,5141358,Kiotti Armstrong,Texas A&M,TE,0.011,0.0,0.026
2026,5141359,Dillon Alfred,Ole Miss,WR,0.016,0.0,0.029
2026,5141361,Justin Baker,Tennessee,RB,0.041,0.065,0.0
2026,5141362,Jordan Allen,Georgia Tech,WR,0.111,0.0,0.2
2026,5141364,Russell Babineaux,Louisiana,WR,0.074,0.014,0.163
2026,5141366,Bryce Baker,Virginia Tech,QB,0.11,0.038,0.192
2026,5141367,Bear Bachmeier,BYU,QB,0.438,0.108,0.96
2026,5141371,Ethan Barbour,Georgia,TE,0.033,0.0,0.069
2026,5141378,Cutter Boley,Arizona State,QB,0.511,0.141,0.857
2026,5141384,Phillip Bell,Ohio State,WR,0.015,0.0,0.028
2026,5141386,Tory Blaylock,Oklahoma,RB,0.016,0.037,0.0
2026,5141391,Dasaahn Brame,Tennessee,TE,0.014,0.0,0.045
2026,5141394,Lotzeir Brooks,Alabama,WR,0.049,0.024,0.088
2026,5141395,EJ Colson,UTEP,QB,0.535,0.388,0.814
2026,5141402,Royal Capell,UTEP,WR,0.053,0.0,0.14
2026,5141406,Deion DeBlanc,Wyoming,WR,0.018,0.0,0.053
2026,5141409,Deandre Desinor,NC State,RB,0.049,0.062,0.036
2026,5141419,Harry Dalton III,Maryland,RB,0.177,0.316,0.05
2026,5141420,Marquise Davis,Louisville,RB,0.106,0.189,0.0
2026,5141422,Gideon Davidson,Clemson,RB,0.173,0.356,0.016
2026,5141423,Jordon Davison,Oregon,RB,0.184,0.392,0.042
2026,5141431,DJ Dugar Jr.,Tulane,RB,0.019,0.034,0.0
2026,5141434,Elisha Durham,Ball State,WR,0.03,0.0,0.055
2026,5141448,Kamren Flowers,UConn,WR,0.014,0.0,0.031
2026,5141449,Ja'Kayden Ferguson,Kentucky,WR,0.016,0.0,0.038
2026,5141450,Semaj Fleming,App State,WR,0.027,0.0,0.061
2026,5141452,D'Shaun Ford,Grambling,RB,0.101,0.181,0.011
2026,5141456,TaRon Francis,West Virginia,WR,0.032,0.02,0.083
2026,5141473,AJ Hill,Arkansas,QB,0.215,0.0,0.321
2026,5141480,AJ Ia,Arizona State,TE,0.028,0.0,0.056
2026,5141487,Ty Hawkins,SMU,QB,0.291,0.136,0.394
2026,5141488,Zion Johnson,Cincinnati,RB,0.085,0.12,0.021
2026,5141499,Dierre Hill Jr.,Oregon,RB,0.264,0.49,0.111
2026,5141501,Gracen Harris,Mississippi State,WR,0.025,0.0,0.048
2026,5141505,Eugene Hilton Jr.,Wisconsin,WR,0.068,0.0,0.151
2026,5141506,Deuce Knight,Ole Miss,QB,0.197,0.174,0.206
2026,5141509,Karle Lacey Jr.,Texas,QB,0.129,0.057,0.206
2026,5141517,Bo Jackson,Ohio State,RB,0.255,0.452,0.099
2026,5141522,Iverson Howard,Maryland,RB,0.19,0.342,0.05
2026,5141524,Kaliq Lockett,Texas,WR,0.014,0.0,0.029
2026,5141525,Koby Howard,Penn State,WR,0.087,0.013,0.2
2026,5141549,David McComb,Miami (OH),QB,0.452,0.069,0.906
2026,5141556,TJ Lateef,Nebraska,QB,0.152,0.061,0.25
2026,5141558,Davon Mitchell,Grambling,TE,0.02,0.0,0.046
2026,5141559,Chris Lawson,Washington,WR,0.085,0.0,0.156
2026,5141560,Ousmane Kromah,Florida State,RB,0.269,0.443,0.019
2026,5141561,Jamarion Morrow,Texas A&M,RB,0.132,0.198,0.062
2026,5141563,Husan Longstreet,LSU,QB,0.021,0.017,0.028
2026,5141565,Byron Louis,Florida,RB,0.053,0.086,0.017
2026,5141571,George MacIntyre,Tennessee,QB,0.095,0.0,0.25
2026,5141572,Andrew Marsh,Michigan,WR,0.113,0.016,0.256
2026,5141575,Daylan Mccutcheon,Texas,WR,0.014,0.0,0.029
2026,5141582,Donovan Olugbode,Missouri,WR,0.111,0.012,0.258
2026,5141584,Naeshaun Montgomery,Missouri,WR,0.039,0.0,0.097
2026,5141586,Dakorien Moore,Oregon,WR,0.112,0.0,0.194
2026,5141593,Joshua Moore,Miami,WR,0.028,0.0,0.066
2026,5141597,Cooper Perry,California,WR,0.034,0.0,0.062
2026,5141598,Daune Morris,Tennessee,RB,0.105,0.167,0.0
2026,5141599,Cortez Mills Jr.,Nebraska,WR,0.045,0.0,0.094
2026,5141602,Ryan Montgomery,Georgia,QB,0.049,0.016,0.086
2026,5141605,Luke Nickel,Miami,QB,0.097,0.013,0.197
2026,5141607,Isaiah Mozee,Nebraska,RB,0.107,0.192,0.015
2026,5141623,Jamarion Parker,Grambling,RB,0.081,0.152,0.0
2026,5141628,Jaden Perez,North Alabama,WR,0.018,0.0,0.044
2026,5141629,Keelon Russell,Alabama,QB,0.503,0.179,0.965
2026,5141634,Steele Pizzella,Wake Forest,QB,0.059,0.031,0.086
2026,5141643,Adam Schobel,TCU,QB,0.014,0.0,0.03
2026,5141656,Nate Roberts,Ohio State,TE,0.015,0.0,0.028
2026,5141668,Taevion Swint,UCF,RB,0.06,0.107,0.018
2026,5141671,Talyn Taylor,Georgia,WR,0.049,0.016,0.086
2026,5141677,Ja'Kyrian Turner,Pittsburgh,RB,0.013,0.0,0.022
2026,5141684,Austin Simmons,Missouri,QB,0.333,0.036,0.774
2026,5141686,James Simon,Texas,RB,0.043,0.086,0.0
2026,5141695,Malik Washington,Maryland,QB,0.487,0.079,0.888
2026,5141697,Winston Watkins,LSU,WR,0.115,0.02,0.235
2026,5141701,Isaiah West,Ohio State,RB,0.073,0.113,0.042
2026,5141705,CJ Spence,Virginia,WR,0.031,0.0,0.083
2026,5141711,Ryan Williams,Alabama,WR,0.07,0.024,0.14
2026,5141714,Kamran Williams,UNLV,RB,0.014,0.028,0.0
2026,5141719,Elijah Thomas,Oklahoma,WR,0.05,0.0,0.143
2026,5141723,Dallas Wilson,Florida,WR,0.084,0.0,0.19
2026,5141729,Michael Terry III,Texas,RB,0.043,0.086,0.0
2026,5141741,Bryce Underwood,Michigan,QB,0.623,0.371,1.0
2026,5141742,Jabree Coleman,South Carolina,RB,0.077,0.127,0.017
2026,5141749,CJ Wiley,Georgia,WR,0.016,0.0,0.034
2026,5141756,Elyiss Williams,Georgia,TE,0.033,0.0,0.069
2026,5141757,Emaree Winston,Texas,TE,0.054,0.0,0.113
2026,5141795,Braylon Isom,Miami (OH),WR,0.102,0.0,0.158
2026,5141955,Jaydon Smith,UT Rio Grande Valley,WR,0.068,0.0,0.115
2026,5141975,Tanook Hines,USC,WR,0.021,0.0,0.05
2026,5142226,Xavier Williams,Iowa,RB,0.079,0.134,0.029
2026,5142238,Tyler Mason,Virginia Tech,RB,0.031,0.063,0.0
2026,5142261,Brevin Doll,Iowa,RB,0.013,0.026,0.0
2026,5142265,Ryan Ward,West Virginia,TE,0.014,0.0,0.074
2026,5142319,Kyan Berry-Johnson,Sam Houston,WR,0.03,0.0,0.045
2026,5142591,Kaleb Edwards,Alabama,TE,0.013,0.0,0.031
2026,5142596,James Flanigan,Notre Dame,TE,0.048,0.0,0.103
2026,5142597,Thomas Meyer,Iowa,TE,0.017,0.0,0.033
2026,5142600,Waden Charles,UCF,WR,0.093,0.0,0.152
2026,5142604,Brock Schott,Indiana,TE,0.022,0.0,0.067
2026,5142704,Carson Bruhn,Kansas,TE,0.034,0.0,0.086
2026,5142753,Jesse Watson,Purdue,WR,0.027,0.0,0.057
2026,5143191,Micah Ford,Stanford,RB,0.295,0.61,0.065
2026,5143595,Shaun Boykins,Delaware State,WR,0.203,0.323,0.08
2026,5143596,Jackson Ford,San Diego State,TE,0.017,0.0,0.049
2026,5143842,Brock Montgomery,Tennessee State,WR,0.034,0.0,0.06
2026,5143919,Jordan Malau'ulu,Fresno State,WR,0.015,0.0,0.033
2026,5143923,Derek Meadows,Alabama,WR,0.013,0.0,0.031
2026,5144078,Ethan Grunkemeyer,Virginia Tech,QB,0.429,0.088,0.808
2026,5144160,Keelan Smith,Nebraska,WR,0.014,0.0,0.029
2026,5144164,Riley Wormley,USC,RB,0.05,0.051,0.051
2026,5144288,Ben Grice,Rice,WR,0.047,0.029,0.13
2026,5144409,Dorian Williams,Youngstown State,WR,0.039,0.01,0.068
2026,5144785,Julian Johnson,Minnesota,TE,0.015,0.0,0.02
2026,5144853,Landon Wright,Boston College,WR,0.031,0.0,0.069
2026,5144956,Ryan Brotherton,Western Michigan,TE,0.017,0.0,0.038
2026,5144959,Drake Lindsey,Minnesota,QB,0.551,0.058,0.89
2026,5144962,Jalen Smith,Minnesota,WR,0.101,0.0,0.171
2026,5145207,Bryce Cain,Auburn,WR,0.013,0.029,0.0
2026,5145396,Miles O'Neill,North Carolina,QB,0.127,0.038,0.222
2026,5145453,Jeremiah Melvin,East Carolina,WR,0.178,0.0,0.342
2026,5145459,Nate Bennett,Baylor,QB,0.447,0.024,0.86
2026,5145523,Jae Beasley II,UNLV,TE,0.013,0.0,0.026
2026,5145553,Tyler Cherry,Indiana,QB,0.048,0.0,0.176
2026,5145592,Tyler Budge,Rhode Island,QB,0.585,0.237,0.978
2026,5145653,Austin McGee,Georgia State,WR,0.028,0.0,0.061
2026,5145737,Matthew Fuller,South Carolina,RB,0.155,0.266,0.017
2026,5145738,Aaron Crossley,Lehigh,RB,0.082,0.11,0.0
2026,5145788,Gael Ochoa,Rice,QB,0.11,0.057,0.5
2026,5145789,Cole Geer,Virginia,QB,0.094,0.054,0.167
2026,5146164,Logan Saldate,Notre Dame,WR,0.045,0.0,0.091
2026,5146273,DJ Murray Jr.,Georgia State,RB,0.149,0.19,0.091
2026,5146355,AJ Hairston,Merrimack,QB,0.367,0.144,0.579
2026,5146576,Joshua Porter,South Florida,WR,0.096,0.0,0.224
2026,5146661,Daniel Beale,Louisiana,QB,0.132,0.051,0.259
2026,5146664,Henry Hasselbeck,App State,QB,0.068,0.075,0.063
2026,5146667,Khristian Martin,Fresno State,QB,0.045,0.053,0.043
2026,5146670,Alessio Milivojevic,Michigan State,QB,0.424,0.1,0.906
2026,5146689,Brock Townsend,Central Michigan,RB,0.027,0.043,0.0
2026,5146708,Sean Patrick,Akron,RB,0.149,0.221,0.086
2026,5146711,Da'Jaun Riggs,Oregon,RB,0.016,0.037,0.0
2026,5146712,Dylan Riley,Boise State,RB,0.287,0.45,0.083
2026,5146719,CJ Brown,Arkansas,WR,0.061,0.0,0.112
2026,5146720,Will Cianfrini,San Diego State,WR,0.017,0.0,0.049
2026,5146722,Devonte Lyons,Florida International,RB,0.128,0.297,0.011
2026,5146723,Isaiah McMorris,Missouri State,WR,0.025,0.0,0.077
2026,5146724,Turbo Richard,Indiana,RB,0.25,0.338,0.063
2026,5146725,Kaden Shields-Dutton,Florida Atlantic,RB,0.052,0.066,0.034
2026,5146726,Kiefer Sibley,New Mexico,RB,0.104,0.128,0.065
2026,5146728,Koby Young,Houston,WR,0.065,0.012,0.157
2026,5146735,Charlie Becker,Indiana,WR,0.074,0.0,0.25
2026,5146736,Sanfrisco Magee,Mississippi State,WR,0.061,0.0,0.141
2026,5146739,Tra'Mar Harris,Purdue,WR,0.041,0.0,0.086
2026,5146743,Kezion Dia-Johnson,Massachusetts,WR,0.029,0.015,0.054
2026,5146745,Jacob Emmers,Incarnate Word,WR,0.041,0.0,0.088
2026,5146746,Jayden Fortier,Stephen F. Austin,TE,0.013,0.0,0.032
2026,5146747,Javarius Green,Boston College,WR,0.109,0.03,0.203
2026,5146748,Tre Griffiths,Hawai'i,WR,0.032,0.0,0.051
2026,5146751,Jose Leon,Bryant,WR,0.041,0.0,0.093
2026,5146753,Shamar Rigby,Wisconsin,WR,0.017,0.0,0.038
2026,5146754,Jacob Simpson,Minnesota,TE,0.014,0.0,0.031
2026,5146757,Zach Williams,USC,WR,0.036,0.008,0.071
2026,5146761,Jewlyen Roberts,Tulsa,TE,0.014,0.0,0.027
2026,5146764,Benjamin Blackburn,Stanford,TE,0.129,0.0,0.234
2026,5146769,Dominic Toy,Colorado State,TE,0.022,0.0,0.042
2026,5146781,Xavier Gayten,Mississippi State,RB,0.041,0.072,0.0
2026,5146903,Brayden Roggow,Akron,QB,0.106,0.015,0.2
2026,5146936,Ty Curran,Holy Cross,WR,0.137,0.0,0.25
2026,5146972,Ayden Harris,Kent State,RB,0.041,0.083,0.0
2026,5146987,Brandon Young Jr.,UTSA,TE,0.037,0.033,0.042
2026,5146995,Devyn Zahursky,Cincinnati,TE,0.013,0.0,0.033
2026,5147046,Ben Black,Rutgers,WR,0.031,0.0,0.058
2026,5147053,Wayne Harris,Kent State,WR,0.09,0.0,0.22
2026,5147067,Chris Dietrich,Bucknell,QB,0.632,0.175,1.0
2026,5147167,Gus Donnerberg,Idaho,TE,0.021,0.0,0.04
2026,5147191,Javon Rogers,Kennesaw State,WR,0.057,0.0,0.114
2026,5147204,Jalen Washington,Central Arkansas,RB,0.131,0.183,0.054
2026,5147330,James Giggey,Arizona State,TE,0.015,0.016,0.014
2026,5147337,Witt Edwards,Missouri State,WR,0.017,0.0,0.047
2026,5147346,Jywon Boyd,Troy,WR,0.036,0.0,0.088
2026,5147347,Austyn Dendy,Bowling Green,RB,0.241,0.388,0.043
2026,5147376,Kameron Courtney,Virginia,WR,0.052,0.0,0.194
2026,5147379,Sire Gaines,Boise State,RB,0.21,0.338,0.05
2026,5147382,Reed Jesiolowski,Kennesaw State,TE,0.029,0.0,0.057
2026,5147405,Andy Bass,Oklahoma,RB,0.033,0.053,0.0
2026,5147463,Tyler Stewart,Indiana State,WR,0.042,0.0,0.08
2026,5147465,Tucker Parks,Abilene Christian,QB,0.175,0.103,0.226
2026,5147475,Aidan Glover,UT Martin,QB,0.041,0.057,0.029
2026,5147510,Isiah Jones,NC State,RB,0.042,0.07,0.0
2026,5147756,Taji Atkins,Texas State,RB,0.014,0.026,0.0
2026,5147757,Arrington Maiden,James Madison,QB,0.19,0.121,0.286
2026,5147861,Adam Mohammed,California,RB,0.403,0.734,0.16
2026,5147872,Matthew Wilson,Austin Peay,QB,0.11,0.078,0.152
2026,5148303,Eli Sisson,North Alabama,TE,0.014,0.0,0.031
2026,5148424,Nick Segarra,Furman,TE,0.017,0.0,0.036
2026,5148427,Landyn Locke,Sam Houston,QB,0.689,0.152,0.977
2026,5148535,Brett Eskildsen,Penn State,WR,0.065,0.0,0.164
2026,5148609,Quintin Simmons Jr.,Miami (OH),WR,0.017,0.0,0.038
2026,5148611,Will Wilson,NC State,QB,0.221,0.231,0.218
2026,5148624,Quinn Clark,Nebraska,WR,0.021,0.0,0.045
2026,5148651,Vernon Allen III,Rutgers,WR,0.016,0.0,0.024
2026,5148654,Jaylen Patterson,Sacramento State,QB,0.042,0.071,0.0
2026,5148656,Caden Piening,UCF,TE,0.026,0.0,0.054
2026,5148658,Carter Jackson,Nevada,RB,0.051,0.071,0.0
2026,5148664,Corey Simms,USC,WR,0.054,0.0,0.122
2026,5148741,Khamani Alexander,Charlotte,RB,0.158,0.313,0.028
2026,5148777,Titan Lacaden,Hawai'i,WR,0.03,0.0,0.048
2026,5148784,TK Keyes,Troy,WR,0.079,0.0,0.193
2026,5148787,Wyatt Young,Oklahoma State,WR,0.091,0.013,0.161
2026,5148803,Brad Jackson,Texas State,QB,0.451,0.202,0.877
2026,5148821,Hunter Andrews,Utah,TE,0.036,0.012,0.073
2026,5148822,Chris Barnes,Oklahoma State,WR,0.051,0.0,0.097
2026,5148852,Antonio Floyd,Eastern Michigan,WR,0.019,0.0,0.034
2026,5148858,Jared Hollins,South Alabama,QB,0.011,0.018,0.0
2026,5148887,Jyron Waiters,Campbell,WR,0.063,0.0,0.109
2026,5148905,Carter Vargas,California,RB,0.09,0.103,0.087
2026,5148995,Brady Kluse,Memphis,WR,0.034,0.0,0.087
2026,5149003,Samari Reed,Ole Miss,WR,0.016,0.0,0.029
2026,5149004,Kyle Washington,Georgia State,WR,0.028,0.0,0.073
2026,5149006,Evans Chuba,Purdue,QB,0.095,0.026,0.171
2026,5149007,Miles Coleman,Oklahoma State,WR,0.074,0.0,0.14
2026,5149056,Jadyn Glasser,Central Michigan,QB,0.223,0.13,0.4
2026,5149220,Baron Tipton,North Texas,WR,0.043,0.0,0.1
2026,5149265,Kylen Evans,Texas State,WR,0.059,0.0,0.158
2026,5149302,Cedric Lott Jr.,Incarnate Word,TE,0.01,0.0,0.018
2026,5149473,Thomas Blackshear,Georgia,WR,0.066,0.0,0.121
2026,5149484,Phillip Wright III,LSU,WR,0.038,0.01,0.074
2026,5149563,DJ Butler,Houston,RB,0.065,0.094,0.02
2026,5149599,Kenyon Massey,Merrimack,WR,0.119,0.0,0.234
2026,5149831,Kayden McGee,UNLV,WR,0.05,0.027,0.082
2026,5149908,Greg Burrell,Concord,RB,0.154,0.345,0.0
2026,5149910,Tristen Brown,Vanderbilt,WR,0.037,0.0,0.086
2026,5150003,Terrance Shelton Jr.,Buffalo,RB,0.026,0.0,0.044
2026,5150125,Brandon Tullis,Michigan State,RB,0.055,0.093,0.0
2026,5150277,Jace Petty,Troy,WR,0.058,0.0,0.14
2026,5150297,Cale Hellums,Army,QB,0.324,0.231,0.792
2026,5150311,Tre Benson III,Army,WR,0.056,0.07,0.0
2026,5150312,David Clerk,Army,WR,0.028,0.018,0.077
2026,5150313,Kanye Udoh,Liberty,RB,0.015,0.024,0.0
2026,5150316,Samari Howard,Army,WR,0.103,0.065,0.292
2026,5150326,Carson Smith,Army,RB,0.056,0.07,0.0
2026,5150328,Brady Mott,Army,WR,0.015,0.019,0.0
2026,5150329,Jake Rendina,Army,RB,0.066,0.083,0.0
2026,5150332,Kurt Thompson,Army,WR,0.014,0.0,0.077
2026,5150333,Parker Poloskey,Army,TE,0.031,0.0,0.182
2026,5150341,Brody Eaton,Villanova,TE,0.022,0.0,0.048
2026,5150373,Tobi Olawole,Army,WR,0.016,0.0,0.091
2026,5150418,KK Smith,Michigan State,WR,0.012,0.0,0.028
2026,5150424,Jordan Faison,Notre Dame,WR,0.092,0.0,0.194
2026,5150425,Alex Whitman,San Diego,WR,0.014,0.0,0.036
2026,5150426,Deljay Bailey,Norfolk State,QB,0.49,0.245,0.819
2026,5150452,Bryan Domino,St. Thomas (MN),WR,0.017,0.0,0.035
2026,5150457,Daniel Shaban,Colgate,RB,0.371,0.587,0.11
2026,5150460,John Neider,West Virginia,WR,0.029,0.0,0.148
2026,5150497,Derek Kee,The Citadel,WR,0.013,0.0,0.067
2026,5150518,Tyler Evans,Robert Morris,WR,0.068,0.0,0.133
2026,5150561,Olsen Patt-Henry,Clemson,TE,0.024,0.0,0.048
2026,5150635,Koa Eldredge,Hawai'i,WR,0.013,0.0,0.021
2026,5150636,Devin Downing,Southern Utah,WR,0.07,0.0,0.216
2026,5150645,Ui Ale,Delaware State,QB,0.45,0.135,0.784
2026,5150653,Ayden Price,Northern Iowa,WR,0.015,0.024,0.0
2026,5150655,Judah Mallette,Drake,WR,0.013,0.0,0.018
2026,5150658,Rusty VanWetzinga,Central Michigan,FB,0.016,0.0,0.043
2026,5150663,Champ Long,North Carolina A&T,QB,0.018,0.0,0.036
2026,5150668,Alec Hughes,Fordham,WR,0.02,0.0,0.042
2026,5150671,Jaden Fair,Richmond,WR,0.061,0.0,0.117
2026,5150680,Max Shikenjanski,Minnesota,QB,0.055,0.026,0.094
2026,5150681,Cade Osterman,North Dakota State,WR,0.014,0.0,0.038
2026,5150693,Vince Benetti,Iowa State,TE,0.049,0.0,0.139
2026,5150694,Tripp Walsh,New Mexico,TE,0.028,0.0,0.074
2026,5150786,Makenzie McGill,Abilene Christian,RB,0.024,0.021,0.027
2026,5150825,Donovan Delaney,Kent State,RB,0.041,0.042,0.043
2026,5150831,Jeremy Bell,Georgia,WR,0.016,0.037,0.0
2026,5150834,Destyn Hill,Tulane,WR,0.103,0.019,0.189
2026,5150845,Goldie Lawrence,Coastal Carolina,WR,0.015,0.0,0.029
2026,5150865,Elijah Jackson,Ball State,RB,0.048,0.091,0.026
2026,5150896,Hayden Rollison,Virginia,TE,0.016,0.0,0.042
2026,5150998,Blake Baker,Louisiana Tech,QB,0.422,0.127,0.82
2026,5151037,Jason Jeffares,Charlotte,TE,0.029,0.0,0.056
2026,5151060,Cole Ballard,Kansas,QB,0.055,0.012,0.121
2026,5151062,TJ Crews IV,Elon,QB,0.194,0.055,0.43
2026,5151063,Carson Morgan,Rice,RB,0.085,0.1,0.0
2026,5151067,Hunter Luke,UT Rio Grande Valley,WR,0.012,0.0,0.024
2026,5151080,Garrett Harstad,Northern Colorado,WR,0.055,0.0,0.118
2026,5151092,Chapman McKown,Central Arkansas,RB,0.052,0.061,0.041
2026,5151111,Jamarian Samuel,Georgia Southern,RB,0.083,0.149,0.051
2026,5151112,David Mbadinga,Georgia Southern,RB,0.055,0.106,0.031
2026,5151128,Corey Landers,Houston Christian,RB,0.056,0.09,0.0
2026,5151171,Will Burns,Southern Utah,QB,0.482,0.239,0.961
2026,5151200,Qua'Vez Humphreys,Western Kentucky,WR,0.019,0.0,0.038
2026,5151218,Lucian Anderson III,South Carolina,QB,0.021,0.013,0.034
2026,5151274,Drayden Dickmann,Wake Forest,WR,0.044,0.0,0.086
2026,5151276,Landon Ransom-Goelz,Montana,WR,0.085,0.011,0.15
2026,5151291,Cash Mccollum,Weber State,QB,0.075,0.111,0.059
2026,5151316,Brandon Tennison,UTSA,QB,0.033,0.0,0.069
2026,5151338,Viliami Teu,San José State,RB,0.042,0.088,0.0
2026,5151339,Anthony Garcia,Utah State,WR,0.027,0.0,0.053
2026,5151342,Cooper Hoch,San José State,WR,0.094,0.0,0.187
2026,5151350,Kamaehu Kopa-Kaawalauole,San José State,TE,0.03,0.0,0.055
2026,5151368,Micah Woods,South Alabama,WR,0.056,0.0,0.148
2026,5151369,Messiah Burch,Buffalo,RB,0.137,0.31,0.033
2026,5151370,Anthony Policare,St. Thomas (MN),QB,0.537,0.295,0.825
2026,5151405,Jaceon Doss,Nevada,WR,0.014,0.0,0.03
2026,5151407,Jack Jacobs,East Texas A&M,QB,0.289,0.017,0.615
2026,5151474,Owen McGraw,Robert Morris,RB,0.03,0.053,0.0
2026,5151494,Tayte Vanderleest,Central Michigan,WR,0.032,0.0,0.087
2026,5151506,Josh Holst,South Dakota State,QB,0.056,0.022,0.143
2026,5151518,Kyle Thomas,Southern Illinois,WR,0.099,0.0,0.22
2026,5151526,MJ Johnson,Southern Miss,WR,0.041,0.013,0.081
2026,5151618,Kirk Francis,Texas Tech,QB,0.014,0.0,0.03
2026,5151670,Dylan Wroblewski,Grambling,WR,0.025,0.0,0.057
2026,5151680,Galen Combs,Robert Morris,WR,0.13,0.0,0.276
2026,5151689,Julian Allen,UConn,WR,0.024,0.0,0.054
2026,5151696,RJ Johnson III,Grambling,QB,0.342,0.057,0.701
2026,5151868,Bryson Hayes,Kansas,WR,0.026,0.0,0.08
2026,5151882,Ryder Bumgarner,Central Washington,RB,0.269,0.538,0.0
2026,5151892,Ja'Kobi Jackson,Ohio State,RB,0.102,0.21,0.014
2026,5151893,Anthony Rubio,Florida,RB,0.023,0.043,0.0
2026,5151942,Bruin Fleischmann,Montana State,TE,0.014,0.0,0.026
2026,5151966,Jalen Butler,Kansas,TE,0.014,0.0,0.034
2026,5151984,Preston Ross,Furman,TE,0.033,0.0,0.071
2026,5152007,Luke Moffitt,Abilene Christian,WR,0.024,0.0,0.041
2026,5152029,Tre Guerra,Coastal Carolina,QB,0.057,0.0,0.129
2026,5152045,Malachi Henry,Cincinnati,WR,0.028,0.0,0.085
2026,5152073,Aiden Ramos,Tarleton State,RB,0.015,0.026,0.0
2026,5152103,Brooks Wheatley,Cal Poly,WR,0.025,0.024,0.028
2026,5152110,Nate Bell,Eastern Washington,QB,0.699,0.351,1.0
2026,5152153,Tyler Mizzell,Ball State,QB,0.038,0.019,0.055
2026,5152158,Deuce Alexander,Ole Miss,WR,0.1,0.0,0.203
2026,5152237,Kendal Donovan,Central Connecticut,RB,0.06,0.121,0.0
2026,5152243,Amarri Pitts,Central Connecticut,WR,0.031,0.0,0.062
2026,5152250,Michael Trovarelli,Central Connecticut,WR,0.104,0.03,0.188
2026,5152255,Eli Daniels,Central Connecticut,WR,0.031,0.0,0.062
2026,5152257,Ryan Turley,Central Connecticut,TE,0.016,0.0,0.031
2026,5152263,Dave Pardo,Central Connecticut,WR,0.031,0.0,0.062
2026,5152277,Owen Garwood,Bucknell,WR,0.053,0.0,0.094
2026,5152289,TJ Cadden,Bucknell,WR,0.099,0.019,0.158
2026,5152291,Sam Milligan,Bucknell,WR,0.211,0.05,0.34
2026,5152294,Landon Hochstein,Butler,TE,0.036,0.0,0.102
2026,5152316,Blake Matthews,Butler,WR,0.04,0.0,0.13
2026,5152317,Michael Nix,Butler,WR,0.032,0.0,0.077
2026,5152328,Andrew Frazier,Davidson,WR,0.068,0.08,0.064
2026,5152333,Jacary Lightsey,Davidson,WR,0.157,0.0,0.262
2026,5152356,Alani Ajigbotosho,Davidson,WR,0.102,0.0,0.17
2026,5152378,Walker Tart,Drake,WR,0.013,0.0,0.018
2026,5152379,Jake Metze,Drake,RB,0.029,0.05,0.023
2026,5152414,Beau Sparks,Texas State,WR,0.068,0.0,0.167
2026,5152418,Bryce Parker,Tarleton State,WR,0.123,0.0,0.18
2026,5152425,Justin Buhler,Utah Tech,TE,0.015,0.031,0.0
2026,5152426,Kona Crowell,Utah Tech,RB,0.108,0.125,0.1
2026,5152442,Chance Wilson,Southeast Missouri State,QB,0.116,0.195,0.0
2026,5152503,Adam Damante,New Mexico State,QB,0.061,0.025,0.125
2026,5152514,Myseth Currie,Northern Arizona,WR,0.07,0.0,0.148
2026,5152578,Winston Moore,Colgate,WR,0.112,0.018,0.244
2026,5152600,Reed Swanson,Boston College,WR,0.044,0.0,0.094
2026,5152606,Ricky Gonzalez II,Fordham,WR,0.057,0.0,0.123
2026,5152610,Nodin Tracy,Fordham,WR,0.089,0.0,0.192
2026,5152626,Jacob Holtschlag,Georgetown,QB,0.276,0.0,0.556
2026,5152630,Jayvin Pyle-Thompson,Georgetown,WR,0.069,0.0,0.148
2026,5152631,Bryce Cox,Georgetown,RB,0.086,0.148,0.037
2026,5152650,Burke Carroll,Georgetown,TE,0.034,0.0,0.074
2026,5152659,Shaun Purvy,Lafayette,WR,0.014,0.0,0.023
2026,5152661,Carson Persing,Lafayette,WR,0.102,0.0,0.187
2026,5152668,Ethan Weber,Lafayette,RB,0.031,0.063,0.0
2026,5152669,Kente Edwards,Coastal Carolina,RB,0.043,0.077,0.0
2026,5152681,Benjamin Bussiere,Lafayette,WR,0.042,0.0,0.07
2026,5152682,Ethan Hosak,Lafayette,TE,0.029,0.0,0.053
2026,5152699,Luke Yoder,Lehigh,RB,0.33,0.421,0.064
2026,5152706,Connor Hilling,Lehigh,RB,0.054,0.074,0.0
2026,5152717,Mason Humphrey,North Carolina,WR,0.035,0.0,0.07
2026,5152719,Joseph Marranca,Lehigh,TE,0.015,0.0,0.064
2026,5152778,Gabe Downing,Portland State,QB,0.64,0.107,0.989
2026,5152791,Delon Thompson,Portland State,RB,0.254,0.544,0.063
2026,5152796,Onterrio Smith Jr.,Sacramento State,WR,0.128,0.0,0.241
2026,5152815,Danny Scudero,Colorado,WR,0.066,0.024,0.125
2026,5152821,David Rasor,Incarnate Word,QB,0.034,0.027,0.044
2026,5152826,Jordan Fisher,UC Davis,RB,0.227,0.42,0.101
2026,5152839,Jaylen King,Mercer,QB,0.574,0.288,0.93
2026,5152864,Jackson Head,Austin Peay,TE,0.034,0.0,0.083
2026,5152926,Pax Hughes,Nicholls,TE,0.012,0.0,0.025
2026,5153065,Branden Ganashamoorthy,Washington State,WR,0.046,0.018,0.077
2026,5153069,Luke Leighton,Cal Poly,TE,0.015,0.0,0.029
2026,5153074,Carlos Hernandez,Wake Forest,WR,0.117,0.0,0.25
2026,5153244,Colbey Lamberth,Eastern Kentucky,TE,0.017,0.0,0.053
2026,5153246,Jackson House,Eastern Kentucky,WR,0.043,0.0,0.101
2026,5153251,Brayden Latham,Eastern Kentucky,RB,0.271,0.429,0.076
2026,5153266,Simon Ghee,Eastern Kentucky,TE,0.034,0.0,0.105
2026,5153318,A.J. Little,Southern Miss,WR,0.055,0.0,0.129
2026,5153369,Ja'Keith Hamilton,East Carolina,WR,0.041,0.0,0.079
2026,5153373,Jalen Walker,Hampton,WR,0.014,0.0,0.033
2026,5153377,Brock Chappell,Louisiana,TE,0.057,0.0,0.136
2026,5153389,Colton Hinton,Coastal Carolina,WR,0.052,0.0,0.1
2026,5153399,Adjatay Dabbs,Toledo,WR,0.119,0.0,0.259
2026,5153401,Brayden Smith,Mercer,WR,0.133,0.0,0.302
2026,5153408,Kendall Harris,Old Dominion,WR,0.041,0.0,0.087
2026,5153410,Sam Albee,Mercer,TE,0.041,0.0,0.093
2026,5153466,Eyasu Palmore,Robert Morris,TE,0.023,0.0,0.052
2026,5153483,Cole Ruble,Southeast Missouri State,RB,0.029,0.049,0.0
2026,5153485,Andrew Civey,Southeast Missouri State,TE,0.034,0.0,0.062
2026,5153499,Donnie Cheers,Nevada,WR,0.115,0.051,0.224
2026,5153501,Anthony Westervelt,Southeast Missouri State,WR,0.02,0.0,0.043
2026,5153655,Ja'kheo Mitchell,Utah Tech,WR,0.072,0.036,0.106
2026,5153697,Ammon Munyer,Weber State,TE,0.044,0.016,0.069
2026,5153708,Keali'i Ah Yat,Montana,QB,0.021,0.0,0.037
2026,5153730,Jaden Barnes,Charlotte,WR,0.108,0.0,0.211
2026,5153731,Ty Watkins,North Alabama,QB,0.022,0.037,0.0
2026,5153736,Kaden Williams,Austin Peay,RB,0.075,0.083,0.069
2026,5153737,Courtland Simmons,Austin Peay,RB,0.165,0.254,0.061
2026,5153764,Aidan Littles,Tennessee Tech,RB,0.017,0.036,0.0
2026,5153782,Amari Odom,Syracuse,QB,0.051,0.025,0.081
2026,5153792,Jack Purdy,Wofford,WR,0.018,0.0,0.038
2026,5153813,Nick Laughlin,Maine,RB,0.203,0.244,0.18
2026,5153815,Tristen Kenan,Towson,RB,0.081,0.154,0.024
2026,5153824,Elijah Smalls,Maine,TE,0.06,0.0,0.124
2026,5153837,Jake Kucera,Fordham,TE,0.02,0.0,0.037
2026,5153846,Nick Minicucci,Delaware,QB,0.532,0.136,0.823
2026,5153849,Daniel Lipovski,Lafayette,QB,0.496,0.05,0.867
2026,5153852,Ja'Carree Kelly,New Hampshire,WR,0.107,0.0,0.209
2026,5153870,Donovan Lewis,Delaware,WR,0.05,0.0,0.089
2026,5153887,Tra Neal,Monmouth,WR,0.145,0.011,0.25
2026,5153888,Matthew Iuvara,UAlbany,WR,0.048,0.0,0.094
2026,5153889,Joshua Derry,UCF,WR,0.06,0.0,0.125
2026,5153892,Arturo Johnson Jr.,Central Connecticut,TE,0.023,0.0,0.046
2026,5153905,Marcus Middleton,Monmouth,TE,0.076,0.0,0.152
2026,5153906,Shane Garrett,Monmouth,TE,0.048,0.0,0.079
2026,5153911,Drew Danson,New Hampshire,TE,0.019,0.0,0.036
2026,5153973,Alvarez Baker,Rhode Island,WR,0.031,0.041,0.022
2026,5153977,Jamaal Brown,Richmond,RB,0.108,0.226,0.0
2026,5153978,Camden Coleman,James Madison,QB,0.265,0.031,0.596
2026,5153983,Aziz Foster-Powell,Richmond,RB,0.166,0.313,0.043
2026,5153994,Landon Ellis,UCLA,WR,0.038,0.0,0.083
2026,5154000,Nolan Clayton,Villanova,TE,0.033,0.0,0.071
2026,5154007,Ja'briel Mace,Villanova,RB,0.182,0.307,0.071
2026,5154013,Isaiah Ragland,Villanova,RB,0.221,0.409,0.048
2026,5154016,Ryan Sorge,Villanova,WR,0.016,0.0,0.029
2026,5154019,Noah Brannock,Delaware State,QB,0.222,0.129,0.309
2026,5154031,Garrett Robertson,William & Mary,WR,0.015,0.0,0.034
2026,5154032,Jackson Blee,William & Mary,TE,0.026,0.0,0.053
2026,5154220,Josh Williamson,Kennesaw State,WR,0.024,0.022,0.029
2026,5154224,DJ Scott,North Dakota State,RB,0.206,0.305,0.066
2026,5154225,Andre Craig Jr.,Tennessee State,WR,0.017,0.0,0.036
2026,5154227,Navelle Dean,Kennesaw State,WR,0.05,0.0,0.1
2026,5154248,Kaleb Annett,UCF,QB,0.032,0.054,0.0
2026,5154259,Se'Quan Osborne,Howard,WR,0.068,0.0,0.137
2026,5154262,Gavin Harris,Georgia Tech,TE,0.056,0.0,0.091
2026,5154269,Jamarr Ebron,Alcorn State,WR,0.056,0.013,0.101
2026,5154270,Nathanial Clark,Howard,TE,0.084,0.0,0.168
2026,5154281,Ryan Boyd,Lindenwood,WR,0.018,0.0,0.045
2026,5154284,Ramone Green Jr.,Missouri State,RB,0.133,0.173,0.07
2026,5154302,David Lynch,Holy Cross,QB,0.615,0.135,1.0
2026,5154303,Zion Fowler-El,Wagner,WR,0.125,0.0,0.265
2026,5154304,Caleb Williams,New Haven,RB,0.036,0.071,0.0
2026,5154306,Devin Whitlock,Eastern Illinois,WR,0.082,0.03,0.156
2026,5154329,Nick True,Illinois State,TE,0.012,0.0,0.027
2026,5154351,Eric Horn,Alabama State,WR,0.067,0.0,0.167
2026,5154420,Ahmad Miller,Syracuse,RB,0.023,0.061,0.0
2026,5154440,Sebastien Saint-Louis,Jackson State,TE,0.014,0.0,0.038
2026,5154529,Nathan Stewart,Delaware State,WR,0.102,0.0,0.24
2026,5154530,Kyree Benton,Delaware State,WR,0.099,0.0,0.195
2026,5154534,Tahj Smith,Morgan State,QB,0.064,0.021,0.1
2026,5154559,Jason Collins Jr.,South Florida,RB,0.228,0.419,0.0
2026,5154575,Jaiden Ellis-Lahey,Northern Iowa,WR,0.046,0.0,0.107
2026,5154580,Zach Mehmert,Northern Iowa,TE,0.031,0.0,0.071
2026,5154725,Kentrell Prejean,SE Louisiana,WR,0.038,0.0,0.115
2026,5154729,Davin Stoffel,Illinois,TE,0.014,0.0,0.028
2026,5154732,Kirby Vorhees,Washington State,RB,0.183,0.321,0.038
2026,5154734,Griffin Wilde,Northwestern,WR,0.073,0.0,0.154
2026,5154763,Kam White,Southern Illinois,WR,0.013,0.0,0.028
2026,5154767,Zac Willingham-Davis,Butler,RB,0.04,0.06,0.0
2026,5154781,Allen Middleton,Southern Illinois,WR,0.104,0.026,0.19
2026,5154811,Deantre Jackson,SE Louisiana,RB,0.154,0.221,0.057
2026,5154831,Tristan Goodly,SE Louisiana,WR,0.089,0.0,0.219
2026,5154833,Mike Williams,Utah Tech,WR,0.07,0.0,0.13
2026,5154846,Dawson Adams-Grenier,UT Martin,TE,0.027,0.0,0.059
2026,5154855,Cutter Stewart,Houston Christian,QB,0.384,0.189,0.758
2026,5154864,Champ Dozier,Houston Christian,RB,0.147,0.198,0.065
2026,5154881,Bryce Schondelmyer,Dayton,QB,0.391,0.026,0.895
2026,5154886,Cyrus Traugh,West Virginia,WR,0.032,0.0,0.167
2026,5154911,Aiden McCown,Lamar,QB,0.532,0.174,0.92
2026,5154949,Morgan Sampson,Lamar,TE,0.045,0.0,0.091
2026,5154962,Kamden Sixkiller,Campbell,QB,0.605,0.167,0.938
2026,5154964,Makhi Paris,McNeese,WR,0.029,0.0,0.059
2026,5154995,Jamaal Levi,McNeese,WR,0.042,0.03,0.053
2026,5154997,Reed Boyd,McNeese,TE,0.038,0.0,0.073
2026,5155048,L.J. Phillips Jr.,Iowa,RB,0.051,0.105,0.0
2026,5155062,Larenzo Fenner,Cincinnati,WR,0.028,0.0,0.085
2026,5155064,Jesse Miller,South Dakota,TE,0.038,0.0,0.097
2026,5155077,Nick Armentano,The Citadel,WR,0.015,0.011,0.025
2026,5155089,Leo Kemp,Bowling Green,FB,0.02,0.0,0.059
2026,5155207,Jackson Dufrene,Nicholls,WR,0.058,0.0,0.14
2026,5155212,Karaaz Johnson,Nicholls,WR,0.04,0.009,0.081
2026,5155214,Jayden Milton,Nicholls,RB,0.041,0.065,0.016
2026,5155250,Cade Cox,VMI,TE,0.043,0.0,0.148
2026,5155273,Egypt Nelson,Western Michigan,WR,0.055,0.0,0.143
2026,5155274,Zach Pirtle,VMI,WR,0.035,0.0,0.125
2026,5155275,Dylan Poley,VMI,TE,0.035,0.051,0.0
2026,5155293,Denzell Gibson,New Hampshire,RB,0.06,0.14,0.0
2026,5155294,Stefano Giovannelli,St. Thomas (MN),WR,0.037,0.0,0.077
2026,5155304,Owen Lyons,St. Thomas (MN),WR,0.03,0.0,0.062
2026,5155308,Eli Paulson,St. Thomas (MN),WR,0.052,0.0,0.115
2026,5155314,Luke Schuler,St. Thomas (MN),TE,0.034,0.0,0.091
2026,5155321,Elijah Owens,Indiana State,QB,0.654,0.337,0.948
2026,5155322,BJ Wuest,Indiana State,WR,0.077,0.0,0.146
2026,5155355,Jamal Bing Jr.,Georgia State,RB,0.085,0.132,0.03
2026,5155366,Malachi Hosley,Georgia Tech,RB,0.095,0.222,0.0
2026,5155426,Christian Greenlaw,Iowa State,TE,0.021,0.0,0.059
2026,5155439,Jordan Richburg,Hampton,WR,0.014,0.0,0.033
2026,5155455,Chris Franklin,UT Martin,RB,0.221,0.349,0.085
2026,5155519,Yannick Smith,SMU,WR,0.036,0.0,0.061
2026,5155528,Jerry Kaminski,North Dakota,QB,0.452,0.138,0.92
2026,5155530,Korey Tai,North Dakota,WR,0.068,0.0,0.17
2026,5155579,Cameron Flowers,Western Kentucky,WR,0.089,0.0,0.175
2026,5155699,Fatu Mukuba,Texas Southern,WR,0.034,0.008,0.077
2026,5155780,Taeo Todd,Georgia Southern,RB,0.076,0.213,0.01
2026,5155783,Daniel Frederick,Elon,RB,0.132,0.178,0.058
2026,5155786,Dylan Magazu,Elon,TE,0.033,0.0,0.089
2026,5155802,Zimere Winston,Elon,WR,0.027,0.0,0.071
2026,5155803,Kenaz McMillian,Elon,WR,0.052,0.0,0.139
2026,5155818,CJ Schaeffer,Towson,TE,0.028,0.0,0.064
2026,5155870,Will Loerzel,Wake Forest,TE,0.043,0.0,0.103
2026,5155995,Elyjah Mitchell,Norfolk State,WR,0.077,0.0,0.181
2026,5156012,Shawn Brown,Franklin Pierce,QB,0.194,0.394,0.0
2026,5156023,Joshua Roberson,Stonehill,RB,0.063,0.129,0.0
2026,5156026,Torance Washington,Stonehill,WR,0.086,0.0,0.186
2026,5156056,Caleb Hampton,Stanford,RB,0.045,0.091,0.023
2026,5156057,Myles Libman,New Mexico State,WR,0.025,0.0,0.048
2026,5156116,Juju Preston,Clemson,WR,0.024,0.0,0.048
2026,5156152,Jaquari Lewis,App State,RB,0.197,0.35,0.016
2026,5156153,Tavian Mcnair,UNLV,WR,0.013,0.0,0.026
2026,5156183,Brendan Jenkins,South Alabama,WR,0.091,0.0,0.286
2026,5156202,Matthias Latham,Merrimack,RB,0.143,0.258,0.047
2026,5156204,Jalen McDonald,Merrimack,WR,0.041,0.0,0.067
2026,5156207,Austin Palmer,Merrimack,WR,0.052,0.01,0.093
2026,5156210,Seth Sweitzer,Stony Brook,WR,0.157,0.0,0.279
2026,5156212,Brendon Wyatt,North Carolina Central,RB,0.04,0.018,0.079
2026,5156225,Jameson Garcia,Incarnate Word,WR,0.034,0.0,0.074
2026,5156255,JT Fayard,Wofford,QB,0.393,0.071,0.75
2026,5156293,Jalen Woods,Hampton,QB,0.309,0.083,0.565
2026,5156348,Bryson Kuzdzal,Michigan,RB,0.052,0.079,0.0
2026,5156349,Jalen Hoffman,Michigan,TE,0.028,0.0,0.07
2026,5156379,DaMarion Fowlkes,Missouri,WR,0.025,0.0,0.063
2026,5156383,Mike Balogh,Colgate,TE,0.015,0.0,0.039
2026,5156439,Alijah Turner,Stonehill,WR,0.081,0.0,0.175
2026,5156440,Jamarice Wilder,Southern Miss,RB,0.124,0.218,0.016
2026,5156752,Donovan Weatherly,Dayton,TE,0.065,0.0,0.158
2026,5156755,Gavin Lochow,Dayton,WR,0.152,0.078,0.263
2026,5156759,Ethan Thulin,Dayton,WR,0.028,0.0,0.067
2026,5156762,Luke Hansen,Dayton,RB,0.116,0.208,0.0
2026,5156763,Ryan Martin,Dayton,WR,0.042,0.0,0.1
2026,5156766,Mason Hackett,Dayton,RB,0.174,0.273,0.053
2026,5156780,Carson Labensky,Dayton,TE,0.022,0.0,0.053
2026,5156794,Dylan Harris,Stony Brook,RB,0.016,0.019,0.014
2026,5156879,Jaylen Hampton,Charlotte,WR,0.094,0.0,0.183
2026,5156893,Jordan Martin,Texas State,WR,0.026,0.0,0.07
2026,5156909,Damondrick Blackburn,Nicholls,RB,0.055,0.078,0.033
2026,5156928,Caden Jensen,Louisiana,TE,0.074,0.0,0.185
2026,5156959,Jordan Rae,UAlbany,WR,0.072,0.0,0.161
2026,5156960,Joey Koch,UAlbany,RB,0.159,0.225,0.086
2026,5156994,Trey Drake,North Dakota State,QB,0.058,0.0,0.138
2026,5156998,CharMar Brown,Miami,RB,0.069,0.117,0.016
2026,5157011,Brady Wavrunek,North Dakota State,RB,0.014,0.025,0.0
2026,5157117,Barry Tate,Campbell,WR,0.045,0.0,0.075
2026,5157119,Aiden Valdez,Southern,TE,0.022,0.0,0.053
2026,5157187,Cameron Bates,Boise State,WR,0.056,0.0,0.133
2026,5157261,Ja'Vin Simpkins,UAB,RB,0.074,0.106,0.02
2026,5157266,Bryson Graves,Delaware,WR,0.078,0.0,0.127
2026,5157268,Darren Lloyd,Anderson (SC),RB,0.107,0.273,0.0
2026,5157282,Nathan Schuessler,Coastal Carolina,WR,0.014,0.0,0.032
2026,5157284,Jamai East,Eastern Washington,WR,0.046,0.0,0.083
2026,5157287,David Wells Jr.,Tulsa,WR,0.045,0.0,0.1
2026,5157315,Connor Cravaack,Akron,TE,0.021,0.0,0.043
2026,5157316,Paul Davis,Akron,WR,0.014,0.0,0.029
2026,5157324,Jean Louis III,Akron,WR,0.021,0.0,0.043
2026,5157331,Adrian Norton,Marshall,WR,0.076,0.016,0.154
2026,5157391,Jayden Clerveaux,Central Michigan,RB,0.071,0.101,0.025
2026,5157399,Nyeoti Punni,North Dakota State,RB,0.095,0.144,0.026
2026,5157411,Luke Petitta,Holy Cross,TE,0.022,0.0,0.041
2026,5157412,Maxwell Warren,Charleston Southern,WR,0.078,0.0,0.147
2026,5157425,Keylijah Williams,Bryant,WR,0.037,0.0,0.092
2026,5157426,Jaden Keefner,Bryant,QB,0.05,0.0,0.13
2026,5157458,Koby Keenan,Bryant,TE,0.025,0.0,0.065
2026,5157459,Alfredo Perez,Bryant,WR,0.019,0.0,0.042
2026,5157481,Collin Hurst,West Georgia,QB,0.395,0.109,0.613
2026,5157486,Jalen Patrick,Presbyterian,WR,0.088,0.013,0.163
2026,5157528,Nathan Levicki,Western Michigan,TE,0.039,0.0,0.102
2026,5157533,Derek Varley,Stonehill,TE,0.014,0.0,0.026
2026,5157537,Caron Tyler,Jackson State,QB,0.076,0.08,0.074
2026,5157544,Chris Gundy,Valparaiso,WR,0.084,0.016,0.158
2026,5157545,Brian Thomas,New Haven,RB,0.056,0.075,0.042
2026,5157546,Micah Mackay,Valparaiso,WR,0.042,0.0,0.088
2026,5158127,Landon Graves,UL Monroe,QB,0.042,0.026,0.067
2026,5158251,Khalil Wilkins,Marshall,QB,0.119,0.113,0.135
2026,5158341,Luke Hutchison,Navy,WR,0.035,0.0,0.087
2026,5158343,Braxton Woodson,Navy,QB,0.375,0.318,0.586
2026,5158365,Gage Leonard,Navy,WR,0.013,0.014,0.0
2026,5158369,Stefan Egbe,Navy,RB,0.038,0.041,0.0
2026,5158373,Vic Listorti,Navy,RB,0.132,0.14,0.103
2026,5158374,Isaiah Bryant,Navy,WR,0.051,0.056,0.034
2026,5158395,Joshua Guerin,Navy,WR,0.022,0.0,0.103
2026,5158398,Jake Norris,Navy,TE,0.013,0.0,0.167
2026,5158407,Sawyer Anderson,Arizona,QB,0.162,0.091,0.237
2026,5158417,Dylan Redmon,Stetson,WR,0.029,0.0,0.059
2026,5158450,Zach Grace,LSU,TE,0.011,0.0,0.028
2026,5158746,Jordan Cooke,Idaho State,QB,0.583,0.221,0.868
2026,5158748,Jackson Sharman,Sacramento State,QB,0.475,0.08,0.967
2026,5158751,Ian Duarte,Tennessee,WR,0.014,0.0,0.036
2026,5158756,Damien Moun,Nevada,WR,0.097,0.0,0.212
2026,5158759,Raiden Brown,Sacramento State,WR,0.044,0.0,0.083
2026,5158766,Adam Watts,Idaho State,WR,0.016,0.0,0.028
2026,5158809,Lincoln Cardillo,Marist,RB,0.19,0.318,0.069
2026,5158829,Javon Robinson,Utah State,WR,0.095,0.014,0.171
2026,5158904,Anthony Benjamin,Western Carolina,RB,0.028,0.057,0.012
2026,5158917,Nick Delgadillo,Hawai'i,WR,0.051,0.0,0.087
2026,5158933,Lawrence Autry,West Virginia,RB,0.032,0.039,0.0
2026,5158934,Shahn Alston,USC,RB,0.072,0.136,0.0
2026,5158940,Naeem Burroughs,Clemson,WR,0.02,0.0,0.038
2026,5158948,Jared Curtis,Vanderbilt,QB,0.304,0.11,0.569
2026,5158959,Tron Baker,USC,WR,0.027,0.0,0.061
2026,5158960,Jordan Clay,Washington,WR,0.091,0.0,0.163
2026,5158973,Faizon Brandon,Tennessee,QB,0.371,0.144,0.8
2026,5158975,KJ Edwards,Texas A&M,RB,0.06,0.099,0.015
2026,5158978,Damon Ferguson Jr.,Pittsburgh,RB,0.215,0.352,0.093
2026,5158988,Dyzier Carter,Rutgers,WR,0.063,0.0,0.095
2026,5158996,Briggs Cherry,Louisville,QB,0.03,0.0,0.071
2026,5158998,Aaron Gregory,Texas A&M,WR,0.022,0.0,0.051
2026,5159009,Chris Henry Jr.,Ohio State,WR,0.027,0.0,0.053
2026,5159010,Messiah Mickens,Virginia Tech,RB,0.043,0.088,0.0
2026,5159013,Salesi Moa,Michigan,WR,0.021,0.0,0.042
2026,5159016,Julian Lewis,Colorado,QB,0.364,0.049,0.797
2026,5159018,Joel Morris,Bethune-Cookman,QB,0.046,0.041,0.058
2026,5159029,Jonathan Hatton Jr.,Oklahoma,RB,0.05,0.079,0.0
2026,5159035,Keisean Henderson,Houston,QB,0.065,0.012,0.157
2026,5159039,C.J. Sadler,North Carolina,WR,0.053,0.0,0.105
2026,5159046,Savion Hiter,Michigan,RB,0.151,0.194,0.093
2026,5159065,Ansu Sanoe,Washington,RB,0.065,0.161,0.0
2026,5159076,Deshonne Redeaux,USC,RB,0.027,0.052,0.0
2026,5159078,Tait Reynolds,Clemson,QB,0.417,0.237,0.629
2026,5159083,Zack Turner,SMU,TE,0.055,0.0,0.091
2026,5159086,Carson Sneed,North Carolina,TE,0.018,0.0,0.037
2026,5159087,Jonaz Walton,Notre Dame,RB,0.119,0.25,0.0
2026,5159106,Ryelan Morris,Baylor,RB,0.082,0.122,0.047
2026,5159115,Noah Grubbs,Notre Dame,QB,0.164,0.0,0.333
2026,5159139,Donovan Faupel,Arkansas,WR,0.012,0.0,0.022
2026,5159145,Jerry Lydiatt,New Mexico State,TE,0.02,0.0,0.038
2026,5159150,Isaiah Rudison,New Mexico State,RB,0.045,0.075,0.0
2026,5159175,Malachi Toney,Miami,WR,0.118,0.0,0.279
2026,5159177,Joshua Jones,North Carolina Central,QB,0.037,0.013,0.074
2026,5159200,Chance Peterson,North Carolina Central,WR,0.076,0.0,0.197
2026,5159201,Markell Quick,Southern Illinois,WR,0.072,0.017,0.14
2026,5159232,Jawarn Howell,South Carolina,RB,0.085,0.152,0.0
2026,5159234,Nigel Johnson,Western Kentucky,WR,0.014,0.0,0.026
2026,5159239,Tyler J. Smith,South Carolina State,RB,0.099,0.118,0.071
2026,5159262,Garrett Harrold,Duquesne,TE,0.017,0.0,0.038
2026,5159276,Edward Robinson,Southern Illinois,RB,0.077,0.129,0.02
2026,5159280,Shawn Solomon Jr.,Duquesne,RB,0.017,0.0,0.038
2026,5159282,Daniel Tarabrella,Duquesne,TE,0.022,0.0,0.045
2026,5159288,Chris Howell,Long Island University,RB,0.018,0.033,0.0
2026,5159344,Caden Harris,Glenville State,WR,0.018,0.056,0.0
2026,5159359,Jai Boyd,Western Carolina,WR,0.075,0.0,0.125
2026,5159362,Zion Booker,Kennesaw State,WR,0.093,0.015,0.171
2026,5159364,Marlin Cochran,Western Carolina,RB,0.055,0.151,0.0
2026,5159366,Markel Townsend,West Florida,RB,0.018,0.026,0.0
2026,5159385,Allen Fernett,Morehead State,QB,0.046,0.028,0.073
2026,5159453,Darius Johnson,NC State,RB,0.025,0.031,0.018
2026,5159815,Coleson Arends,Western Kentucky,TE,0.041,0.0,0.077
2026,5159823,Isaac Stopke,Central Connecticut,RB,0.132,0.246,0.046
2026,5159908,JR Gardner,Alabama State,RB,0.019,0.028,0.0
2026,5159948,Chris Johnson Jr.,Clemson,RB,0.079,0.153,0.016
2026,5159960,Jaylen Pretlow,Virginia State,WR,0.02,0.05,0.0
2026,5159983,Omarion Blakes,Alcorn State,WR,0.019,0.0,0.038
2026,5160003,Tyran Warren,NC State,WR,0.033,0.0,0.073
2026,5160025,Niko Alailefaleula,Southern Utah,RB,0.067,0.094,0.026
2026,5160028,Nick Petrillo,UAlbany,TE,0.028,0.0,0.047
2026,5160051,Anson Kraut,Southern Utah,WR,0.014,0.0,0.056
2026,5160086,Desirrio Riles,Florida State,TE,0.015,0.0,0.038
2026,5160106,Kaden Taylor,East Texas A&M,WR,0.014,0.0,0.031
2026,5160121,William Fierro,SMU,RB,0.091,0.182,0.03
2026,5160164,Finn Furmanek,Penn State,TE,0.014,0.0,0.036
2026,5160197,Darius Cannon,Jacksonville State,WR,0.058,0.0,0.136
2026,5160209,Landan Brown,Sam Houston,RB,0.133,0.261,0.068
2026,5160245,Nathan Roberts,Tennessee,WR,0.027,0.0,0.071
2026,5160469,Trent Mosley,USC,WR,0.077,0.0,0.173
2026,5160472,Javian Osborne,Notre Dame,RB,0.075,0.156,0.0
2026,5160496,Javian Mallory,Miami,RB,0.097,0.169,0.016
2026,5160504,Cynai Thomas,Oregon State,WR,0.028,0.0,0.038
2026,5160565,Nasim Cosby,North Carolina Central,WR,0.025,0.0,0.066
2026,5160572,Jeremiah Colclough,Wagner,WR,0.043,0.0,0.092
2026,5160581,Sekou Kamau,Wagner,RB,0.106,0.176,0.041
2026,5160593,Teree McDonald,Wagner,WR,0.082,0.029,0.143
2026,5160617,Christopher Harris,Wagner,TE,0.013,0.0,0.033
2026,5160663,Ty'Jarian Williams,Alabama A&M,TE,0.074,0.154,0.025
2026,5160687,Jaxson Davis,Alabama A&M,TE,0.038,0.0,0.068
2026,5160955,Jojo Phillips,BYU,WR,0.031,0.0,0.08
2026,5161009,Peyton Zachary,UNLV,WR,0.019,0.0,0.038
2026,5161011,Jermaine Bishop Jr.,Texas,WR,0.043,0.0,0.088
2026,5161012,Carson Clark,San José State,WR,0.127,0.0,0.252
2026,5161013,Kayden Dixon-Wyatt,USC,WR,0.068,0.008,0.143
2026,5161022,Amari Latimer,West Virginia,RB,0.079,0.099,0.0
2026,5161149,Anthony Benzija,Stetson,TE,0.046,0.021,0.073
2026,5161159,Chris Stephenson,Stetson,QB,0.154,0.202,0.115
2026,5161162,Ronnel Johnson,Jacksonville State,WR,0.063,0.0,0.136
2026,5161193,Wyatt Rogers,Stetson,WR,0.128,0.021,0.24
2026,5161233,Preston Kilgore,Southern Miss,TE,0.028,0.0,0.065
2026,5161235,Jordon Hamilton,East Texas A&M,RB,0.059,0.115,0.0
2026,5161319,Yosei Takahashi,San Diego,WR,0.043,0.0,0.102
2026,5161647,Darius Taylor,Virginia Tech,RB,0.068,0.122,0.0
2026,5161652,Ja'Ricous Hairston,Virginia Tech,TE,0.018,0.0,0.038
2026,5161690,Michael Mussari,Dayton,WR,0.094,0.0,0.228
2026,5161735,Easton Miller,Iowa State,RB,0.049,0.047,0.056
2026,5161776,Judah Price,Marshall,RB,0.018,0.042,0.0
2026,5161800,Viron Ellison Jr.,Delaware,RB,0.071,0.136,0.025
2026,5161804,Brock Boyd,Ohio State,WR,0.014,0.0,0.026
2026,5161816,Dereon Coleman,Miami,QB,0.107,0.089,0.148
2026,5161820,Isaiah Ene,Sacramento State,RB,0.094,0.165,0.037
2026,5161828,Jyron Hughley,West Virginia,QB,0.079,0.078,0.083
2026,5161829,Tyreek King,Tennessee,WR,0.014,0.0,0.04
2026,5161835,Jaylen McGill,North Carolina,RB,0.097,0.189,0.018
2026,5161853,Ace Theus,TCU,WR,0.014,0.0,0.03
2026,5161854,Jonas Williams,USC,QB,0.077,0.017,0.153
2026,5161878,Cole Leinart,SMU,QB,0.018,0.0,0.03
2026,5161891,Joseph Moreland,Northwestern State,TE,0.038,0.0,0.068
2026,5161892,Xayvion Noland,Oregon State,WR,0.041,0.0,0.058
2026,5161895,Dylan Rhodes,Northwestern State,WR,0.061,0.0,0.133
2026,5161958,KJ Fields,North Alabama,WR,0.022,0.0,0.042
2026,5162384,Kj Reed,Fordham,WR,0.038,0.0,0.082
2026,5162399,Darius Copeland,Liberty,WR,0.037,0.0,0.093
2026,5162406,Caleb Ryan,Liberty,TE,0.014,0.0,0.034
2026,5162467,Daylin Lee,Tennessee State,QB,0.591,0.202,0.929
2026,5162502,Kaleb Washington,UT Martin,WR,0.09,0.0,0.22
2026,5162540,Jimmyll Williams,Elon,RB,0.185,0.281,0.038
2026,5162646,Marvin Sims,Austin Peay,WR,0.113,0.0,0.265
2026,5162858,Bryson Hammer,Toledo,WR,0.068,0.0,0.148
2026,5162978,Devin Herring,Alabama A&M,WR,0.032,0.0,0.058
2026,5163009,Roriyon Richardson,Texas Southern,WR,0.078,0.017,0.179
2026,5163010,Jacob Washington,Texas Southern,RB,0.078,0.101,0.038
2026,5163021,Jacob Godfrey,Nicholls,WR,0.024,0.0,0.048
2026,5163068,Jack Schierholz,Arkansas-Pine Bluff,QB,0.179,0.103,0.289
2026,5163071,Randy Young,Gardner-Webb,RB,0.057,0.156,0.007
2026,5163093,Conor Booth,Nebraska,RB,0.015,0.03,0.0
2026,5163636,TJ Chukwurah,North Texas,WR,0.036,0.0,0.083
2026,5164309,Mason Mims,East Tennessee State,QB,0.52,0.092,0.969
2026,5164313,Jaron-Keawe Sagapolutele,California,QB,0.537,0.063,0.926
2026,5164314,Scotty Fox Jr.,West Virginia,QB,0.127,0.078,0.333
2026,5164316,Alex Manske,Penn State,QB,0.072,0.025,0.145
2026,5164320,Sean Cuono,Indiana,RB,0.097,0.136,0.0
2026,5164324,Sterling Joseph,Florida International,RB,0.071,0.141,0.022
2026,5164327,Anthony League,California,RB,0.011,0.026,0.0
2026,5164331,Girard Pringle Jr.,Miami,RB,0.083,0.13,0.033
2026,5164332,Nate Sheppard,Duke,RB,0.496,0.69,0.188
2026,5164334,Cutter Woods,South Carolina,QB,0.092,0.025,0.186
2026,5164337,King Davis,Missouri State,RB,0.075,0.12,0.0
2026,5164338,Baron Naone,Washington,TE,0.057,0.0,0.104
2026,5164340,Jordin Thomas,San Diego State,RB,0.066,0.107,0.0
2026,5164343,Marshall Pritchett,Alabama,TE,0.028,0.012,0.053
2026,5164346,Linkon Cure,Kansas State,TE,0.014,0.0,0.033
2026,5164347,Jackson Accuardi,South Dakota,TE,0.017,0.0,0.04
2026,5164349,Jerome Bettis Jr.,Notre Dame,WR,0.03,0.0,0.061
2026,5164350,Jayvan Boggs,Florida State,WR,0.06,0.0,0.148
2026,5164351,Aveion Chenault,Western Michigan,WR,0.102,0.0,0.265
2026,5164352,Carterrious Brown,SMU,WR,0.036,0.0,0.061
2026,5164354,Cory Butler Jr.,Arizona State,WR,0.028,0.0,0.056
2026,5164357,Carl Jenkins Jr.,Miami (OH),WR,0.018,0.0,0.067
2026,5164358,Dane Jones,TCU,WR,0.014,0.0,0.03
2026,5164360,TK Norman,Texas A&M,WR,0.011,0.0,0.026
2026,5164362,Raiden Vines-Bright,Arizona State,WR,0.037,0.0,0.071
2026,5164365,Daylyn Upshaw,Miami,WR,0.028,0.0,0.066
2026,5164562,Jeremy Caspe,New Haven,TE,0.021,0.0,0.042
2026,5164567,Kevin White,North Carolina A&T,QB,0.455,0.233,0.639
2026,5164571,Shimique Blizzard,North Carolina A&T,RB,0.086,0.163,0.028
2026,5164581,Jayvonne Dillard,North Carolina A&T,WR,0.121,0.0,0.222
2026,5164594,Watson Hafer,North Dakota,TE,0.029,0.0,0.069
2026,5164609,Damien Jones,Alcorn State,WR,0.041,0.0,0.09
2026,5164648,Kelshaun Johnson,Texas A&M,WR,0.034,0.0,0.077
2026,5164730,Autavius Ison,Toledo,RB,0.076,0.127,0.019
2026,5164749,Noah Jennings,Minnesota,WR,0.109,0.0,0.183
2026,5164751,Mehki Larronte Campfield,Charleston Southern,WR,0.064,0.0,0.133
2026,5164893,Ean Rodrigue,Nicholls,QB,0.489,0.228,0.828
2026,5164900,Scott White,Nicholls,TE,0.014,0.0,0.035
2026,5165011,Kennedy McGill,Western Illinois,QB,0.507,0.382,0.689
2026,5165074,Jalen Smith,Lindenwood,WR,0.089,0.0,0.221
2026,5165078,Steve Hall,Lindenwood,RB,0.262,0.368,0.087
2026,5165094,Mac Busteed,Lindenwood,TE,0.016,0.0,0.037
2026,5165109,Deshaun Buchanan,New Mexico,RB,0.027,0.038,0.0
2026,5165154,Mason Mini,California,TE,0.054,0.0,0.099
2026,5165174,Za'Ron Collins,James Madison,WR,0.044,0.0,0.106
2026,5165468,Isaiah Grimes,Georgetown,TE,0.017,0.0,0.037
2026,5165499,Stephon Patrick,Merrimack,WR,0.062,0.01,0.112
2026,5165734,Josh Robinson,Western Illinois,RB,0.141,0.164,0.122
2026,5165747,Malik Dotson,Eastern Washington,RB,0.169,0.362,0.025
2026,5165763,Pat Delcour II,Jackson State,WR,0.031,0.0,0.077
2026,5165801,Jake Robinette,West Florida,TE,0.016,0.0,0.049
2026,5165803,Corey Scott,James Madison,WR,0.071,0.0,0.17
2026,5165807,Marcus Stokes,Memphis,QB,0.508,0.194,1.0
2026,5165884,Dom Nankil,San Diego,QB,0.418,0.038,0.932
2026,5165891,Jacob Rodriguez,Fordham,RB,0.08,0.167,0.0
2026,5165892,Jamell James,Fordham,RB,0.115,0.216,0.027
2026,5165909,Jason Palmieri,Sacred Heart,WR,0.077,0.0,0.216
2026,5165911,John Michalski,Sacred Heart,QB,0.049,0.023,0.098
2026,5165914,Ben Evee,Sacred Heart,WR,0.021,0.0,0.059
2026,5165931,Nicholas Yanchuk,Sacred Heart,RB,0.085,0.143,0.0
2026,5165947,Tom Ligi,Sacred Heart,RB,0.028,0.048,0.0
2026,5166020,Cam Jefferson,Southern,WR,0.056,0.0,0.13
2026,5166021,Jermaine Minor Jr.,Southern,TE,0.029,0.0,0.07
2026,5166161,Scottre Humphrey,New Mexico,RB,0.194,0.298,0.0
2026,5166308,Adam Jones,Montana State,RB,0.291,0.485,0.089
2026,5166797,Dezmen Roebuck,Washington,WR,0.156,0.0,0.286
2026,5166880,Ellijah Washington,Sacramento State,WR,0.014,0.024,0.0
2026,5167164,Eli Calhoun,The Citadel,WR,0.014,0.0,0.04
2026,5167252,Duncan Brune,Ohio,RB,0.209,0.365,0.036
2026,5167313,Cornell Hatcher Jr.,Oregon State,RB,0.055,0.184,0.009
2026,5168665,Chandler Wilson,VMI,QB,0.124,0.112,0.185
2026,5168686,Whit Hobgood,The Citadel,TE,0.028,0.0,0.109
2026,5168733,Brady Probst,Illinois State,TE,0.021,0.0,0.049
2026,5168770,Carver Cheeks,UTEP,WR,0.053,0.0,0.14
2026,5168788,Brayden Munroe,Kennesaw State,WR,0.043,0.0,0.086
2026,5168837,Dorian Harris,Morgan State,RB,0.1,0.234,0.0
2026,5168850,Malique Leatherbury,Morgan State,WR,0.032,0.0,0.068
2026,5169036,Gavin Rutherford,Stephen F. Austin,QB,0.463,0.145,0.889
2026,5169039,Jaylen Jenkins,Stephen F. Austin,RB,0.215,0.333,0.067
2026,5169215,Maurice Veney,Vanderbilt,TE,0.032,0.0,0.08
2026,5169296,Jordan Dever,Montana,WR,0.024,0.0,0.048
2026,5169311,Sejhe Jackson,Hampton,WR,0.043,0.0,0.094
2026,5169520,Andrew Rockford,Illinois State,WR,0.035,0.0,0.082
2026,5169550,Lex Cyrus,South Carolina,WR,0.035,0.0,0.085
2026,5169849,Zach Jones,UC Davis,WR,0.061,0.037,0.083
2026,5170940,Leonte Oulahi,William & Mary,WR,0.013,0.0,0.027
2026,5171031,Matt Vezza,Ohio,QB,0.209,0.176,0.286
2026,5171033,Wakeem Page,Mercyhurst,WR,0.018,0.0,0.034
2026,5171040,Ryan Blagg,New Hampshire,WR,0.038,0.0,0.083
2026,5171047,Dylan Evans,Mercyhurst,WR,0.077,0.0,0.14
2026,5172036,JC Evans,James Madison,QB,0.34,0.258,0.474
2026,5172059,Anjuan Coleman Jr.,Wofford,WR,0.036,0.0,0.075
2026,5172095,Bo Walker,Georgia,RB,0.089,0.164,0.017
2026,5172096,Kaj Baker,UCF,RB,0.097,0.162,0.0
2026,5172260,Cash Cheeks,UTEP,TE,0.035,0.0,0.093
2026,5172597,Patrick Duchien,Montana State,QB,0.145,0.111,0.185
2026,5172600,Colson Coon,Montana State,RB,0.071,0.139,0.0
2026,5172608,Hunter Provience,NC State,TE,0.025,0.0,0.055
2026,5173431,Wayshawn Parker,Utah,RB,0.214,0.268,0.145
2026,5173623,Frank Abreu,Hawai'i,TE,0.013,0.0,0.021
2026,5174450,Tate Kjar,Weber State,WR,0.098,0.0,0.214
2026,5174993,Kenneth Williams,Michigan State,RB,0.014,0.023,0.0
2026,5175092,Chris Jimerson Jr.,North Texas,QB,0.058,0.081,0.033
2026,5175334,Bryson Donelson,Fresno State,RB,0.182,0.333,0.022
2026,5176079,Dylan McCoy,NC State,RB,0.056,0.093,0.0
2026,5177084,Kamario Taylor,Mississippi State,QB,0.507,0.229,0.875
2026,5177568,Kai Acia,UC Davis,RB,0.053,0.107,0.014
2026,5178092,Breyon Williams,Robert Morris,RB,0.105,0.186,0.017
2026,5179135,Travis Smith Jr.,Tennessee,WR,0.041,0.0,0.107
2026,5181311,Massiah Mingo,New Mexico,WR,0.028,0.0,0.074
2026,5182122,Legend Bey,Ohio State,RB,0.066,0.113,0.028
2026,5182253,Jaden Gilbert,Youngstown State,RB,0.128,0.175,0.087
2026,5182804,Kaiden Prothro,Georgia,TE,0.016,0.0,0.034
2026,5182807,Jordan Woolen,Alabama State,WR,0.037,0.056,0.0
2026,5184466,Semaj Pierre,Howard,WR,0.047,0.0,0.095
2026,5184630,Jackson Bradley,Louisiana Tech,QB,0.05,0.027,0.095
2026,5185699,Dan Mahan,Duke,QB,0.03,0.024,0.042
2026,5186586,Ty Clark III,Wake Forest,RB,0.131,0.254,0.0
2026,5186736,Anthony Wolter,Mercyhurst,QB,0.217,0.04,0.355
2026,5186738,Leyton Stone,Texas Tech,WR,0.014,0.0,0.03
2026,5189515,Nolan James Jr.,Notre Dame,RB,0.131,0.175,0.081
2026,5189530,Joseph Williams,Colorado,WR,0.066,0.012,0.141
2026,5189537,Hayden George,Southern Utah,TE,0.033,0.0,0.086
2026,5191056,Donovan Hamilton,Ball State,WR,0.053,0.0,0.096
2026,5191162,Alberto Mendoza,Georgia Tech,QB,0.571,0.056,0.986
2026,5191175,Caleb Goodloe,North Dakota,WR,0.055,0.0,0.136
2026,5192899,Ashten Emory,California,RB,0.02,0.047,0.0
2026,5192909,Jimmy Sullivan,Iowa,QB,0.063,0.026,0.103
2026,5192958,Dominic Overby,Iowa State,WR,0.083,0.0,0.235
2026,5193050,Alex Green,UT Rio Grande Valley,WR,0.016,0.0,0.03
2026,5193072,Khyair Spain,Southeast Missouri State,RB,0.242,0.431,0.075
2026,5193102,Miles Burris,Akron,WR,0.035,0.0,0.071
2026,5193110,Dom Dorwart,Ohio,WR,0.079,0.0,0.196
2026,5193112,Jalen Dupree,Kansas,RB,0.115,0.176,0.0
2026,5193168,Terrence Smith Jr.,Colorado State,WR,0.08,0.016,0.141
2026,5193215,Franklin Baret Jr.,Jacksonville State,WR,0.016,0.0,0.033
2026,5193216,Jordan Beasley,UT Martin,RB,0.017,0.03,0.0
2026,5193217,Jonathan Bibbs,UCF,WR,0.043,0.0,0.089
2026,5193224,Fred Robertson,Alcorn State,RB,0.108,0.186,0.03
2026,5193270,D'Shawntae Jones,Miami (OH),RB,0.113,0.207,0.019
2026,5193274,Cade Wolford,Cincinnati,WR,0.063,0.0,0.167
2026,5193277,George Dimopoulos,Northern Illinois,WR,0.04,0.0,0.081
2026,5193282,JP Pickles,Mercer,QB,0.1,0.101,0.105
2026,5193284,Winn Sharp,Bowling Green,WR,0.061,0.0,0.138
2026,5193288,Nasir Williams,Central Michigan,WR,0.045,0.014,0.1
2026,5193292,La'Don Bryant,Northern Illinois,WR,0.056,0.0,0.113
2026,5193298,Chris Durr Jr.,Maryland,WR,0.139,0.013,0.263
2026,5193300,Eli Jacon-Duffy,Bowling Green,TE,0.043,0.0,0.109
2026,5193302,Telly Johnson Jr.,Northern Illinois,RB,0.282,0.526,0.081
2026,5193304,Hunter Kallstrom,North Dakota,TE,0.014,0.0,0.034
2026,5193325,Jake Wilson,Wyoming,TE,0.051,0.0,0.133
2026,5193343,Jim Ogle,Murray State,QB,0.246,0.015,0.528
2026,5193346,Quinn Henicle,Old Dominion,QB,0.547,0.318,0.974
2026,5193388,Jaden Allen-Hendrix,Coastal Carolina,RB,0.074,0.125,0.029
2026,5193496,Jay Harris,Kansas State,RB,0.081,0.143,0.0
2026,5193580,Cameron Dickey,Texas Tech,RB,0.179,0.284,0.062
2026,5193720,Javon Brown,UConn,WR,0.063,0.0,0.143
2026,5193926,Cameran Brown,Georgia State,QB,0.39,0.143,0.764
2026,5194306,Ashton Gray,East Carolina,RB,0.211,0.415,0.033
2026,5194309,Mekhi Anderson,UTSA,WR,0.09,0.0,0.167
2026,5194620,Josh Evans,Bethune-Cookman,WR,0.069,0.0,0.173
2026,5194625,Jaden Robinson,Austin Peay,WR,0.034,0.0,0.083
2026,5194626,Roman Gagliano,Middle Tennessee,QB,0.683,0.186,1.0
2026,5194663,Cameron Pettaway,Iowa State,RB,0.097,0.156,0.0
2026,5194666,Josh Schuchts,West Georgia,TE,0.037,0.0,0.065
2026,5194667,Tyrell Simmons Jr.,Buffalo,WR,0.014,0.0,0.023
2026,5194695,Luke Marble,West Georgia,QB,0.086,0.141,0.054
2026,5194702,Ahmir Smith,Kentucky,RB,0.033,0.061,0.0
2026,5194804,Steven Blanco,Louisiana,RB,0.091,0.145,0.02
2026,5195299,Nick Townsend,Texas,TE,0.014,0.0,0.029
2026,5195300,Matt Zollers,Missouri,QB,0.105,0.048,0.194
2026,5195374,Noah Ehrlich,Valparaiso,QB,0.115,0.026,0.273
2026,5195409,Bryson Jones,Texas Tech,WR,0.013,0.0,0.031
2026,5195481,Radarious Jackson,Tennessee,WR,0.042,0.0,0.12
2026,5195483,Micah Jones,Florida,TE,0.015,0.0,0.037
2026,5195617,Shaun Terry II,Missouri,WR,0.039,0.0,0.097
2026,5196024,Tyreek Robinson,Pittsburgh,WR,0.013,0.033,0.0
2026,5196350,Jaylan Brown,UTEP,WR,0.026,0.0,0.07
2026,5196864,Rodney Tisdale Jr.,Western Kentucky,QB,0.424,0.145,0.7
2026,5196928,Nico Hamilton,Wyoming,RB,0.091,0.121,0.053
2026,5196964,Hutch Swilley,McNeese,RB,0.09,0.152,0.031
2026,5197074,Ja'Corian Norris,Louisiana,WR,0.017,0.0,0.041
2026,5197119,Luka Matamoros,Houston Christian,TE,0.017,0.0,0.04
2026,5197123,Nate Rogers,UAB,QB,0.014,0.021,0.0
2026,5197377,Tyler Day,UT Rio Grande Valley,TE,0.012,0.0,0.021
2026,5198104,Elijah Burress,Notre Dame,WR,0.075,0.0,0.152
2026,5198251,Jo Jo Troupe,North Carolina,RB,0.091,0.192,0.0
2026,5198312,Jaylin Brown,Pittsburgh,RB,0.013,0.033,0.0
2026,5198313,O'Lontae Dean,Iowa,RB,0.013,0.026,0.0
2026,5198314,Xavier Goulbourne,Robert Morris,RB,0.094,0.19,0.0
2026,5198318,Isaiah Mizell,Arizona,WR,0.027,0.0,0.053
2026,5198324,Cibastian Broughton,Akron,QB,0.546,0.309,0.8
2026,5198328,Mike Peterson Jr.,Florida A&M,WR,0.016,0.0,0.029
2026,5198329,Khamani Robinson,Bethune-Cookman,RB,0.065,0.105,0.0
2026,5198479,Jabari Jones,Jackson State,WR,0.056,0.011,0.132
2026,5199850,Carsyn Baker,Texas A&M,RB,0.06,0.111,0.0
2026,5199859,Dalen Penson,Georgia Tech,WR,0.095,0.0,0.171
2026,5199951,Alex Sanchez,App State,WR,0.014,0.0,0.032
2026,5200190,Walter Moses,Toledo,QB,0.039,0.044,0.032
2026,5200374,Donovan Murph,South Carolina,WR,0.035,0.0,0.085
2026,5200381,Somourian Wingo,Miami,WR,0.028,0.0,0.066
2026,5200430,Brian Bonner Jr.,Washington,RB,0.117,0.29,0.0
2026,5200482,Ed Small,TCU,WR,0.126,0.0,0.269
2026,5201871,Antonio Jordan,Arkansas,WR,0.025,0.0,0.045
2026,5201878,Andrew Olesh,Oregon,TE,0.016,0.0,0.03
2026,5202117,Malik Clark,South Carolina,WR,0.027,0.0,0.061
2026,5202460,Gavin Parkhurst,Texas State,QB,0.137,0.077,0.233
2026,5203476,Daniel Bray,Utah,RB,0.05,0.061,0.036
2026,5203601,Shawn Simeon,UConn,RB,0.054,0.1,0.0
2026,5203606,Derrek Cooper,Texas,RB,0.029,0.057,0.0
2026,5203610,Nedrick Boldin Jr.,Boston College,WR,0.014,0.0,0.029
2026,5203714,Gabriel Cline,UAB,TE,0.013,0.0,0.031
2026,5203716,Ethan Drumm,Wofford,QB,0.426,0.19,0.581
2026,5204395,Bradley Martino,Minnesota,WR,0.014,0.0,0.031
2026,5205097,Carter Jones,Nevada,QB,0.356,0.143,0.938
2026,5205460,Davion Chandler,Indiana,WR,0.046,0.0,0.156
2026,5206061,Darien Williams,Syracuse,WR,0.036,0.0,0.069
2026,5207598,Charles Taplin,Michigan State,WR,0.041,0.0,0.107
2026,5207604,TK Keys,Tennessee,WR,0.021,0.0,0.06
2026,5207620,Xavier Johnson,North Alabama,WR,0.171,0.03,0.364
2026,5207650,Quandre Coates,Louisiana,TE,0.019,0.0,0.045
2026,5207657,Brodrick Malone,New Mexico State,WR,0.065,0.0,0.125
2026,5207661,Romel Stevens,Arkansas State,WR,0.017,0.0,0.059
2026,5207795,London Deyon,Sam Houston,TE,0.015,0.0,0.026
2026,5207804,Jeremiah Scoby,Bowling Green,TE,0.138,0.0,0.348
2026,5207842,Jalen Cooper,SMU,WR,0.036,0.0,0.061
2026,5207893,Wesley Yarbrough,Arizona,RB,0.068,0.152,0.0
2026,5207912,Malachi Augustus,Alcorn State,WR,0.027,0.0,0.06
2026,5207925,Tyvonn Byars,Rice,RB,0.178,0.223,0.0
2026,5207927,Dramekco Green,SMU,RB,0.148,0.321,0.014
2026,5207930,DAndre Hardeman Jr.,Rice,RB,0.155,0.194,0.0
2026,5207931,Terrence Lewis,Oklahoma State,WR,0.057,0.0,0.108
2026,5207934,Austin Carlisle,UL Monroe,QB,0.396,0.256,0.635
2026,5208095,Mason Heintschel,Pittsburgh,QB,0.55,0.141,0.96
2026,5208136,Matt Outten,Syracuse,WR,0.141,0.25,0.027
2026,5208138,Luke Carney,Houston,QB,0.062,0.089,0.0
2026,5208218,Jonanthony Hall,Stanford,WR,0.072,0.0,0.13
2026,5208592,Bo MacCormack III,Boston College,RB,0.11,0.2,0.029
2026,5209118,Hayden Vercher,Arizona State,TE,0.014,0.0,0.028
2026,5209123,Hayden Daugherty,Northern Arizona,TE,0.032,0.0,0.068
2026,5209127,Jax Markovich,Massachusetts,TE,0.015,0.0,0.043
2026,5209130,Taniela Tupou,USC,TE,0.014,0.0,0.03
2026,5209143,Julian McFadden,Syracuse,WR,0.012,0.0,0.023
2026,5209161,Malachi Coleman,Syracuse,RB,0.013,0.025,0.0
2026,5209295,Jake Fette,Arizona State,QB,0.085,0.114,0.056
2026,5209298,Langdon Horace,Stanford,WR,0.014,0.0,0.026
2026,5209302,Quaid Carr,Washington,RB,0.094,0.179,0.029
2026,5209304,Kourdey Glass,Oregon State,RB,0.135,0.286,0.077
2026,5209306,Shane Rosenthal,UCLA,WR,0.015,0.0,0.042
2026,5209316,Amante Martin,TCU,RB,0.056,0.111,0.0
2026,5209334,Jamel Howse,App State,TE,0.034,0.0,0.079
2026,5209337,DeShawn Spencer,Auburn,WR,0.059,0.0,0.147
2026,5209366,Davis Penn,Wofford,RB,0.027,0.056,0.0
2026,5209381,Matt Ludwig,Texas Tech,TE,0.052,0.0,0.125
2026,5209382,Cardae Mack,Arizona State,RB,0.044,0.063,0.029
2026,5209387,Derek Zammit,Washington,QB,0.013,0.032,0.0
2026,5209427,Kolin Wilson,Mississippi State,RB,0.115,0.169,0.047
2026,5209464,Brian Rowe Jr.,UCLA,WR,0.092,0.014,0.208
2026,5209576,Brendan Loftus,Miami (OH),TE,0.034,0.0,0.053
2026,5209679,Jeremiah Koger,Auburn,WR,0.063,0.0,0.137
2026,5209688,JT Lindsey,Ole Miss,RB,0.064,0.125,0.014
2026,5209923,Rocco Marriott,UCF,QB,0.032,0.054,0.0
2026,5209945,Antwan Raymond,Rutgers,RB,0.336,0.678,0.058
2026,5209946,Jerquaden Guilford,Ohio State,WR,0.014,0.0,0.026
2026,5209951,Seth Elchert,Toledo,WR,0.013,0.0,0.032
2026,5209960,Lekhy Thompkins,Louisville,RB,0.091,0.162,0.0
2026,5210049,Chancellor Sparks,Miami (OH),RB,0.143,0.205,0.0
2026,5210053,Quade Chatmon,Southern Illinois,RB,0.059,0.086,0.03
2026,5210164,Bryce Yates,Pittsburgh,WR,0.04,0.0,0.08
2026,5210204,Willem Thurber,Virginia,TE,0.016,0.0,0.042
2026,5210475,Ryan Hopkins,Wisconsin,QB,0.054,0.097,0.0
2026,5210477,Vance Spafford,Miami,WR,0.028,0.0,0.066
2026,5210501,Tristan Ti'a,Auburn,QB,0.047,0.0,0.118
2026,5210515,Daunte Bacheyie,Syracuse,TE,0.042,0.0,0.08
2026,5210729,Xay Davis,Virginia,RB,0.133,0.194,0.0
2026,5211057,John Kelly,Kansas,RB,0.013,0.02,0.0
2026,5211073,Mike Mitchell Jr.,Stanford,QB,0.015,0.0,0.023
2026,5211117,Bjorn Jurgensen,Hawai'i,QB,0.039,0.02,0.051
2026,5211183,Milan Parris,Miami,WR,0.028,0.0,0.066
2026,5211200,Dominick Barry,Wake Forest,TE,0.022,0.0,0.047
2026,5211482,Bryson Williams,Michigan State,WR,0.013,0.0,0.031
2026,5211689,Ryder Hooks,Eastern Kentucky,RB,0.121,0.158,0.053
2026,5211691,Preston Bowman,Ohio,WR,0.043,0.054,0.036
2026,5211694,Harold Mack,Eastern Michigan,WR,0.099,0.013,0.164
2026,5211696,Noah Sanders,Toledo,RB,0.053,0.089,0.0
2026,5211750,Stratton Fuller,Army,WR,0.083,0.07,0.154
2026,5211768,Mike Taylor Jr.,Ohio,RB,0.029,0.065,0.0
2026,5211769,Brayden Trimble,Illinois,WR,0.044,0.0,0.094
2026,5211771,Kadale Williams,Toledo,RB,0.013,0.022,0.0
2026,5211889,Messiah Hampton,Oregon,WR,0.066,0.0,0.121
2026,5212245,Cale Breslin,Montana State,RB,0.038,0.079,0.0
2026,5212589,Emmett Bork,Wisconsin,TE,0.016,0.0,0.032
2026,5212610,Ksaan Farrar,Colorado State,QB,0.101,0.0,0.189
2026,5212611,Tony Kinsler,Pittsburgh,WR,0.02,0.0,0.04
2026,5212635,Mikkel Skinner,Kentucky,TE,0.066,0.0,0.154
2026,5212641,Weston Bryan,Georgia Southern,QB,0.041,0.106,0.01
2026,5212652,Ryan Mosley,Georgia,WR,0.016,0.0,0.04
2026,5212654,Braden Atkinson,Oregon State,QB,0.752,0.079,1.0
2026,5212655,Jordan Collins,Navy,TE,0.07,0.0,0.174
2026,5212700,Jariel Cobb,Charlotte,RB,0.033,0.063,0.0
2026,5212703,Justin Rice,Richmond,WR,0.017,0.0,0.03
2026,5212705,Brady Stober,Elon,QB,0.306,0.056,0.75
2026,5212732,Liam Thorpe,Stanford,WR,0.055,0.0,0.118
2026,5213231,Jayden Kitchens,Maryland,WR,0.019,0.0,0.038
2026,5213299,Lincoln Fisher,Holy Cross,WR,0.066,0.0,0.12
2026,5213354,Max Guest,App State,RB,0.014,0.026,0.0
2026,5213685,Edward Griffin,Baylor,QB,0.082,0.024,0.14
2026,5214364,Judah Ofori-Ansah,Fordham,WR,0.14,0.0,0.259
2026,5214367,Joseph Williams,Holy Cross,RB,0.231,0.5,0.05
2026,5214401,Jon Denman,TCU,RB,0.105,0.194,0.015
2026,5214404,Isaiah Groves,Austin Peay,RB,0.115,0.198,0.014
2026,5214408,Jase Nix,San José State,WR,0.028,0.0,0.056
2026,5214409,Jeffrey Overton Jr.,Virginia Tech,RB,0.045,0.0,0.085
2026,5214410,Jasper Parker,Arkansas,RB,0.06,0.087,0.028
2026,5214443,Jake Houseworth,UC Davis,TE,0.015,0.0,0.028
2026,5214446,Brody Lennon,Ohio State,TE,0.014,0.0,0.026
2026,5214448,Jayden Savoury,Michigan State,TE,0.063,0.0,0.156
2026,5214451,Mike Tyler,South Carolina,TE,0.041,0.0,0.091
2026,5214549,Mason Woods,Iowa,TE,0.013,0.0,0.026
2026,5214557,JJ Buchanan,Michigan,WR,0.142,0.0,0.349
2026,5214566,Dawson Pough,Boston College,WR,0.094,0.0,0.207
2026,5214639,Lazaro Rogers,Miami (OH),RB,0.087,0.172,0.0
2026,5214645,Brady Palmer,Minnesota,QB,0.11,0.051,0.188
2026,5214646,Luke Fahey,Ohio State,QB,0.096,0.03,0.132
2026,5214648,Jayreon Campbell,Indiana,RB,0.081,0.114,0.0
2026,5214651,Caleb Smith,Arizona,WR,0.029,0.0,0.056
2026,5214655,Kaneal Sweetwyne,Colorado,QB,0.176,0.083,0.278
2026,5214937,Jaron Thomas,Minnesota,RB,0.014,0.026,0.0
2026,5214939,Triston White,Northern Illinois,RB,0.034,0.08,0.0
2026,5214940,Jourdin Houston,Rutgers,WR,0.099,0.017,0.174
2026,5214955,Michael Scott,James Madison,WR,0.079,0.0,0.179
2026,5215017,Landon Roldan,Georgia,WR,0.024,0.033,0.017
2026,5215030,Zion Gist,Michigan State,RB,0.041,0.07,0.0
2026,5215135,Braylon Collier,Michigan State,WR,0.027,0.0,0.071
2026,5215172,Kenny Darby,Kentucky,WR,0.102,0.016,0.2
2026,5215185,Isaiah Butler-Tanner,UTSA,TE,0.014,0.0,0.023
2026,5215218,Karon Brookins,Penn State,WR,0.027,0.0,0.071
2026,5215220,Kingston Jones,Grambling,WR,0.025,0.0,0.057
2026,5215238,Johnnie Thiel IV,Louisiana Tech,WR,0.018,0.0,0.034
2026,5215242,Bryce Randolph,Liberty,WR,0.037,0.0,0.093
2026,5215266,Antwon Thomas,Duquesne,WR,0.068,0.0,0.146
2026,5215310,Chaston Ditta,North Texas,QB,0.036,0.027,0.05
2026,5215337,Preston Douglas,NC State,TE,0.049,0.0,0.109
2026,5215367,Marcus Mozer,Northern Colorado,WR,0.111,0.0,0.235
2026,5215395,Kyle Frendt,Wyoming,TE,0.026,0.0,0.067
2026,5215467,Branden Hoch,Florida Atlantic,WR,0.065,0.0,0.111
2026,5215500,Ethan Ervin,Florida Atlantic,RB,0.192,0.434,0.0
2026,5215501,Oliver Mitchell Jr.,Tulane,WR,0.018,0.0,0.032
2026,5215629,Kevin Roche Jr.,Georgia Tech,TE,0.111,0.0,0.2
2026,5216050,Terry Shelton,TCU,WR,0.014,0.0,0.03
2026,5216072,Josiah Rainey,Drake,WR,0.041,0.0,0.058
2026,5216317,Demarius Robinson,Arizona State,RB,0.056,0.114,0.0
2026,5216495,Derrick Avery Jr.,Georgia State,WR,0.064,0.0,0.164
2026,5216496,D'Ontae Fulton,Georgia State,WR,0.014,0.0,0.03
2026,5216505,Jamar Searcy,Wake Forest,RB,0.029,0.063,0.0
2026,5216506,DJ Asiasi,Nevada,TE,0.038,0.0,0.102
2026,5216509,Davian Jackson,Texas State,RB,0.17,0.281,0.018
2026,5216559,Tate Nagy,Kansas,WR,0.041,0.012,0.086
2026,5216561,Jakai Anderson,SMU,WR,0.055,0.0,0.091
2026,5216575,Braylen Naves,Central Michigan,WR,0.027,0.0,0.075
2026,5216626,J.J. Hill,Mississippi State,RB,0.089,0.189,0.0
2026,5216639,Jaylon Hawkins,San Diego State,WR,0.018,0.0,0.05
2026,5216695,Bryce Kania,Wake Forest,WR,0.029,0.0,0.063
2026,5216698,TJ Peyton,East Tennessee State,RB,0.208,0.398,0.031
2026,5216706,TJ Stanley,Georgia State,QB,0.042,0.0,0.091
2026,5216796,Banks Bowen,North Alabama,QB,0.022,0.0,0.042
2026,5216844,Kavon Simmons,Duke,WR,0.022,0.0,0.063
2026,5217041,Omar Mabson Ii,Auburn,RB,0.138,0.238,0.027
2026,5217152,Zion Robinson,Stanford,WR,0.05,0.0,0.091
2026,5217176,Taariq Denson,Fordham,RB,0.051,0.095,0.014
2026,5217177,Taimane Purcell,California,TE,0.034,0.0,0.062
2026,5217200,Neo Clifton,Middle Tennessee,WR,0.042,0.0,0.068
2026,5217700,Gio Richardson,Arizona,WR,0.109,0.033,0.181
2026,5217752,Jamari Miller,Georgia State,WR,0.043,0.048,0.036
2026,5217820,Monterrio Elston Jr.,Kansas State,RB,0.083,0.136,0.0
2026,5218246,Luke Douglas,App State,TE,0.02,0.0,0.048
2026,5218381,Jalen Mickens,Louisiana Tech,WR,0.129,0.048,0.24
2026,5218507,Matt Jeffery,Notre Dame,WR,0.03,0.0,0.061
2026,5218514,Jack Larsen,Notre Dame,TE,0.015,0.0,0.03
2026,5218582,Jaden Reddell,Georgia,TE,0.049,0.037,0.061
2026,5218633,Ryan Wingo,Texas,WR,0.101,0.013,0.197
2026,5218636,Reid Watkins,South Dakota,RB,0.102,0.164,0.02
2026,5218655,Jamezell Lassiter,Vanderbilt,RB,0.074,0.137,0.0
2026,5218658,Larry Benton III,Abilene Christian,TE,0.016,0.0,0.03
2026,5218664,Tyler Fortenberry,Iowa State,TE,0.021,0.0,0.059
2026,5218700,Tyrell Reed Jr.,Southeast Missouri State,RB,0.111,0.159,0.065
2026,5218720,Isaiah Stone,Georgia State,WR,0.014,0.012,0.018
2026,5218736,Emazon Littlejohn,Western Michigan,WR,0.031,0.04,0.02
2026,5218753,T.J. Moore,Clemson,WR,0.134,0.0,0.274
2026,5218754,Parker Fulghum,UL Monroe,WR,0.037,0.0,0.096
2026,5218787,Que'Sean Brown,Virginia Tech,WR,0.092,0.0,0.192
2026,5218820,Johnnie Daniels,Tulane,RB,0.121,0.25,0.0
2026,5218869,Sitani Mikaele,Hawai'i,RB,0.096,0.263,0.014
2026,5218880,Blaze Kamoku,Hawai'i,WR,0.065,0.0,0.101
2026,5218881,Tama Uiliata,Hawai'i,WR,0.104,0.0,0.163
2026,5218882,Josiah Fetui,Hawai'i,WR,0.022,0.0,0.034
2026,5218891,Mario Sanders II,Southern Miss,WR,0.097,0.0,0.226
2026,5218907,Luke Harpring,Florida,TE,0.031,0.0,0.069
2026,5218931,DJ Vonnahme,Iowa,TE,0.094,0.015,0.174
2026,5218961,Fame Ijeboi,Purdue,RB,0.304,0.507,0.125
2026,5218988,JoJo Stone,Florida International,WR,0.077,0.016,0.124
2026,5219011,EJ Reid,UAB,WR,0.054,0.0,0.157
2026,5219017,Nakai Amachree,Bowling Green,RB,0.198,0.284,0.087
2026,5219035,Cam'Ron King,Georgia Southern,WR,0.013,0.0,0.021
2026,5219039,John Buetow,Virginia Tech,RB,0.027,0.049,0.0
2026,5219089,Antonio Harris,Purdue,RB,0.081,0.158,0.0
2026,5219112,Troy Grizzle,Boise State,TE,0.013,0.0,0.036
2026,5219136,Tommy Maher,Colorado State,WR,0.074,0.0,0.147
2026,5219140,Jeremiah Patterson,North Dakota State,WR,0.031,0.0,0.077
2026,5219169,Charleston French,North Carolina,RB,0.036,0.077,0.0
2026,5219180,Zane Kinsey,Youngstown State,WR,0.014,0.0,0.032
2026,5219190,Lyviel Waters,Cincinnati,TE,0.013,0.0,0.033
2026,5219232,Jake Peveto,Northwestern State,WR,0.017,0.0,0.034
2026,5219242,Marcus Brown,Stanford,WR,0.015,0.0,0.023
2026,5219250,Aiden Black,Stanford,TE,0.027,0.0,0.059
2026,5219255,Carson Robbins,Iowa State,WR,0.021,0.0,0.059
2026,5219258,Aiden Flora,Iowa State,RB,0.262,0.406,0.028
2026,5219270,Lyndon Ravare,New Mexico State,WR,0.03,0.0,0.058
2026,5219272,Drew Carlson,Eastern Washington,WR,0.121,0.0,0.225
2026,5219297,Trevor Ladd,Virginia,WR,0.016,0.0,0.042
2026,5219405,Aden Self,Army,WR,0.014,0.018,0.0
2026,5219408,Ethan Washington,Army,QB,0.069,0.053,0.154
2026,5219413,Trey Tremba,Lehigh,RB,0.117,0.143,0.036
2026,5219427,Randall Nauden,Morgan State,RB,0.046,0.101,0.0
2026,5219436,Bradyn Anderson,Army,WR,0.037,0.009,0.167
2026,5219439,Ty Brown-Stauffer,Bucknell,RB,0.121,0.275,0.009
2026,5219480,Connor Adair,Campbell,TE,0.014,0.0,0.024
2026,5219496,Donald Collier,Kansas,WR,0.038,0.059,0.0
2026,5219497,Leyton Cure,Kansas,TE,0.026,0.0,0.08
2026,5219509,Braden Baize,UT Rio Grande Valley,WR,0.037,0.0,0.064
2026,5219571,Joe Pitchford,TCU,RB,0.056,0.111,0.0
2026,5219572,Cade Keith,New Mexico,TE,0.042,0.0,0.13
2026,5219586,Anthony Grigsby Jr.,Cal Poly,QB,0.609,0.23,1.0
2026,5219637,Clay Ash,Georgetown,RB,0.172,0.296,0.074
2026,5219640,Greg Genross,Monmouth,TE,0.036,0.0,0.065
2026,5219661,Prince Zombo,Utah Tech,WR,0.07,0.0,0.129
2026,5219662,Dominique McKenzie,San José State,WR,0.03,0.0,0.055
2026,5219678,Joseph Young,Long Island University,WR,0.086,0.0,0.208
2026,5219689,Sione I Moa,BYU,RB,0.086,0.133,0.0
2026,5219703,Lamar White,UAB,WR,0.014,0.0,0.053
2026,5219834,Drew Mestemaker,Oklahoma State,QB,0.6,0.132,1.0
2026,5219881,Darius Morant,West Virginia,RB,0.095,0.118,0.0
2026,5219898,Drew Devillier,Florida Atlantic,QB,0.013,0.0,0.029
2026,5219929,Kenny Lueth,Northern Colorado,QB,0.562,0.284,0.873
2026,5219932,Elijah Porter,Northern Illinois,RB,0.081,0.14,0.032
2026,5219946,Jason Fowler,Northern Illinois,TE,0.061,0.0,0.125
2026,5219994,Rayshawn Glover,East Texas A&M,WR,0.043,0.0,0.071
2026,5219999,Omar Shah,Weber State,RB,0.09,0.203,0.021
2026,5220007,Tank Boston,Charlotte,WR,0.033,0.0,0.069
2026,5220109,Price Morgan,Incarnate Word,WR,0.156,0.0,0.273
2026,5220125,Dane Nauman,Toledo,RB,0.013,0.022,0.0
2026,5220133,Sam Lee,Toledo,TE,0.013,0.0,0.032
2026,5220194,Noah Toster,South Alabama,WR,0.011,0.0,0.036
2026,5220195,Rod Gibbs,South Alabama,TE,0.019,0.0,0.049
2026,5220197,Fluff Bothwell,Mississippi State,RB,0.203,0.325,0.047
2026,5220222,Javon Campbell,UL Monroe,WR,0.014,0.0,0.033
2026,5220253,James Jones,New Mexico State,RB,0.234,0.462,0.048
2026,5220256,Donte Lee Jr,Texas Tech,WR,0.026,0.0,0.063
2026,5220265,Jon Montiero,Liberty,WR,0.015,0.0,0.037
2026,5220266,Connie Hewitt II,UT Martin,TE,0.036,0.0,0.085
2026,5220340,Omiri Wiggins,McNeese,RB,0.2,0.33,0.091
2026,5220352,Hunter Tipton,Memphis,TE,0.096,0.0,0.246
2026,5220360,Ryder Post,James Madison,TE,0.016,0.0,0.036
2026,5220406,Thomas McCoy,UVA Wise,WR,0.014,0.036,0.0
2026,5220443,Darrick Bledsoe III,Sam Houston,WR,0.044,0.0,0.068
2026,5220469,Michael Barrow,Navy,WR,0.103,0.112,0.069
2026,5220471,Andre Gilbert Jr.,Navy,WR,0.025,0.027,0.0
2026,5220472,Tre Jones,Navy,WR,0.015,0.009,0.034
2026,5220473,Jackson Gutierrez,Navy,QB,0.191,0.131,0.414
2026,5220476,Charles Robinson,Navy,WR,0.123,0.0,0.304
2026,5220496,Theo Elwell,Navy,TE,0.013,0.0,0.167
2026,5220552,Jaylan Bean,Alabama A&M,WR,0.065,0.0,0.117
2026,5220596,Kyri Shoels,Utah,WR,0.016,0.0,0.034
2026,5220620,Traivon Dyson,Southern Illinois,WR,0.019,0.0,0.042
2026,5220641,Alan Woods III,Kennesaw State,RB,0.15,0.227,0.086
2026,5220651,Robert Freeman IV,Idaho State,RB,0.091,0.195,0.019
2026,5220666,Derrick Jameson,UL Monroe,RB,0.104,0.128,0.077
2026,5220671,Herschel Turner,Nevada,RB,0.176,0.256,0.061
2026,5220681,Petey Tucker,Western Illinois,WR,0.034,0.0,0.078
2026,5220696,Myles Abernathy,Holy Cross,WR,0.088,0.0,0.162
2026,5220785,TJ Pride,New Mexico State,WR,0.045,0.0,0.087
2026,5220893,Elijah Washington-Baker,Syracuse,TE,0.026,0.0,0.054
2026,5220975,Jaquise Martin,Houston,WR,0.015,0.0,0.053
2026,5221043,Walker Lyons,BYU,TE,0.063,0.0,0.16
2026,5221048,Jabari Bush,Arkansas State,TE,0.033,0.0,0.063
2026,5221049,James Rexroat,Missouri State,TE,0.013,0.0,0.038
2026,5221060,Kameron Thomas,Northwestern State,RB,0.056,0.098,0.011
2026,5221109,Teddy Gawlik,Louisiana,TE,0.041,0.0,0.102
2026,5221139,Shawn Foster,Central Michigan,WR,0.041,0.067,0.0
2026,5221143,Donovan Jones,Tusculum,RB,0.03,0.042,0.0
2026,5221272,Elijah McCoy,UTEP,RB,0.034,0.059,0.0
2026,5221285,Jacobe Hayes,TCU,WR,0.035,0.0,0.075
2026,5221304,Aaron Ball,Indiana State,RB,0.176,0.301,0.073
2026,5221306,Jake Furtney,Ohio,TE,0.028,0.0,0.091
2026,5221381,Tony Freeman,Washington State,WR,0.018,0.0,0.036
2026,5221393,Caleb Rollerson,UCF,WR,0.034,0.0,0.071
2026,5221590,Tre' Holloway,Tennessee Tech,WR,0.12,0.033,0.211
2026,5221596,Alex Godavitarne,UConn,TE,0.031,0.0,0.071
2026,5221616,Ade Olanegan,Morgan State,QB,0.164,0.021,0.283
2026,5222150,Josh Brantley,Louisiana Tech,TE,0.017,0.0,0.048
2026,5222189,Seth Weller,Abilene Christian,WR,0.021,0.0,0.038
2026,5222221,Tank Hawkins,Washington State,WR,0.018,0.0,0.036
2026,5222223,KD Daniels,Wake Forest,RB,0.029,0.056,0.0
2026,5222227,DeBraun Hampton,Baylor,WR,0.03,0.0,0.055
2026,5222239,Dawson Johnson,Tulane,TE,0.038,0.0,0.091
2026,5222247,Arrion Concepcion,James Madison,WR,0.016,0.0,0.036
2026,5222257,Kha'Leal Sterling,Western Carolina,WR,0.017,0.0,0.028
2026,5222386,Jay Jay Etheridge,Kent State,WR,0.02,0.0,0.043
2026,5222394,Dashawn Martin,Virginia,WR,0.015,0.0,0.056
2026,5222534,Tyson Carter,Florida International,WR,0.026,0.0,0.045
2026,5222551,Ryder Kusch,Temple,TE,0.041,0.0,0.122
2026,5222557,Jack Moran,Jacksonville State,QB,0.032,0.0,0.067
2026,5222564,Cam Settles,Arkansas,RB,0.101,0.25,0.038
2026,5222571,Xavier Watson,UConn,TE,0.031,0.0,0.071
2026,5222591,Jason Wright,Buffalo,QB,0.4,0.0,0.636
2026,5222594,Amareon Blue,Eastern Michigan,RB,0.193,0.403,0.055
2026,5222633,Nolan Good,Kent State,QB,0.082,0.076,0.08
2026,5222654,Trenton Chaney,Louisiana,WR,0.074,0.026,0.148
2026,5222657,Darrell Smith,Louisiana,RB,0.099,0.145,0.041
2026,5222671,Jaylin Carter,Memphis,RB,0.249,0.408,0.029
2026,5222675,Danny Edgehille,Boston College,TE,0.015,0.0,0.031
2026,5222676,Brady Clough,Boston College,TE,0.073,0.015,0.141
2026,5222689,John Montague,Boston College,WR,0.041,0.0,0.086
2026,5222710,Landon Walker,Navy,WR,0.051,0.055,0.0
2026,5222752,Drew Wagner,Northwestern,WR,0.127,0.0,0.269
2026,5222761,Jamarion McDougle,Ball State,WR,0.068,0.0,0.123
2026,5222826,Ri'Jon Hammond,Texas Southern,RB,0.094,0.17,0.0
2026,5222936,Franck Pierre,Alabama State,WR,0.042,0.0,0.104
2026,5222975,Anthony Quinn Jr.,Marshall,RB,0.018,0.0,0.034
2026,5223107,Quentin Hayes,The Citadel,QB,0.387,0.277,0.727
2026,5223112,Kemper Hodges,Air Force,QB,0.075,0.091,0.0
2026,5223117,Owen Chambers,Air Force,WR,0.013,0.014,0.0
2026,5223119,Owen Allen,Air Force,RB,0.163,0.198,0.0
2026,5223123,Jalen Rashad Turner,Air Force,RB,0.013,0.014,0.0
2026,5223131,Rocco Conti,Air Force,RB,0.109,0.116,0.087
2026,5223147,Simon Kibbee,Air Force,TE,0.02,0.0,0.13
2026,5223149,Adam Hrynciw,Air Force,WR,0.034,0.0,0.217
2026,5223167,Will Henderson III,UTSA,RB,0.194,0.367,0.056
2026,5223768,Harold Duvall,Fresno State,WR,0.044,0.0,0.125
2026,5223788,Donnell Gee Jr.,Tulsa,WR,0.017,0.0,0.043
2026,5223789,Nik Henry,UTEP,WR,0.017,0.029,0.0
2026,5223800,Jaden Lawrence,Wyoming,RB,0.036,0.061,0.0
2026,5223877,Kevin Allen III,Eastern Washington,RB,0.105,0.16,0.058
2026,5223896,Kayden Stuit,Eastern Washington,TE,0.021,0.0,0.041
2026,5223908,Trey Wilson,Cal Poly,RB,0.032,0.059,0.0
2026,5223909,Misa Paiau,Cal Poly,RB,0.177,0.31,0.066
2026,5223933,Alek Marshall,Cal Poly,TE,0.053,0.0,0.101
2026,5223942,Tony Harste,Idaho,WR,0.095,0.0,0.188
2026,5223947,Kage Repenn,Idaho,WR,0.016,0.0,0.032
2026,5223975,Noah West-Baranco,Idaho,TE,0.035,0.0,0.069
2026,5223978,Ryan Jezioro,Idaho,WR,0.095,0.0,0.188
2026,5223980,Journey Wyche,Chattanooga,RB,0.221,0.355,0.064
2026,5223983,Battle Alberson,Chattanooga,QB,0.47,0.156,0.986
2026,5223985,Erik Bussmann,Chattanooga,WR,0.049,0.0,0.13
2026,5224008,John McIntyre,Chattanooga,TE,0.043,0.0,0.136
2026,5224011,Baylor Hayes,Tulsa,QB,0.515,0.176,0.917
2026,5224017,Devin Ingram,Kennesaw State,RB,0.049,0.087,0.0
2026,5224023,Vashawn Nalls,East Tennessee State,TE,0.013,0.0,0.026
2026,5224046,Brett Spencer,Idaho State,RB,0.025,0.061,0.0
2026,5224050,Davis Harsin,Idaho State,QB,0.112,0.104,0.123
2026,5224055,Carson Sudbury,Idaho State,RB,0.048,0.104,0.009
2026,5224084,Trey Hedden,New Mexico State,QB,0.542,0.088,0.962
2026,5224087,Jackson Pryor,Furman,TE,0.03,0.0,0.071
2026,5224089,Devin Hester Jr.,Furman,WR,0.033,0.0,0.071
2026,5224121,Corey Richardson,Austin Peay,RB,0.086,0.146,0.014
2026,5224142,Arlie Lee,Central Arkansas,WR,0.028,0.0,0.08
2026,5224165,Jackson Kostmayer,Mercer,TE,0.017,0.0,0.04
2026,5224166,Kealen Juniel,Central Arkansas,TE,0.014,0.0,0.04
2026,5224178,Caleb Cunningham,Ole Miss,WR,0.115,0.0,0.206
2026,5224187,Patrick Miller,Central Arkansas,QB,0.014,0.022,0.0
2026,5224206,Brady Hensley,Eastern Kentucky,RB,0.133,0.181,0.076
2026,5224217,Marcus Calwise Jr.,Louisiana Tech,WR,0.036,0.0,0.069
2026,5224219,Kyle Vaka,Murray State,WR,0.051,0.0,0.095
2026,5224220,Benjamin Hayes,Norfolk State,TE,0.015,0.0,0.029
2026,5224237,Whitt Newbauer,Oklahoma,QB,0.05,0.053,0.048
2026,5224276,Jalen Fletcher,North Alabama,RB,0.127,0.18,0.065
2026,5224278,Roderick Taylor Jr.,North Alabama,RB,0.083,0.15,0.0
2026,5224307,Noah Gregg,North Alabama,WR,0.044,0.0,0.104
2026,5224320,Jared Echols,Charleston Southern,QB,0.175,0.077,0.242
2026,5224323,Brandon Musch,Charleston Southern,RB,0.021,0.011,0.033
2026,5224354,Rashawn Cunningham,Liberty,WR,0.015,0.0,0.04
2026,5224355,Nate Branch,App State,WR,0.088,0.025,0.175
2026,5224356,Hasan Lee Jr.,Charleston Southern,TE,0.016,0.0,0.03
2026,5224364,Jabez Woods,Montana State,WR,0.02,0.0,0.044
2026,5224371,Dane Steel,Montana State,WR,0.071,0.0,0.156
2026,5224379,Luvens Valcin,Montana State,TE,0.017,0.0,0.037
2026,5224381,Rocky Lencioni,Montana State,TE,0.056,0.0,0.122
2026,5224414,David Spjut,Southern Utah,WR,0.063,0.014,0.158
2026,5224435,Ken Cherry,Samford,RB,0.084,0.185,0.04
2026,5224438,Jadon Loving,Samford,WR,0.021,0.0,0.033
2026,5224444,Maddox McKim,Samford,TE,0.059,0.0,0.095
2026,5224446,Emerson Russell,Samford,RB,0.026,0.095,0.0
2026,5224455,Preston Bird,Samford,WR,0.144,0.0,0.23
2026,5224464,Jarrin Alley,Butler,QB,0.065,0.012,0.163
2026,5224468,Gabe Passini,Butler,QB,0.391,0.165,0.816
2026,5224481,Gage Goralski,Butler,TE,0.027,0.0,0.087
2026,5224493,Chet Yardley,Butler,WR,0.043,0.0,0.122
2026,5224505,Tre Page III,Oklahoma State,RB,0.051,0.105,0.011
2026,5224514,Klein Essler,Tarleton State,TE,0.028,0.0,0.052
2026,5224535,Casey Bullock,Davidson,QB,0.668,0.284,0.936
2026,5224536,AJ Adams,Davidson,WR,0.094,0.011,0.149
2026,5224540,Brodey Berg,Davidson,RB,0.105,0.209,0.04
2026,5224545,Will Jones,Davidson,RB,0.162,0.375,0.035
2026,5224556,Jack Perozek,Davidson,TE,0.077,0.0,0.128
2026,5224560,Asa Chatman,Utah Tech,RB,0.28,0.575,0.06
2026,5224562,Bronson Barben,Utah Tech,QB,0.511,0.163,0.81
2026,5224637,Liam Poronsky,Dayton,QB,0.014,0.025,0.0
2026,5224638,Dillon Fitzpatrick,Dayton,RB,0.042,0.075,0.0
2026,5224644,LeRoy Lewis IV,Dayton,WR,0.014,0.0,0.035
2026,5224645,Tyler Brown,Dayton,RB,0.028,0.05,0.0
2026,5224664,Bryce Cowgill,Dayton,TE,0.015,0.0,0.037
2026,5224665,Paul Kelly,Dayton,WR,0.022,0.013,0.035
2026,5224673,Hank Foley,Drake,WR,0.1,0.0,0.137
2026,5224699,Jake Scobey,Drake,TE,0.036,0.0,0.05
2026,5224714,Latrelle Murrell,Kennesaw State,RB,0.107,0.182,0.043
2026,5224715,Bryce Hicks,Colorado,RB,0.041,0.056,0.028
2026,5224729,Colby Dixon,West Georgia,TE,0.018,0.0,0.03
2026,5224748,Jamarcus Prince,West Georgia,WR,0.031,0.0,0.054
2026,5224749,DK Daniel,West Georgia,WR,0.064,0.0,0.119
2026,5224762,Braden Streeter,Delaware,QB,0.106,0.051,0.152
2026,5224764,Sean Wilson,Delaware,WR,0.106,0.0,0.19
2026,5224766,Greg Spiller,Delaware,RB,0.014,0.036,0.0
2026,5224772,Nick Tyree,Delaware,WR,0.042,0.0,0.07
2026,5224783,Matt McKinley,Delaware,WR,0.028,0.0,0.047
2026,5224785,Jackson Whitacre,Delaware,TE,0.014,0.0,0.023
2026,5224789,Landen Clark,LSU,QB,0.093,0.071,0.123
2026,5224790,Isaiah Fuhrmann,Georgia Tech,WR,0.016,0.0,0.029
2026,5224792,TJ Thomas Jr.,Minnesota,RB,0.145,0.212,0.11
2026,5225013,Rodshaun Dorsey,Georgia State,WR,0.064,0.0,0.164
2026,5225209,Monte Gillman,Montana,WR,0.02,0.029,0.013
2026,5225211,Brooks Davis,Montana,WR,0.17,0.011,0.308
2026,5225213,Malae Fonoti,Missouri,RB,0.038,0.068,0.0
2026,5225217,Luke Flowers,Montana,QB,0.02,0.0,0.038
2026,5225218,Cody Schweikert,Montana,QB,0.02,0.043,0.0
2026,5225221,Lekeldrick Bridges,Montana,WR,0.075,0.0,0.14
2026,5225276,Jacarre Fleming,Eastern Illinois,RB,0.11,0.192,0.013
2026,5225297,Alex Herrera,Illinois State,TE,0.034,0.0,0.078
2026,5225299,Jeremy Reeves,Eastern Illinois,WR,0.027,0.0,0.065
2026,5225300,Landers Green,Eastern Illinois,WR,0.044,0.0,0.098
2026,5225301,Kenny Ajose,Eastern Illinois,WR,0.015,0.0,0.043
2026,5225304,Cole Meehan,Merrimack,QB,0.257,0.093,0.421
2026,5225308,Dennis Morgan,Merrimack,WR,0.027,0.0,0.045
2026,5225329,Bryce Goulet,Merrimack,WR,0.052,0.0,0.103
2026,5225335,Noah Grevious,James Madison,WR,0.071,0.0,0.17
2026,5225341,JoJo Crump,VMI,QB,0.195,0.161,0.296
2026,5225343,Owen Sweeney,Marshall,WR,0.059,0.0,0.135
2026,5225344,Kam Johnson,VMI,RB,0.035,0.051,0.0
2026,5225347,Aslin Shipe,VMI,RB,0.05,0.056,0.037
2026,5225349,Cole Varner,VMI,WR,0.065,0.048,0.111
2026,5225351,Leo Boehling,VMI,RB,0.222,0.306,0.056
2026,5225375,Malik McNeely,Maine,WR,0.044,0.0,0.09
2026,5225383,Tariq Thomas,Fresno State,RB,0.027,0.035,0.022
2026,5225392,Michael Cadden,Bucknell,RB,0.268,0.438,0.151
2026,5225394,Jackson Nowinski,Bucknell,WR,0.034,0.0,0.067
2026,5225395,Jack Bohm-Squicciarini,Bucknell,TE,0.038,0.0,0.066
2026,5225414,Ty Pennington,Northern Arizona,QB,0.543,0.181,0.943
2026,5225428,Kenveon Stone,Northern Arizona,RB,0.135,0.218,0.019
2026,5225435,Seth Cromwell,James Madison,RB,0.08,0.129,0.0
2026,5225442,Evan Morris,Northern Colorado,WR,0.078,0.0,0.167
2026,5225457,Jeter Purdy,Northern Arizona,TE,0.07,0.0,0.148
2026,5225499,Kam Phillips,Colgate,WR,0.056,0.0,0.134
2026,5225500,Chief Montalvo,Colgate,WR,0.015,0.0,0.037
2026,5225509,Isaiah Johnson,Cincinnati,WR,0.056,0.0,0.17
2026,5225529,Matthew Keener,Western Carolina,WR,0.03,0.0,0.05
2026,5225530,Austin Cunningham,Western Carolina,WR,0.034,0.0,0.056
2026,5225532,Bode Burns,Western Carolina,TE,0.065,0.0,0.108
2026,5225571,Cru Newman,Portland State,WR,0.125,0.044,0.189
2026,5225576,Tyrese Smith,Portland State,QB,0.662,0.324,1.0
2026,5225583,Andre Miller,Portland State,WR,0.012,0.0,0.02
2026,5225610,Ivory Aikens,Wofford,WR,0.071,0.024,0.125
2026,5225611,Isaiah Scott,Wofford,WR,0.048,0.0,0.1
2026,5225614,Isaiah Nell,Wofford,RB,0.101,0.131,0.075
2026,5225646,Rico Bond,Toledo,WR,0.059,0.0,0.13
2026,5225648,Pops Battle,Lindenwood,QB,0.553,0.25,1.0
2026,5225700,Jack Snyder,Sacred Heart,QB,0.014,0.024,0.0
2026,5225702,Cole Snider,Sacred Heart,RB,0.028,0.024,0.04
2026,5225703,Chuck Webb,Sacred Heart,RB,0.204,0.291,0.078
2026,5225710,Dean Hangey,Sacred Heart,WR,0.085,0.012,0.216
2026,5225715,Jack Johnson,Georgetown,QB,0.293,0.185,0.444
2026,5225717,Savion Hart,Georgia State,RB,0.043,0.06,0.018
2026,5225721,Jayden Sumpter,Georgetown,RB,0.121,0.185,0.074
2026,5225733,Jonathan Alexander,Georgetown,WR,0.069,0.0,0.148
2026,5225735,Legend Bernard,Georgetown,WR,0.069,0.0,0.148
2026,5225740,Tristan Smith,Clemson,WR,0.02,0.0,0.038
2026,5225748,Payton Brown,Southeast Missouri State,RB,0.185,0.328,0.086
2026,5225775,Naz Treadwell,Monmouth,RB,0.065,0.116,0.022
2026,5225782,Mason McSweeney,Holy Cross,TE,0.017,0.0,0.033
2026,5225791,RJ Newton,Holy Cross,WR,0.022,0.0,0.04
2026,5225794,SirCharles Gordon,Holy Cross,WR,0.055,0.0,0.1
2026,5225797,Mason Kuehner,Lafayette,WR,0.109,0.0,0.2
2026,5225799,Jason Penza,Lafayette,QB,0.131,0.133,0.133
2026,5225800,Jakyre Henley,Lafayette,RB,0.153,0.333,0.013
2026,5225846,Kyle Koontz,Sacramento State,TE,0.015,0.0,0.03
2026,5225867,Tommy Poe,Idaho State,WR,0.035,0.0,0.063
2026,5225868,Gavin Nelson,Cal Poly,TE,0.028,0.0,0.047
2026,5225879,Elijah Harris,Houston Christian,RB,0.096,0.144,0.016
2026,5225880,Xai'Shaun Edwards,Missouri,RB,0.118,0.202,0.016
2026,5225881,Terrell Bradshaw,Houston Christian,WR,0.033,0.0,0.091
2026,5225901,Jaden Green,Cal Poly,RB,0.205,0.37,0.066
2026,5225902,Hayden Johnson,Lehigh,QB,0.294,0.097,0.915
2026,5225904,Jamaire Harden,Lehigh,WR,0.036,0.007,0.128
2026,5225916,Garrett Guess,Lehigh,TE,0.017,0.0,0.056
2026,5225930,Nick Palumbo,Lehigh,WR,0.057,0.0,0.234
2026,5225936,Jaden McGill,Western Kentucky,RB,0.083,0.073,0.098
2026,5225938,Snap Reed,North Alabama,WR,0.094,0.0,0.221
2026,5225940,Chase Spellman,Drake,QB,0.056,0.238,0.0
2026,5225961,Connor Ruth,North Alabama,TE,0.022,0.0,0.042
2026,5225991,Jeremy Decaro,Marist,WR,0.093,0.15,0.022
2026,5226014,Joey Bemis,Marist,TE,0.014,0.0,0.024
2026,5226019,Caden Pinnick,Washington State,QB,0.642,0.321,1.0
2026,5226080,John David Black,Abilene Christian,QB,0.571,0.117,0.933
2026,5226083,Jason Dickerson,East Carolina,WR,0.014,0.0,0.026
2026,5226122,Lazaro Rodriguez,Tennessee Tech,TE,0.013,0.0,0.027
2026,5226138,Carter Pruitt,San Diego,TE,0.088,0.0,0.194
2026,5226148,Christopher Hall,San Diego,WR,0.035,0.0,0.085
2026,5226161,Britain Simmons,Lamar,WR,0.056,0.0,0.123
2026,5226191,Tyler Bonkowski,Lamar,TE,0.025,0.0,0.055
2026,5226220,Anthony Carter,UT Martin,WR,0.03,0.0,0.073
2026,5226221,Deuce Oliver,UT Martin,WR,0.09,0.028,0.183
2026,5226228,Mariano Birdno,Montana,TE,0.055,0.0,0.103
2026,5226234,Quentin Cobb-Butler,St. Thomas (MN),WR,0.083,0.01,0.172
2026,5226248,Joseph Koch,St. Thomas (MN),RB,0.097,0.154,0.033
2026,5226265,Brennan Myer,Bryant,QB,0.439,0.12,0.921
2026,5226267,Zyheem Collick,Charlotte,WR,0.014,0.0,0.028
2026,5226300,Maximus Nosler,Bryant,TE,0.026,0.0,0.066
2026,5226314,Elijah Aragon,Idaho State,WR,0.015,0.0,0.026
2026,5226318,Avery Knight,Western Illinois,RB,0.078,0.127,0.022
2026,5226320,Cam Edwards,Western Illinois,WR,0.031,0.0,0.062
2026,5226322,Tanner Zolnosky,Western Illinois,QB,0.039,0.061,0.0
2026,5226329,Aric Johnson,Western Illinois,WR,0.039,0.0,0.089
2026,5226336,Ethan Bryce,Western Illinois,RB,0.105,0.163,0.0
2026,5226368,Devin Lippold,McNeese,QB,0.49,0.175,0.782
2026,5226403,Marvin Duffey Jr.,Stetson,RB,0.031,0.06,0.0
2026,5226441,Troy Flowers,Stetson,RB,0.195,0.309,0.094
2026,5226453,Brennan Ridley,Bowling Green,WR,0.086,0.03,0.174
2026,5226455,Khaioz Watford,Hampton,TE,0.044,0.0,0.097
2026,5226480,Amir Simmons,Glenville State,RB,0.089,0.278,0.0
2026,5226481,Noah Long,St. Thomas (MN),RB,0.088,0.17,0.0
2026,5226483,Ryan Ricketti,New Hampshire,WR,0.053,0.0,0.105
2026,5226491,Colin Hayes,Valparaiso,TE,0.034,0.0,0.07
2026,5226493,Dom DiNuzzo,Valparaiso,TE,0.016,0.0,0.045
2026,5226494,Brayden Welch,Northern Colorado,TE,0.019,0.0,0.039
2026,5226511,Gary Givens III,Nevada,WR,0.061,0.0,0.163
2026,5226521,Preston Welch,Nicholls,QB,0.103,0.078,0.148
2026,5226523,Miequle Brock,Tarleton State,RB,0.103,0.184,0.0
2026,5226526,Shane Lee,Nicholls,RB,0.148,0.254,0.04
2026,5226550,Khristian Lando,Jacksonville State,RB,0.079,0.115,0.037
2026,5226551,Jalen Likely,Jacksonville State,RB,0.161,0.241,0.089
2026,5226573,Shammai Gates,West Georgia,RB,0.074,0.109,0.054
2026,5226584,Camryn Davis,Northwestern State,WR,0.022,0.0,0.049
2026,5226585,Abram Johnston,Northwestern State,QB,0.434,0.196,0.711
2026,5226587,Zay Davis,Northwestern State,RB,0.209,0.304,0.111
2026,5226593,Ben Buisson,Northwestern State,WR,0.053,0.0,0.089
2026,5226624,Matt Gower,Northwestern State,TE,0.053,0.0,0.089
2026,5226630,Ty'ee Stephens,Maine,WR,0.033,0.0,0.067
2026,5226632,Eddie Buehler,Maine,QB,0.527,0.105,0.966
2026,5226635,Rashawn Marshall,Maine,RB,0.231,0.442,0.045
2026,5226663,Frankie Weaver,Monmouth,QB,0.577,0.022,1.0
2026,5226671,Elijah Jennings,Monmouth,RB,0.223,0.462,0.056
2026,5226676,Luke McAuliffe,UAlbany,WR,0.037,0.0,0.067
2026,5226677,Zach Garmont,Marist,WR,0.084,0.0,0.172
2026,5226679,Landon Kennel,Lehigh,WR,0.03,0.0,0.108
2026,5226695,Keshawn Mister,Monmouth,WR,0.013,0.0,0.024
2026,5226704,Tommy McLeish,New Hampshire,QB,0.112,0.02,0.194
2026,5226721,Logan Perez,New Hampshire,WR,0.047,0.0,0.093
2026,5226756,Dkhai Joseph,SE Louisiana,WR,0.083,0.0,0.205
2026,5226758,Adyn Wilkinson,SE Louisiana,TE,0.027,0.0,0.05
2026,5226760,Darnell O'Quinn,Utah Tech,WR,0.043,0.013,0.07
2026,5226765,Michael Carlock-Williams,North Carolina A&T,WR,0.056,0.0,0.102
2026,5226767,Cortez Lane,North Carolina A&T,WR,0.016,0.0,0.027
2026,5226768,Braxton Thomas,North Carolina A&T,QB,0.371,0.138,0.603
2026,5226771,Daniel Coles,Bowie State,RB,0.175,0.275,0.0
2026,5226778,Jayden Williams,North Carolina A&T,RB,0.014,0.036,0.0
2026,5226788,Rory Jones-Amen-Hetep,North Carolina A&T,WR,0.056,0.0,0.1
2026,5226812,Alex McClelland,Rhode Island,QB,0.048,0.068,0.031
2026,5226827,Andrew King,William & Mary,RB,0.21,0.343,0.082
2026,5226845,Andreas Hill,Richmond,WR,0.077,0.0,0.152
2026,5226896,Quinn Boyd,Stony Brook,QB,0.664,0.244,0.992
2026,5226917,Winston Watkins,William & Mary,QB,0.529,0.343,0.773
2026,5226922,Kahseim Phillips,Towson,RB,0.061,0.16,0.0
2026,5226938,Jacob Zollar,Towson,WR,0.048,0.0,0.091
2026,5226940,Cleveland Charlton,Towson,WR,0.062,0.016,0.111
2026,5226946,Dylan Mills,Villanova,QB,0.016,0.037,0.0
2026,5226949,David Avit,Arizona State,RB,0.07,0.114,0.028
2026,5226956,Ralee Stephens,Villanova,WR,0.016,0.0,0.029
2026,5226961,Chris Colby,Villanova,WR,0.039,0.0,0.083
2026,5226962,Brandon Binkowski,Villanova,WR,0.083,0.0,0.179
2026,5226983,Nick Thomas,Miami,WR,0.013,0.0,0.037
2026,5226985,Jack Whitehouse,Miami,RB,0.067,0.111,0.0
2026,5226989,Joey Tomasso,Colgate,QB,0.017,0.0,0.045
2026,5227005,Armon Wright,Alcorn State,WR,0.05,0.027,0.08
2026,5227007,Haven Mullins,William & Mary,TE,0.023,0.0,0.051
2026,5227043,Sean O'Brien,Central Connecticut,TE,0.047,0.0,0.092
2026,5227056,James Hayes,Florida A&M,QB,0.043,0.0,0.071
2026,5227057,Jalen Jones,Texas Tech,WR,0.026,0.0,0.062
2026,5227061,Jamarie Hostzclaw,Alabama State,RB,0.225,0.302,0.109
2026,5227064,Ashton Ashford,Alabama State,RB,0.148,0.222,0.0
2026,5227106,Logan Kushner,Duquesne,QB,0.136,0.06,0.229
2026,5227111,Dazhaun Hopkins,Duquesne,RB,0.126,0.26,0.0
2026,5227146,Julius Dominguez,Delaware State,WR,0.013,0.0,0.023
2026,5227201,Max Lopacienski,Robert Morris,TE,0.02,0.0,0.034
2026,5227208,Travis Kerney,Howard,RB,0.194,0.341,0.063
2026,5227209,Anthony Reagan Jr.,Louisiana,RB,0.124,0.203,0.02
2026,5227210,Billy Roberson II,Howard,RB,0.136,0.231,0.053
2026,5227231,Ke'Untae Mosley,James Madison,TE,0.016,0.0,0.036
2026,5227257,Markell Holman,Wyoming,RB,0.145,0.179,0.111
2026,5227299,Armand Burris,Florida A&M,WR,0.018,0.0,0.033
2026,5227302,Jack Stevens,Wagner,QB,0.397,0.1,0.568
2026,5227306,Matt Morad,Wagner,RB,0.234,0.5,0.014
2026,5227318,Johans Bars,Wagner,TE,0.013,0.0,0.029
2026,5227351,Cristian Pinto,Wagner,QB,0.099,0.0,0.269
2026,5227354,Andrew Ransome,Wagner,RB,0.169,0.275,0.038
2026,5227371,Antuan Gardner,Youngstown State,RB,0.069,0.093,0.049
2026,5227395,Matt D'Avino,Lehigh,WR,0.046,0.0,0.191
2026,5227400,Travis Terrell Jr.,Purdue,RB,0.095,0.173,0.025
2026,5227403,Nate Blount IV,Jackson State,RB,0.217,0.322,0.057
2026,5227484,Kiron Benjamin,Norfolk State,RB,0.026,0.036,0.012
2026,5227557,Alex Gevaudan,Mercyhurst,QB,0.491,0.045,0.813
2026,5227586,Amare Lattimore,Mercyhurst,WR,0.065,0.014,0.108
2026,5227589,Ryan Miller,Mercyhurst,RB,0.018,0.04,0.0
2026,5227591,Ethen Knox,Mercyhurst,RB,0.071,0.16,0.0
2026,5227631,Ashton Wilson,Mercyhurst,TE,0.019,0.0,0.032
2026,5227635,Sirod Musgrove,Mercyhurst,WR,0.034,0.0,0.061
2026,5227636,Malte Feil,Mercyhurst,WR,0.019,0.0,0.032
2026,5227656,Javion Martin,South Carolina State,QB,0.021,0.034,0.0
2026,5227658,Zion Dobson,North Carolina Central,RB,0.207,0.333,0.039
2026,5227685,Rodny Ojo,Prairie View A&M,WR,0.09,0.0,0.165
2026,5227686,Chase Bingmon,Prairie View A&M,RB,0.213,0.363,0.107
2026,5227697,Ethan John,Prairie View A&M,TE,0.032,0.0,0.058
2026,5227699,Beckham Pellant,Illinois State,QB,0.156,0.009,0.333
2026,5227704,Dylan Lord,Illinois State,WR,0.117,0.0,0.256
2026,5227709,Matt Lawson,North Dakota,RB,0.151,0.236,0.045
2026,5227722,Nick Arogundade,Illinois State,WR,0.052,0.0,0.125
2026,5227723,Luke Mailander,Illinois State,WR,0.048,0.0,0.106
2026,5227734,Torey French,Indiana State,WR,0.032,0.0,0.059
2026,5227742,Nick Osho,North Texas,RB,0.051,0.095,0.0
2026,5227762,Athean Renfro,Texas Southern,RB,0.265,0.412,0.064
2026,5227766,Elijah Leonard,Missouri State,QB,0.013,0.0,0.038
2026,5227770,Brendon McQueen,Missouri State,WR,0.024,0.0,0.059
2026,5227786,Jake Curry,Southern Illinois,QB,0.494,0.165,0.875
2026,5227788,ET Harris,Southern Illinois,WR,0.02,0.0,0.043
2026,5227793,Jerrian Parker,Sam Houston,RB,0.046,0.0,0.079
2026,5227804,Karsen Konkel,Southern Illinois,TE,0.027,0.0,0.065
2026,5227809,Sammy Dresie,South Dakota State,WR,0.024,0.0,0.086
2026,5227810,Jack Henry,South Dakota State,QB,0.014,0.0,0.042
2026,5227812,Jack Smith,South Dakota State,WR,0.079,0.0,0.2
2026,5227814,Maxwell Woods,Washington State,RB,0.119,0.161,0.077
2026,5227818,Brayden Delahoyde,South Dakota State,TE,0.014,0.0,0.042
2026,5227824,Beau Baker,Washington State,TE,0.018,0.0,0.036
2026,5227838,Lofton O'Groske,South Dakota State,WR,0.111,0.026,0.18
2026,5227845,LJ Green,Murray State,WR,0.022,0.0,0.042
2026,5227852,Cam Young,Central Arkansas,RB,0.131,0.191,0.041
2026,5227853,Tyrell Campbell,Murray State,RB,0.201,0.333,0.085
2026,5227854,Baxter Wright,Murray State,QB,0.032,0.067,0.0
2026,5227869,Huseyin Simsir,Murray State,TE,0.014,0.0,0.032
2026,5227872,Deng Deng,North Dakota,WR,0.073,0.0,0.182
2026,5227880,Colton Brunell,North Dakota,RB,0.091,0.163,0.0
2026,5227898,Tray Kuntz,North Dakota,TE,0.014,0.0,0.034
2026,5227911,DeQuadrion Welch,Jackson State,WR,0.013,0.0,0.037
2026,5227917,Kolton Nero,Alabama A&M,RB,0.21,0.449,0.039
2026,5227933,Donovan Price,Alabama A&M,TE,0.032,0.0,0.058
2026,5227941,Keyondray Jones-Logan,South Dakota,RB,0.141,0.181,0.097
2026,5227949,Julius Ellens,South Dakota,RB,0.017,0.03,0.0
2026,5227964,Caden Frey,South Dakota,TE,0.018,0.0,0.043
2026,5227966,Ben Gordon,Northern Iowa,WR,0.075,0.119,0.0
2026,5227974,Kaden Amigon-Suiter,Northern Iowa,RB,0.069,0.083,0.054
2026,5227992,Briggs Hughston,Northern Iowa,TE,0.031,0.0,0.071
2026,5228002,Jackson Williams,North Dakota State,WR,0.08,0.017,0.184
2026,5228015,Reis Kessel,North Dakota State,TE,0.06,0.0,0.158
2026,5228026,Logan Conklin,North Dakota State,WR,0.031,0.0,0.077
2026,5228031,Fidel Tau Pitts,Cal Poly,WR,0.116,0.01,0.226
2026,5228041,Carson Kolb,Oklahoma State,TE,0.04,0.0,0.075
2026,5228149,Mackenzie Alleyne,Oklahoma,WR,0.016,0.0,0.036
2026,5228607,Demon June,North Carolina,RB,0.124,0.245,0.018
2026,5228653,Brady Rhoads,Charlotte,TE,0.013,0.0,0.024
2026,5228759,Dillon Galloway,App State,TE,0.014,0.0,0.03
2026,5228760,Derrick Eley,Charlotte,WR,0.065,0.0,0.127
2026,5228762,Nick Poulos,Ohio,QB,0.353,0.135,0.679
2026,5228764,Riley Neer,Ohio,WR,0.122,0.0,0.304
2026,5228783,AJ Miller,Ohio,TE,0.022,0.0,0.054
2026,5228804,James Laubstein,New Mexico,QB,0.049,0.074,0.0
2026,5228817,Clayton Wayland,Stephen F. Austin,WR,0.065,0.009,0.144
2026,5228819,Stetson Sarratt,Stephen F. Austin,WR,0.042,0.0,0.1
2026,5228838,Cannon Lemberg,Stephen F. Austin,WR,0.013,0.0,0.032
2026,5228839,Cameron Kelley,Stephen F. Austin,WR,0.029,0.0,0.065
2026,5228882,Ryder Treadway,UConn,WR,0.031,0.0,0.071
2026,5229222,Jojo Uga,Lamar,RB,0.145,0.293,0.0
2026,5229224,Bryce Davis,UAlbany,RB,0.016,0.032,0.0
2026,5229237,Tavahri Groves,UAlbany,WR,0.053,0.009,0.108
2026,5229312,Kevin Sheridan,Stonehill,TE,0.012,0.0,0.021
2026,5229322,John Flynn,Stonehill,WR,0.016,0.0,0.032
2026,5229332,Grant Hollier,Georgia State,TE,0.028,0.0,0.073
2026,5229348,Hezekiah Millender,Georgia,QB,0.033,0.049,0.017
2026,5229448,David Parsons,Morehead State,QB,0.475,0.137,0.802
2026,5229475,Anthony Ice,Morehead State,WR,0.113,0.0,0.225
2026,5229489,JaVonnie Gibson,Cincinnati,WR,0.077,0.0,0.234
2026,5229490,Landon Holcomb,Arkansas-Pine Bluff,QB,0.019,0.0,0.04
2026,5229495,D'Avery Robinson,Arkansas-Pine Bluff,WR,0.058,0.011,0.125
2026,5229538,Bryan Wilson,Alcorn State,QB,0.092,0.058,0.143
2026,5229543,JJ Cowan,Campbell,RB,0.126,0.267,0.031
2026,5229557,Randall King,Alabama State,WR,0.054,0.0,0.158
2026,5229571,Tarell Short Jr.,Bethune-Cookman,WR,0.031,0.0,0.077
2026,5229575,Micheal Walker,Bethune-Cookman,TE,0.014,0.0,0.033
2026,5229588,Marquis McCants,Bethune-Cookman,WR,0.015,0.0,0.038
2026,5229589,Javon Ross,Tulsa,WR,0.061,0.0,0.133
2026,5229597,Nathan Rembert,Jackson State,WR,0.091,0.023,0.189
2026,5229953,Aidan O'Callaghan,Memphis,TE,0.016,0.0,0.049
2026,5229961,Mason York,Weber State,WR,0.028,0.0,0.049
2026,5229962,Noah Kjar,Weber State,WR,0.166,0.0,0.293
2026,5229986,Kolby Howard,Weber State,TE,0.013,0.0,0.021
2026,5229987,Mathias Price,Northern Colorado,RB,0.161,0.303,0.02
2026,5230013,Keenan Campbell,Northern Colorado,WR,0.032,0.0,0.066
2026,5230031,Tyselle Spencer,Long Island University,RB,0.054,0.083,0.02
2026,5230035,Evan Brooks,Long Island University,WR,0.057,0.0,0.139
2026,5230050,Braylon Knauth,The Citadel,WR,0.071,0.047,0.145
2026,5230060,Sebastien Boyle,The Citadel,RB,0.085,0.095,0.073
2026,5230109,Austin Iglesias,East Texas A&M,WR,0.014,0.0,0.031
2026,5230112,Major McBride,East Texas A&M,RB,0.079,0.155,0.0
2026,5230175,Jordan Bride,Grambling,WR,0.09,0.0,0.207
2026,5230177,Andre Crews,Grambling,RB,0.07,0.133,0.0
2026,5230180,Tony Phillips,Grambling,RB,0.05,0.095,0.0
2026,5230183,Tyson George,Grambling,WR,0.08,0.0,0.184
2026,5230274,Titus Bautista,Colorado,RB,0.014,0.028,0.0
2026,5230376,Aaron Enterline,Towson,WR,0.11,0.0,0.224
2026,5230777,Xavier Phipps,Texas Southern,TE,0.087,0.0,0.217
2026,5230779,Javon McMahan,Tusculum,RB,0.03,0.042,0.0
2026,5230884,Jason Gabriel,Southern,RB,0.273,0.5,0.05
2026,5230909,Kobe Brown,Southern,WR,0.039,0.0,0.091
2026,5230932,Daryl Barnett Jr.,Toledo,WR,0.025,0.0,0.056
2026,5230950,Will Hook,Eastern Washington,TE,0.014,0.0,0.025
2026,5231037,Isaac Lee,Western Carolina,QB,0.052,0.0,0.056
2026,5231053,Max Holtzclaw,Presbyterian,QB,0.047,0.0,0.093
2026,5231055,BJ Atkins,West Georgia,WR,0.062,0.016,0.097
2026,5231064,Justin Montgomery,West Georgia,RB,0.142,0.281,0.054
2026,5231087,Chris Vickerson,Lamar,TE,0.032,0.0,0.065
2026,5231119,Christian Vann,Gardner-Webb,RB,0.15,0.364,0.042
2026,5231141,Aaron Duncan,Tennessee State,TE,0.014,0.0,0.027
2026,5231153,Raydrian Baltrip,Abilene Christian,WR,0.063,0.0,0.103
2026,5231157,Deonte Dean,Abilene Christian,RB,0.135,0.275,0.043
2026,5231174,Vinson Berry,Albany State,QB,0.049,0.0,0.094
2026,5231181,Shane Kelley,Norfolk State,WR,0.015,0.0,0.029
2026,5231332,Jamar Kaho,Alcorn State,WR,0.023,0.0,0.05
2026,5231354,Caden High,Stanford,WR,0.106,0.0,0.163
2026,5231360,Nicholas Sowell,Bowling Green,WR,0.02,0.0,0.059
2026,5231378,Darius Thompson,South Carolina State,WR,0.014,0.0,0.037
2026,5231612,Jake Croce,Holy Cross,RB,0.11,0.189,0.06
2026,5232040,Dae'Jeaun Dennis,Clark Atlanta,RB,0.164,0.333,0.0
2026,5232045,Maxim Copeland,Morgan State,WR,0.017,0.0,0.029
2026,5232049,Raymond Moore III,UTEP,QB,0.14,0.134,0.163
2026,5232063,Quay Kindell,Charleston Southern,WR,0.08,0.0,0.167
2026,5232065,Nasir Hennigan,Long Island University,RB,0.086,0.144,0.014
2026,5232160,Marcus Willis,Texas Southern,WR,0.047,0.085,0.0
2026,5232343,Reginald Vick Jr,Colorado State,WR,0.088,0.0,0.169
2026,5232445,CJ Ceron,San Diego,QB,0.071,0.09,0.051
2026,5232466,Casey Carlesimo,San Diego,WR,0.015,0.0,0.032
2026,5232470,Jameer Muhammad,Lamar,RB,0.016,0.037,0.0
2026,5232921,Rodney Lesane,North Carolina Central,TE,0.027,0.0,0.057
2026,5233016,King Miller,USC,RB,0.231,0.407,0.031
2026,5233062,Jaylen Middleton,Houston Christian,RB,0.107,0.171,0.0
2026,5233218,Dwayne Simmons,Arkansas-Pine Bluff,TE,0.028,0.0,0.067
2026,5233868,Lanear McCrary Jr.,Georgia State,RB,0.199,0.321,0.018
2026,5233877,TJ Holmes,North Alabama,WR,0.014,0.0,0.031
2026,5233879,Josh Brown,Mississippi Valley State,QB,0.046,0.0,0.115
2026,5234086,Triston Morgan,Kennesaw State,RB,0.064,0.106,0.029
2026,5234396,Austyn Howe,Central Connecticut,WR,0.016,0.0,0.031
2026,5235634,Mike Franklin,Southern,RB,0.056,0.094,0.0
2026,5236210,Jackson Verdugo,Florida International,TE,0.032,0.0,0.056
2026,5236321,Tucker Cusano,Texas State,WR,0.039,0.0,0.105
2026,5236325,Payton Matthews,Rice,WR,0.023,0.0,0.13
2026,5236366,Phillip Folmar,Buffalo,WR,0.012,0.0,0.021
2026,5236367,Michael Gelatko,Buffalo,TE,0.014,0.0,0.023
2026,5236380,Irving Brown,Ohio,RB,0.029,0.065,0.0
2026,5236393,Shane King,Arizona,TE,0.048,0.0,0.088
2026,5237159,Charles Miska,BYU,RB,0.029,0.044,0.0
2026,5238020,Brendon Haygood,North Texas,RB,0.138,0.243,0.017
2026,5238619,Kareem Keye,Alabama State,WR,0.075,0.0,0.203
2026,5238868,Liam Szarka,Air Force,QB,0.333,0.273,0.696
2026,5238869,Matt Long,Air Force,WR,0.061,0.041,0.174
2026,5238876,Jonah Dawson,Air Force,WR,0.015,0.0,0.063
2026,5238881,Keshon Singleton,Indiana State,WR,0.104,0.0,0.198
2026,5239156,Jack Foley,Wake Forest,WR,0.015,0.0,0.031
2026,5239157,Quentin Gibson,Colorado,WR,0.081,0.028,0.139
2026,5243671,Brock Coffman,Kentucky,WR,0.016,0.0,0.038
2026,5244023,Qwantavius Wiggins,Georgia State,RB,0.071,0.083,0.055
2026,5244755,Levi Davis,Ohio,QB,0.056,0.047,0.091
2026,5244756,Ryan Estrada,Minnesota,RB,0.068,0.077,0.063
2026,5244757,Xavier Green,Tulsa,WR,0.014,0.0,0.027
2026,5244758,Jae Lamar,Georgia,RB,0.049,0.098,0.0
2026,5245054,Josiah Lucas,San Diego State,RB,0.063,0.1,0.0
2026,5245055,Jayden Warren,Texas A&M,WR,0.022,0.0,0.051
2026,5245123,Bowe Bentley,Oklahoma,QB,0.033,0.0,0.095
2026,5245125,Israel Briggs,Miami,TE,0.013,0.0,0.037
2026,5245128,Evan Hampton,Vanderbilt,RB,0.014,0.028,0.0
2026,5245413,Zion Crumpton,Mississippi State,WR,0.025,0.0,0.048
2026,5245414,Aljour Miles II,SMU,WR,0.018,0.0,0.03
2026,5245466,Bubba Frazier,Notre Dame,WR,0.015,0.0,0.03
2026,5245511,Terrance Saryon,BYU,WR,0.029,0.044,0.0
2026,5246572,Nathan Mcneil,Iowa,RB,0.065,0.134,0.0
2026,5246589,Camden Capehart,Mississippi State,WR,0.013,0.027,0.0
2026,5250860,Braden Lewis,Stephen F. Austin,RB,0.029,0.057,0.0
2026,5252200,Qumonte Williams Jr.,Boise State,WR,0.026,0.0,0.071
2026,5254150,Javion Kinnard,San Diego State,RB,0.182,0.267,0.049
2026,5257034,Denver Harper,Austin Peay,WR,0.075,0.021,0.153
2026,5257046,Grayson Rigdon,Arizona State,RB,0.067,0.109,0.029
2026,5257214,Lucas Farrington,Jacksonville State,RB,0.096,0.105,0.091
2026,5257958,Jackson Mccarter,James Madison,RB,0.079,0.152,0.0
2026,5257993,Kayleb Barnett,Vanderbilt,WR,0.037,0.014,0.069
2026,5258016,Caleb Hawkins,Oklahoma State,RB,0.314,0.539,0.151
2026,5258024,Marvis Parrish,Michigan State,RB,0.07,0.111,0.016
2026,5258056,Samuel Harris,Wyoming,RB,0.265,0.403,0.089
2026,5258447,Daejawn Smith,Southern,WR,0.083,0.0,0.195
2026,5258483,Will Swartz,Rice,TE,0.024,0.0,0.2
2026,5258487,Cole Pryor,Texas State,RB,0.041,0.077,0.0
2026,5258999,JJ Garner,Louisiana,RB,0.091,0.13,0.041
2026,5259971,Zach Atkins,Colorado,TE,0.041,0.0,0.083
2026,5260691,Rodney Bullard Jr.,Michigan State,WR,0.108,0.0,0.266
2026,5260847,Marcellous Hawkins,Virginia Tech,RB,0.022,0.0,0.043
2026,5261479,Toa Faavae,New Mexico,QB,0.188,0.085,0.413
2026,5261613,Tylik Hill,Syracuse,RB,0.103,0.219,0.011
2026,5261653,Jake Tripptree,New Haven,QB,0.098,0.029,0.217
2026,5262650,Julius Gillick,Fresno State,RB,0.091,0.175,0.0
2026,5262779,Grant McAtee,Tulsa,TE,0.014,0.0,0.027
2026,5263613,Carter Pabst,Iowa State,WR,0.036,0.0,0.105
2026,5263766,Craig Dandridge,Georgia,WR,0.041,0.0,0.086
2026,5263879,Phoenix Henriquez,Syracuse,WR,0.013,0.0,0.027
2026,5264243,Keynan Cotton,Fresno State,WR,0.015,0.0,0.033
2026,5264245,Xavier Ford,Minnesota,RB,0.043,0.096,0.012
2026,5264658,Jermane Hayes,Memphis,WR,0.056,0.0,0.145
2026,5264686,Mark Bowman,USC,TE,0.054,0.0,0.122
2026,5264688,EJ Crowell,Alabama,RB,0.07,0.119,0.0
2026,5264725,Max Anderson,West Virginia,QB,0.016,0.02,0.0
2026,5264742,LaMarcus Bell,Utah,RB,0.091,0.143,0.0
2026,5264764,Elijah Faulkner,Massachusetts,RB,0.305,0.455,0.054
2026,5265173,Crew Davis,North Carolina,RB,0.036,0.038,0.037
2026,5265174,Caleb Francois,Iowa State,RB,0.021,0.033,0.0
2026,5265178,Dominic Kelley,Nevada,RB,0.186,0.262,0.0
2026,5265325,Jevon Edwards,Coastal Carolina,RB,0.163,0.297,0.043
2026,5265445,Jordan Clark,Rice,WR,0.023,0.0,0.13
2026,5265446,Clayton Coppock,Coastal Carolina,WR,0.052,0.0,0.1
2026,5265447,Patrick Crayton Jr.,Rice,QB,0.012,0.014,0.0
2026,5265450,Jamari Harrold,Kennesaw State,TE,0.034,0.0,0.057
2026,5265463,Luke Watkins,Louisiana Tech,WR,0.034,0.016,0.06
2026,5265474,Darrion Bowers,New Mexico,RB,0.09,0.138,0.0
2026,5265478,Luke Gilbert,Jacksonville State,TE,0.026,0.0,0.062
2026,5265499,Jameson Scissum,Jacksonville State,TE,0.032,0.0,0.067
2026,5265504,Nehemiah Washington,Utah State,RB,0.011,0.023,0.0
2026,5265528,Jalen Bonds,Ball State,RB,0.083,0.167,0.027
2026,5265536,Skyler Williams,Kennesaw State,QB,0.11,0.109,0.114
2026,5266919,Corey Barber Jr.,LSU,WR,0.011,0.0,0.028
2026,5266925,Mouhamadou Mane,Western Carolina,WR,0.017,0.0,0.028
2026,5268018,Ethan Feaster,USC,WR,0.014,0.0,0.03
2026,5268744,Jackson Stoner,UTEP,TE,0.017,0.0,0.045
2026,5268748,Parker Almanza,Baylor,TE,0.012,0.0,0.023
2026,5268932,Jackson Hampton,Mississippi Valley State,WR,0.025,0.0,0.063
2026,5269148,Juntavious Harris,Texas State,RB,0.068,0.103,0.0
2026,5270858,Liam Willson,Maryland,RB,0.051,0.1,0.0
2026,5270869,Brian Williams Jr.,Auburn,WR,0.024,0.0,0.059
2026,5271149,Kymistrii Young,North Carolina,WR,0.036,0.0,0.074
2026,5271219,Hayden Moore,Minnesota,WR,0.029,0.0,0.049
2026,5271234,Justin Williams,Florida,WR,0.032,0.0,0.065
2026,5271363,Li'Darius Pryor,Jackson State,RB,0.063,0.1,0.0
2026,5271370,Arthur Lewis IV,UCF,RB,0.016,0.027,0.0
2026,5271466,Devin Fitzgerald,Notre Dame,WR,0.015,0.0,0.03
2026,5272738,Jaylen White,Charlotte,QB,0.016,0.0,0.034
2026,5272771,Santana Carlos,Western Carolina,WR,0.045,0.0,0.075
2026,5272772,Jaden Desir,Florida A&M,RB,0.064,0.105,0.036
2026,5272774,Brody Schaffer,Iowa,WR,0.013,0.0,0.026
2026,5273767,Dallas Dickerson,Georgia,WR,0.016,0.0,0.03
2026,5274304,Broderick Peters,Southern Miss,TE,0.017,0.0,0.029
2026,5274332,Trez Davis,Washington,WR,0.052,0.0,0.093
2026,5274370,Chantz Babineaux,Nicholls,WR,0.024,0.0,0.048
2026,5275329,Brady Barrier,McNeese,QB,0.167,0.057,0.29
2026,5276633,Max Warner,Missouri,RB,0.025,0.045,0.0
2026,5276641,Julius Miles,Louisville,TE,0.015,0.0,0.036
2026,5276670,Ar'mari Towns,Purdue,TE,0.025,0.0,0.05
2026,5276673,Mason Bonner,Michigan,TE,0.017,0.0,0.053
2026,5276674,Gavin Mueller,Miami,TE,0.014,0.0,0.033
2026,5276680,Kai Wesley,Baylor,TE,0.024,0.0,0.047
2026,5276960,Donovan Triplett,Western Michigan,RB,0.017,0.032,0.0
2026,5279149,Zamaurious Robertson,North Carolina,WR,0.018,0.0,0.037
2026,5279192,Hayden Morris,VMI,WR,0.017,0.0,0.047
2026,5279208,James Scott,TCU,WR,0.014,0.0,0.03
2026,5279242,Alex Voss,Elon,WR,0.034,0.0,0.089
2026,5279329,Legend Glasker,BYU,WR,0.078,0.041,0.14
2026,5280155,Teddy Jarrard,Notre Dame,QB,0.03,0.0,0.061
2026,5280258,Sequel Patterson,South Carolina,WR,0.014,0.0,0.034
2026,5280400,Alex Ward,Colorado,WR,0.014,0.0,0.028
2026,5280784,Cooper Crosby,Mississippi State,RB,0.038,0.081,0.0
2026,5280795,G'Ivori Graham,TCU,RB,0.014,0.028,0.0
2026,5281153,Demetrice McCray,Pittsburgh,WR,0.026,0.0,0.044
2026,5281562,Troy Foster,Colorado State,WR,0.014,0.0,0.027
2026,5282469,Harper Hughes,Western Michigan,WR,0.086,0.097,0.077
2026,5282659,DJ Darling,New Mexico,WR,0.035,0.0,0.109
2026,5282663,Devaughn Eka,BYU,RB,0.114,0.178,0.0
2026,5289321,Shavane Anderson Jr.,Syracuse,RB,0.109,0.247,0.0
2026,5289510,Jesse Legree,Oregon State,WR,0.131,0.0,0.179
2026,5290180,Gavin Barber,App State,TE,0.014,0.0,0.03
2026,5290447,Le'Kamren Meadows,Western Kentucky,RB,0.089,0.171,0.013
2026,5290565,Jamal Rule,Nebraska,RB,0.171,0.301,0.03
2026,5290566,Amiri Acker,NC State,WR,0.014,0.0,0.037
2026,5290568,R.J. Mosley,Arizona,WR,0.041,0.0,0.079
2026,5290570,Kristion Brooks,Louisiana,WR,0.017,0.0,0.041
2026,5290572,Prince Jean,Kentucky,WR,0.033,0.0,0.077
2026,5290573,Rasean Jones,Boise State,WR,0.112,0.025,0.233
2026,5290624,Caleb Wynn,South Alabama,RB,0.034,0.053,0.0
2026,5290862,Cedric Ross,Colorado State,RB,0.036,0.016,0.056
2026,5290902,Jonathan Stafford Jr.,Western Kentucky,WR,0.108,0.026,0.188
2026,5290936,Tyrone Crethers,SMU,WR,0.018,0.0,0.03
2026,5291092,Vincent Carner,UNLV,WR,0.055,0.0,0.118
2026,5291156,Devin Hamilton,Western Kentucky,WR,0.014,0.0,0.026
2026,5291180,Jaidaun Cranford,Northern Illinois,RB,0.032,0.07,0.0
2026,5291181,Jamarcus Harrison,Kennesaw State,QB,0.012,0.022,0.0
2026,5291188,Brody Jones,West Georgia,WR,0.049,0.016,0.075
2026,5291634,Phoenix Donghia,James Madison,RB,0.063,0.121,0.0
2026,5291661,Dallas Boozer,Arkansas State,WR,0.017,0.0,0.059
2026,5291710,Jadarius Dobie,Western Carolina,RB,0.017,0.05,0.0
2026,5291741,Noah Moss,NC State,RB,0.014,0.023,0.0
2026,5291772,Coen Logan,Temple,WR,0.016,0.023,0.0
2026,5291801,Brendyn Smith,Kent State,WR,0.041,0.0,0.087
2026,5291806,Ty Cummings,Georgia Southern,RB,0.063,0.156,0.0
2026,5292031,Xavier Butler,Georgia State,RB,0.028,0.026,0.03
2026,5292032,John Hebert,Houston,RB,0.092,0.111,0.053
2026,5292857,Tristan Reed,Miami (OH),WR,0.018,0.0,0.067
2026,5293035,Scoop Smith,Miami (OH),WR,0.052,0.017,0.094
2026,5293573,Aeryn Hampton,Oregon State,WR,0.117,0.0,0.16
2026,5293671,Jeremiah Beck Jr.,Southern Miss,TE,0.067,0.0,0.114
2026,5293684,Bryson Luter,Army,QB,0.097,0.088,0.154
2026,5293685,Godspower Nwawuihe,Army,RB,0.228,0.278,0.042
2026,5293698,Stroman Bridges,Army,WR,0.028,0.018,0.077
2026,5293701,Demani Stewart,Army,RB,0.028,0.035,0.0
2026,5293827,Manny Choice,Oklahoma,WR,0.017,0.0,0.048
2026,5293962,Deon Hardin,Tennessee,WR,0.014,0.0,0.036
2026,5294063,Tre Richardson,Louisville,WR,0.112,0.027,0.217
2026,5294107,Hugh O'Brien,Wake Forest,WR,0.015,0.0,0.029
2026,5294137,DJ Miller,Kentucky,WR,0.031,0.0,0.067
2026,5294219,Atticus Joseph,Stanford,WR,0.05,0.0,0.091
2026,5294241,Cedric Kouemi,Jacksonville State,RB,0.063,0.115,0.0
2026,5294259,Mana Carvalho,Utah,WR,0.039,0.0,0.115
2026,5294263,Byrd Ficklin,Utah,QB,0.164,0.122,0.236
2026,5294267,Mateaki Helu,Utah,RB,0.029,0.049,0.0
2026,5294293,Javin Gordon,Tennessee,RB,0.154,0.222,0.04
2026,5294438,Jemyri Davis,Memphis,WR,0.036,0.0,0.074
2026,5294446,Trey Hall,Old Dominion,RB,0.085,0.136,0.0
2026,5294646,Parker Puckett,Mississippi State,QB,0.127,0.054,0.19
2026,5295010,Gage LaDue,Air Force,FB,0.063,0.07,0.0
2026,5295012,Mason Lowe,Air Force,WR,0.013,0.014,0.0
2026,5295013,Mason Hayes,Air Force,WR,0.02,0.008,0.087
2026,5295014,Astin Hange,Air Force,WR,0.013,0.0,0.143
2026,5295015,Luke Rauh,Air Force,FB,0.025,0.028,0.0
2026,5295019,Omari Elias,Air Force,FB,0.025,0.028,0.0
2026,5295046,Demetric Whitlock Jr.,Arkansas-Pine Bluff,WR,0.088,0.011,0.194
2026,5295064,Jeremiah Jones-Thomas,South Alabama,WR,0.062,0.0,0.164
2026,5295066,Brec Long,North Texas,TE,0.036,0.0,0.083
2026,5295070,Keenan Phillips,South Alabama,RB,0.179,0.26,0.066
2026,5295187,Luke Sivon,Akron,WR,0.071,0.0,0.143
2026,5295211,Jayon Farrar,Fresno State,WR,0.027,0.018,0.043
2026,5295221,Gavin Correia,Fresno State,TE,0.018,0.0,0.043
2026,5295237,Chris McMillian,North Alabama,RB,0.122,0.2,0.026
2026,5295238,Luke Weaver,San José State,QB,0.624,0.265,0.991
2026,5295314,Velltray Jefferson,UNLV,TE,0.016,0.0,0.053
2026,5295318,Waymond Jordan,USC,RB,0.149,0.263,0.02
2026,5295363,Cameron Mathews,New Mexico,RB,0.097,0.149,0.0
2026,5295366,Matt Adcock,Arkansas,TE,0.012,0.0,0.022
2026,5295371,Bryce Anderson,UL Monroe,TE,0.03,0.0,0.077
2026,5295377,Ryan Brass,Navy,QB,0.013,0.014,0.0
2026,5295391,Christian Cromer,Navy,RB,0.029,0.037,0.0
2026,5295436,Dwayne Early Jr.,Buffalo,WR,0.046,0.0,0.077
2026,5295457,Terrione Graves,New Mexico State,WR,0.015,0.0,0.042
2026,5295460,AJ Williams III,New Mexico State,WR,0.055,0.0,0.106
2026,5295480,Marcus Beamon,Central Michigan,QB,0.063,0.0,0.174
2026,5295488,Justin Ruffin Jr.,Central Michigan,WR,0.063,0.0,0.175
2026,5295525,Ben Prosper,Eastern Michigan,WR,0.109,0.0,0.191
2026,5295531,Santonyo Isaac,Eastern Michigan,WR,0.022,0.0,0.037
2026,5295532,Joshua Long,Eastern Michigan,TE,0.083,0.0,0.145
2026,5295539,Braeden Jackson,Iowa,RB,0.025,0.053,0.0
2026,5295549,Jordan Scott,Maryland,WR,0.025,0.0,0.053
2026,5295550,DeJuan Williams,Maryland,RB,0.063,0.075,0.053
2026,5295590,Da'Realyst Clark,Kent State,WR,0.074,0.0,0.18
2026,5295723,Caden Knighten,Baylor,RB,0.14,0.274,0.031
2026,5295724,Michael Turner,Baylor,RB,0.059,0.107,0.02
2026,5295735,JP Coulter,UL Monroe,WR,0.052,0.013,0.115
2026,5295750,D'Mariun Perteet,Charlotte,RB,0.082,0.156,0.0
2026,5295756,Breyahn Townsend,Coastal Carolina,RB,0.052,0.109,0.0
2026,5295796,Miles Halbert,James Madison,WR,0.018,0.0,0.043
2026,5295811,Vernell Brown III,Florida,WR,0.092,0.014,0.19
2026,5295814,Tramell Jones Jr.,Florida,QB,0.137,0.014,0.276
2026,5295815,Duke Clark,Florida,RB,0.107,0.186,0.017
2026,5295919,Ryan Huff,Old Dominion,QB,0.018,0.0,0.067
2026,5295920,Ja'Cory Thomas,Vanderbilt,WR,0.032,0.0,0.08
2026,5295921,Josh Rodriguez,Old Dominion,WR,0.066,0.0,0.184
2026,5295923,TJ Johnson,Old Dominion,WR,0.075,0.0,0.211
2026,5295925,Titus Myers,Akron,WR,0.021,0.0,0.043
2026,5295969,Brady Hart,Texas A&M,QB,0.101,0.021,0.205
2026,5296027,Christian Neptune,Auburn,WR,0.024,0.0,0.059
2026,5296040,Elijah Lagg,Pittsburgh,TE,0.013,0.0,0.022
2026,5296047,Quinn Rosenkranz,Purdue,WR,0.014,0.0,0.029
2026,5296077,Agyeman Addae,UCF,RB,0.065,0.108,0.0
2026,5296086,Chris Gacayan II,Tulsa,TE,0.017,0.0,0.043
2026,5296136,Braxton Jennings,Louisville,RB,0.061,0.081,0.036
2026,5296145,Andrew Bond,Fordham,WR,0.051,0.0,0.11
2026,5296150,DeAree Rogers,Northern Illinois,WR,0.145,0.0,0.29
2026,5296155,Giyahni Kontosis,Cincinnati,WR,0.014,0.0,0.043
2026,5296159,Kellen Davis,Cincinnati,TE,0.013,0.0,0.033
2026,5296163,Brady Jones,Oregon State,QB,0.042,0.176,0.0
2026,5296166,Ofa Mataele,Western Michigan,RB,0.063,0.107,0.0
2026,5296172,Keivin Boone-Nelson II,Western Michigan,WR,0.017,0.0,0.038
2026,5296173,Don-Ray Hall Jr.,Cal Poly,WR,0.079,0.0,0.16
2026,5296210,Carson Su'esu'e,New Mexico State,TE,0.015,0.0,0.023
2026,5296212,Zay Robinson,Penn State,WR,0.029,0.0,0.073
2026,5296225,Nehemiah Warmate,Houston,RB,0.077,0.111,0.0
2026,5296226,Zane Smith,Houston,RB,0.154,0.222,0.0
2026,5296232,Justin Cook,Pittsburgh,RB,0.026,0.033,0.022
2026,5296247,Cyncir Bowers,UConn,RB,0.11,0.191,0.018
2026,5296264,A.J. Brand,Virginia Tech,WR,0.041,0.049,0.032
2026,5296269,Reggie Frischknecht,BYU,WR,0.023,0.0,0.06
2026,5296275,Logan Payne,BYU,RB,0.071,0.111,0.0
2026,5296294,Jaylon Coleman,Liberty,RB,0.081,0.077,0.093
2026,5296304,Tristin Blackmon,Bowling Green,RB,0.02,0.032,0.0
2026,5296321,Jared Porter,Delaware,RB,0.014,0.036,0.0
2026,5296328,Scott Moore,Delaware,TE,0.021,0.0,0.038
2026,5296341,Calvin Thomas,Delaware,WR,0.014,0.0,0.023
2026,5296350,Zedekiah Anahu-Ambrosio,Idaho State,WR,0.07,0.065,0.075
2026,5296362,De'Carlos Young,Temple,RB,0.091,0.133,0.024
2026,5296364,Keveun Mason,Temple,RB,0.298,0.44,0.073
2026,5296376,Trey Kukuk,Louisiana Tech,QB,0.138,0.143,0.14
2026,5296378,Clay Thevenin,Rutgers,RB,0.092,0.169,0.029
2026,5296382,David Pierro,Louisiana Tech,WR,0.033,0.027,0.048
2026,5296386,Dylone Brooks,Louisiana Tech,RB,0.06,0.095,0.02
2026,5296401,Brayden Bockler,Louisiana Tech,TE,0.05,0.0,0.143
2026,5296407,Nahzae Cox,Kansas,WR,0.021,0.0,0.052
2026,5296412,DJ Taylor,Middle Tennessee,RB,0.042,0.07,0.027
2026,5296438,Tristian Gardner,Coastal Carolina,WR,0.074,0.0,0.143
2026,5296439,Deuce Bailey,Coastal Carolina,QB,0.548,0.156,0.914
2026,5296471,Cameron Weir,North Dakota,WR,0.046,0.008,0.102
2026,5296571,Toric Goins Jr.,Prairie View A&M,WR,0.032,0.0,0.058
2026,5296587,Zhaiel Smith,New Mexico,WR,0.014,0.0,0.043
2026,5296610,Tama Amisone,San José State,WR,0.038,0.0,0.073
2026,5296612,Steve Chavez-Soto,Utah,RB,0.071,0.11,0.018
2026,5296622,Eric Richardson,Wyoming,WR,0.051,0.015,0.111
2026,5296832,Tim Burns Jr.,Sam Houston,WR,0.1,0.0,0.14
2026,5296864,Malichi Greaves,Colorado State,RB,0.043,0.065,0.027
2026,5297067,Kache Kaio,Utah State,TE,0.017,0.0,0.032
2026,5297079,Noah White,Utah State,RB,0.041,0.043,0.039
2026,5297763,Tyler Williams,Georgia,WR,0.033,0.0,0.069
2026,5297927,Preston Brown,North Dakota State,QB,0.029,0.025,0.038
2026,5297931,Myles Mitchell,North Dakota State,RB,0.191,0.297,0.039
2026,5297959,Dylan Vokal,North Dakota State,WR,0.014,0.0,0.034
2026,5297965,Christian Collins,Northern Iowa,RB,0.176,0.264,0.071
2026,5297972,Michael Bormann,Northern Iowa,RB,0.076,0.139,0.0
2026,5298003,Davon Smith Jr.,Central Connecticut,RB,0.132,0.263,0.031
2026,5298008,John Manning IV,Central Connecticut,RB,0.054,0.123,0.0
2026,5298018,Damani Williams,Central Connecticut,WR,0.109,0.0,0.215
2026,5298019,Jesus Martell,Central Connecticut,WR,0.016,0.0,0.03
2026,5298026,Malachi Jackson,Southern,WR,0.022,0.0,0.053
2026,5298028,Amariyon Asberry,Southern,RB,0.068,0.136,0.0
2026,5298088,Reese Brooks,Montana,TE,0.013,0.0,0.025
2026,5298093,Mar'Quan Gary,Illinois State,WR,0.025,0.0,0.057
2026,5298094,Chase Kwiatkowski,Illinois State,QB,0.093,0.102,0.089
2026,5298096,Cooper Kmet,Illinois State,QB,0.017,0.0,0.042
2026,5298097,Ian Willis,Illinois State,WR,0.033,0.0,0.075
2026,5298101,Tyler Lofton,Illinois State,RB,0.078,0.102,0.056
2026,5298104,Dallas Amos,Illinois State,WR,0.052,0.0,0.125
2026,5298105,Stevan Gavric,Illinois State,WR,0.039,0.0,0.089
2026,5298117,Travis Stamm,Illinois State,WR,0.017,0.0,0.042
2026,5298130,Tafari Corsen-James,Merrimack,RB,0.026,0.063,0.0
2026,5298148,Cooper Lehman,Merrimack,WR,0.056,0.045,0.064
2026,5298151,Belal Abdelrahman,Duquesne,WR,0.019,0.0,0.042
2026,5298154,Zae-Mear Correll,Duquesne,WR,0.068,0.0,0.146
2026,5298159,Charbel Latouf,Duquesne,RB,0.034,0.067,0.0
2026,5298162,Ryan Petras,Duquesne,WR,0.136,0.0,0.292
2026,5298177,David Cabrera,Eastern Washington,WR,0.034,0.0,0.057
2026,5298181,Ryan Johnson,Eastern Washington,TE,0.013,0.0,0.021
2026,5298201,Sean Embree Jr.,Eastern Washington,WR,0.029,0.0,0.05
2026,5298202,Rylin Lang,Eastern Washington,WR,0.042,0.0,0.082
2026,5298212,O'Shawn Ross Jr.,Bryant,RB,0.222,0.343,0.066
2026,5298213,Jaron Kelley,Delaware State,TE,0.037,0.016,0.059
2026,5298248,Lek Powell,Charleston Southern,QB,0.521,0.187,0.9
2026,5298252,Hakeem Watters,Charleston Southern,RB,0.112,0.209,0.022
2026,5298260,Hunter Green,Charleston Southern,TE,0.016,0.011,0.022
2026,5298262,Aiden Berrios,Charleston Southern,WR,0.032,0.0,0.061
2026,5298268,Kyle Patterson,Charleston Southern,WR,0.016,0.0,0.03
2026,5298294,Daveon Superales,Idaho,WR,0.033,0.016,0.053
2026,5298324,Jaqai Carter,Robert Morris,WR,0.114,0.011,0.23
2026,5298328,Cooper Panteck,Robert Morris,QB,0.034,0.0,0.071
2026,5298349,Aiden Henry,Robert Morris,WR,0.015,0.0,0.037
2026,5298351,Ashton Hampton,Robert Morris,WR,0.02,0.0,0.034
2026,5298352,Noah Schaerli,Robert Morris,WR,0.049,0.0,0.103
2026,5298362,Aidan Garrett,Stonehill,RB,0.2,0.358,0.041
2026,5298363,Deven Sisler,Fairmont State,QB,0.06,0.118,0.0
2026,5298364,Shane Eason,Stonehill,RB,0.176,0.274,0.082
2026,5298380,Khalil Wilson,Stonehill,WR,0.029,0.009,0.052
2026,5298389,Shawn Corchado,Stonehill,WR,0.04,0.0,0.1
2026,5298399,Steven Dowdy Jr.,Sacred Heart,WR,0.063,0.047,0.098
2026,5298400,Dameon Crosby,Sacred Heart,QB,0.113,0.095,0.16
2026,5298407,Mitchell Summers,Sacred Heart,RB,0.042,0.068,0.0
2026,5298427,DJ Williams,Sacred Heart,RB,0.07,0.093,0.039
2026,5298454,Byron Eaton Jr.,Grambling,RB,0.065,0.076,0.057
2026,5298456,Clyde McClendon Jr.,Grambling,RB,0.07,0.114,0.023
2026,5298464,Drew Sullivan,Butler,TE,0.036,0.0,0.102
2026,5298466,Jonny Manor,Butler,WR,0.014,0.0,0.041
2026,5298468,Michael Dellumo,Butler,RB,0.174,0.235,0.082
2026,5298471,Max Supe,Butler,WR,0.022,0.0,0.061
2026,5298480,Austin Stutz,Butler,WR,0.027,0.0,0.087
2026,5298481,Emmett Romeus,Butler,WR,0.013,0.0,0.043
2026,5298487,Brooks Bentley,New Hampshire,QB,0.479,0.089,0.86
2026,5298495,Drew Laplante,New Hampshire,RB,0.016,0.033,0.0
2026,5298512,Anthony Caruso,New Hampshire,TE,0.019,0.0,0.031
2026,5298527,Aiden Grote,Lindenwood,TE,0.03,0.0,0.073
2026,5298538,Elijah Roy,Lindenwood,WR,0.063,0.0,0.156
2026,5298552,Jack Sullivan,Bucknell,RB,0.017,0.0,0.033
2026,5298556,JJ Gomez,Bucknell,WR,0.034,0.0,0.067
2026,5298570,Kaleb Lampkins,Bucknell,WR,0.017,0.0,0.033
2026,5298578,Jim Franklin,Davidson,QB,0.141,0.048,0.195
2026,5298586,Tristan Hollins,Davidson,WR,0.014,0.0,0.024
2026,5298600,Xavier Vela,Davidson,TE,0.018,0.0,0.03
2026,5298602,Caden Glenn,Davidson,TE,0.017,0.011,0.021
2026,5298611,Wyatt Horton,Idaho State,QB,0.053,0.083,0.031
2026,5298614,Tytan Mason,Idaho State,RB,0.074,0.184,0.0
2026,5298677,Jobe Bryant,Southeast Missouri State,WR,0.088,0.01,0.17
2026,5298679,Khylen Harris-Norman,Southeast Missouri State,WR,0.051,0.0,0.104
2026,5298683,Luke Pennington,Dayton,QB,0.097,0.025,0.167
2026,5298692,Noah Spencer,Dayton,RB,0.13,0.234,0.0
2026,5298700,Mikey Hess,Dayton,RB,0.036,0.065,0.0
2026,5298709,RJ Shepherd,Dayton,WR,0.014,0.0,0.033
2026,5298718,Derrick Blanche Jr.,Portland State,RB,0.012,0.034,0.0
2026,5298733,Landon Bailey,Portland State,TE,0.012,0.0,0.02
2026,5298739,Logan Inagawa,Massachusetts,QB,0.025,0.0,0.071
2026,5298747,Porter Williams,Drake,RB,0.022,0.0,0.031
2026,5298748,Nick Herman,James Madison,RB,0.097,0.125,0.043
2026,5298754,Adrien Robbins,Drake,RB,0.081,0.162,0.058
2026,5298755,Cody Blicharz,Drake,RB,0.087,0.183,0.057
2026,5298777,Lincoln Delaere,Drake,WR,0.033,0.0,0.046
2026,5298780,Willis Nofsinger,Drake,WR,0.112,0.0,0.154
2026,5298781,Chase Schutty,Drake,TE,0.019,0.0,0.025
2026,5298785,Jayden Guy,Tennessee State,WR,0.13,0.0,0.241
2026,5298787,Byron McNair,Tennessee State,QB,0.22,0.241,0.214
2026,5298792,Anthony Taylor,Tennessee State,WR,0.039,0.031,0.048
2026,5298797,Zack Simmons-Brown,Tennessee State,RB,0.125,0.247,0.036
2026,5298843,Michael Stevenson,Colgate,TE,0.03,0.0,0.073
2026,5298846,Matt Fogler,Colgate,WR,0.091,0.0,0.22
2026,5298853,Treynor Cleeland,UC Davis,QB,0.52,0.049,0.89
2026,5298856,Tyler Hennessy,UC Davis,WR,0.056,0.0,0.101
2026,5298860,Xzavior Guess,UC Davis,WR,0.031,0.036,0.029
2026,5298861,Scott Nixon,UC Davis,WR,0.015,0.03,0.0
2026,5298868,Mason Walsh,UC Davis,RB,0.038,0.089,0.0
2026,5298880,LaDanian Streets,UC Davis,WR,0.023,0.018,0.029
2026,5298881,Jordan Rogers,UC Davis,TE,0.031,0.0,0.052
2026,5298883,Edward Khutsishvili,UC Davis,TE,0.045,0.0,0.085
2026,5298895,Jayden Taylor,Marist,WR,0.089,0.0,0.184
2026,5298919,Chris Gioia,Marist,WR,0.014,0.0,0.024
2026,5298925,Jared Lockhart,Jackson State,QB,0.441,0.138,0.962
2026,5298937,Amarion Brown,Jackson State,WR,0.013,0.0,0.037
2026,5299091,Yohan-Li Louis,Fordham,RB,0.166,0.311,0.041
2026,5299111,John Morris,Fordham,TE,0.08,0.0,0.167
2026,5299148,Shamar Fowles,Bryant,WR,0.063,0.009,0.145
2026,5299151,Brian Williams,Bryant,WR,0.041,0.0,0.109
2026,5299154,Nate Owens,Bryant,WR,0.015,0.0,0.033
2026,5299163,Khalid Campbell,Bryant,RB,0.019,0.034,0.0
2026,5299191,Logan Rubel,Bryant,TE,0.037,0.0,0.083
2026,5299224,Thomas Ansley,UT Martin,RB,0.201,0.321,0.073
2026,5299226,Tate Surber,UT Martin,QB,0.4,0.041,0.864
2026,5299256,Burke Mickelsen,Monmouth,TE,0.016,0.0,0.026
2026,5299294,Lucas Weir,Holy Cross,WR,0.017,0.0,0.033
2026,5299295,Drae Tyme,Holy Cross,TE,0.033,0.0,0.06
2026,5299298,Trayjen Llanas-Wilcox,Houston Christian,WR,0.023,0.0,0.065
2026,5299304,Grayson Harvey,Campbell,QB,0.164,0.13,0.2
2026,5299307,Chinua Ezeigbo,Campbell,WR,0.067,0.0,0.116
2026,5299310,De'Von Thomas,Campbell,RB,0.068,0.161,0.0
2026,5299313,Ethan Lawrence,Campbell,RB,0.085,0.211,0.0
2026,5299326,Stevie Keener,Campbell,WR,0.081,0.0,0.141
2026,5299327,Brady Ambrose,Campbell,TE,0.022,0.0,0.039
2026,5299333,Andrez Lewis,East Texas A&M,WR,0.081,0.0,0.179
2026,5299334,Tanner Harrison,East Texas A&M,WR,0.053,0.0,0.115
2026,5299337,Jake Whitehead,East Texas A&M,WR,0.034,0.0,0.067
2026,5299356,Joshua Pikl,East Texas A&M,TE,0.03,0.0,0.083
2026,5299364,Cason Carswell,Western Illinois,QB,0.151,0.027,0.3
2026,5299366,Joel Salien,Western Illinois,WR,0.015,0.0,0.024
2026,5299368,Ernest Temple,Alcorn State,RB,0.203,0.345,0.06
2026,5299430,Caleb Newsome,Monmouth,WR,0.062,0.0,0.1
2026,5299431,Matthew Scerbo,Lafayette,WR,0.058,0.0,0.107
2026,5299432,Zane Wooldridge,Lafayette,WR,0.051,0.0,0.093
2026,5299437,Koven Smith,Lafayette,RB,0.073,0.167,0.0
2026,5299439,Cam Azodeh,Lafayette,RB,0.014,0.036,0.0
2026,5299442,Payton Greer,Lafayette,RB,0.028,0.071,0.0
2026,5299454,Nick Bierman,Lafayette,WR,0.066,0.0,0.12
2026,5299455,Hunter Ditrano,Lafayette,TE,0.022,0.0,0.04
2026,5299473,Kory Jones,Gardner-Webb,WR,0.128,0.0,0.204
2026,5299493,Sean Brady,Gardner-Webb,WR,0.034,0.0,0.057
2026,5299496,Ryan Demonbreun,Gardner-Webb,TE,0.012,0.0,0.019
2026,5299656,Derek Morgan,Lehigh,QB,0.062,0.055,0.085
2026,5299657,Anthony Feaster,Lehigh,WR,0.041,0.0,0.17
2026,5299668,Ben Kirsch,Elon,WR,0.083,0.0,0.231
2026,5299670,Jaedon Alford,Elon,WR,0.028,0.0,0.076
2026,5299848,Michael Creamer,Richmond,RB,0.094,0.169,0.032
2026,5299849,Jack Callaghan,Richmond,QB,0.157,0.143,0.179
2026,5299858,Warrick Stephenson,Richmond,RB,0.134,0.278,0.0
2026,5299867,Carson Derey,Richmond,TE,0.023,0.0,0.045
2026,5299908,Jah'Kei Chavis,William & Mary,RB,0.114,0.219,0.01
2026,5299911,Gracen Goldsmith,Hampton,RB,0.128,0.198,0.059
2026,5299912,Noah Colon,Hampton,WR,0.064,0.021,0.118
2026,5299916,Nare Means,Hampton,WR,0.047,0.0,0.094
2026,5299919,Jaysaun Coggins,Hampton,WR,0.015,0.0,0.032
2026,5299922,Ja'Sean Lindsey,Hampton,RB,0.073,0.141,0.0
2026,5299924,Mekhi Madison,Hampton,RB,0.042,0.053,0.033
2026,5299941,Damon Short,Hampton,TE,0.014,0.0,0.033
2026,5299957,Amari Clayton,Nicholls,WR,0.012,0.0,0.024
2026,5299960,Jonathan Dartez,Nicholls,RB,0.048,0.105,0.0
2026,5299972,Dedric Lastie,Nicholls,WR,0.024,0.0,0.048
2026,5299978,Jack Purser,Nicholls,TE,0.012,0.0,0.024
2026,5299986,Jordan Chambers-Smith,Alabama A&M,WR,0.086,0.0,0.155
2026,5299988,Mekhi Maddox,Alabama A&M,WR,0.022,0.0,0.039
2026,5299989,Jarvis Davis,Alabama A&M,WR,0.015,0.0,0.025
2026,5300045,Ezekiel Pour,Morehead State,RB,0.069,0.111,0.018
2026,5300046,Montez Green,Gardner-Webb,WR,0.048,0.0,0.077
2026,5300067,Ervodd Cassady,Morehead State,RB,0.06,0.103,0.0
2026,5300077,Hunter Glasgow,Morehead State,TE,0.015,0.0,0.038
2026,5300097,Sam Harkness,Morehead State,WR,0.045,0.0,0.085
2026,5300099,Cannon Dinger,Morehead State,WR,0.095,0.01,0.18
2026,5300101,Brock Martin,Morehead State,WR,0.016,0.0,0.034
2026,5300102,Riley Purcell,Morehead State,WR,0.065,0.0,0.118
2026,5300103,Keegan Zylstra,Morehead State,WR,0.05,0.0,0.09
2026,5300119,Landon Sharpe,Presbyterian,QB,0.588,0.338,0.849
2026,5300122,Chance Washington,West Georgia,RB,0.055,0.125,0.0
2026,5300123,Damion Moate,Presbyterian,RB,0.112,0.213,0.012
2026,5300141,Jaden Henry,West Georgia,WR,0.018,0.0,0.03
2026,5300161,Reid Nicholson,San Diego,TE,0.015,0.029,0.0
2026,5300168,Omar Mbakwe,San Diego,RB,0.191,0.333,0.017
2026,5300171,John Lim,San Diego,RB,0.027,0.047,0.0
2026,5300200,Pierce McCrary,St. Thomas (MN),WR,0.119,0.01,0.253
2026,5300206,Nick Peipert,St. Thomas (MN),QB,0.319,0.092,0.554
2026,5300207,Elijah Johnson,St. Thomas (MN),RB,0.014,0.026,0.0
2026,5300221,Owen Barkley,St. Thomas (MN),RB,0.014,0.026,0.0
2026,5300243,Kam Fouty-Koonce,Valparaiso,WR,0.034,0.0,0.07
2026,5300249,Marty O'Keeffe,Valparaiso,WR,0.05,0.0,0.105
2026,5300258,Ashton Allen,Valparaiso,RB,0.109,0.197,0.018
2026,5300261,Michael Rumoro,Valparaiso,RB,0.193,0.328,0.053
2026,5300280,Bryson Winbush,Valparaiso,WR,0.033,0.0,0.091
2026,5300323,TJ Worthy,Chattanooga,RB,0.129,0.191,0.0
2026,5300338,Jaden George,Chattanooga,WR,0.051,0.0,0.111
2026,5300341,Landon Strickland,Chattanooga,TE,0.027,0.0,0.072
2026,5300342,TJ Briggs,Chattanooga,TE,0.027,0.0,0.064
2026,5300354,Marquez Davis,McNeese,RB,0.075,0.152,0.0
2026,5300357,Collin Fabacher,McNeese,RB,0.045,0.086,0.0
2026,5300368,Ikenna Nwobu,McNeese,TE,0.015,0.0,0.029
2026,5300373,Kevin Rideau,McNeese,WR,0.03,0.0,0.065
2026,5300389,Carl McDonald,Alcorn State,RB,0.072,0.097,0.05
2026,5300396,Camren Stewart,Edward Waters,RB,0.05,0.115,0.0
2026,5300418,Dedrick Borden,Hampton,TE,0.037,0.0,0.082
2026,5300481,Connor Morin,Furman,WR,0.033,0.0,0.071
2026,5300482,Evan James,Iowa,WR,0.029,0.0,0.058
2026,5300485,Isaiah Davis,Furman,RB,0.068,0.11,0.018
2026,5300489,CJ Nettles,Furman,RB,0.131,0.189,0.071
2026,5300494,Emmett Grzebin,Furman,RB,0.05,0.103,0.0
2026,5300511,Luke Clyburn,South Florida,TE,0.017,0.0,0.053
2026,5300523,David Theado,Samford,TE,0.02,0.015,0.024
2026,5300526,Cam Bland,Samford,RB,0.043,0.089,0.022
2026,5300543,Sam Pickett III,App State,WR,0.082,0.0,0.19
2026,5300544,Nicholas Bookman,Samford,WR,0.014,0.0,0.022
2026,5300643,Chase Cook,Montana,RB,0.026,0.043,0.013
2026,5300687,Carter Curnow,Montana State,TE,0.014,0.0,0.032
2026,5300698,Quran Gossett,Northern Arizona,RB,0.317,0.521,0.114
2026,5300700,Joey Stout,Northern Arizona,WR,0.145,0.021,0.284
2026,5300712,Nassim Isaac,Northern Arizona,TE,0.016,0.0,0.034
2026,5300715,Jon Wilson,Northern Arizona,RB,0.019,0.063,0.0
2026,5300731,Braylon Gardner,Northern Arizona,WR,0.026,0.019,0.033
2026,5300733,Joseph Ramirez,Northern Arizona,WR,0.038,0.0,0.057
2026,5300739,Tahir Mills,Youngstown State,RB,0.059,0.082,0.039
2026,5300743,Malachi Lewis,Youngstown State,QB,0.074,0.01,0.136
2026,5300750,Donald Barksdale,Youngstown State,RB,0.029,0.042,0.016
2026,5300752,Jeremiah Sanders,Youngstown State,WR,0.064,0.0,0.126
2026,5300768,Max Welter,Youngstown State,TE,0.014,0.0,0.032
2026,5300776,Michael McMaugh,Maine,QB,0.038,0.07,0.011
2026,5300778,Daniel Batch,Maine,RB,0.049,0.094,0.0
2026,5300808,Kieryus Boone,Northern Colorado,RB,0.041,0.055,0.029
2026,5300827,Trey Olsen,Northern Colorado,WR,0.065,0.009,0.127
2026,5300840,Jaxon Baize,UT Rio Grande Valley,QB,0.012,0.0,0.028
2026,5300846,Brennan Carroll,UT Rio Grande Valley,RB,0.105,0.2,0.03
2026,5300847,Atzel Chavez Jr.,UT Rio Grande Valley,QB,0.06,0.025,0.096
2026,5300851,Tavian Cord,UT Rio Grande Valley,WR,0.089,0.0,0.181
2026,5300855,TJ Dement,UT Rio Grande Valley,RB,0.13,0.255,0.03
2026,5300856,Tony Diaz,Iowa,WR,0.187,0.015,0.362
2026,5300863,Fabian Garcia,UT Rio Grande Valley,RB,0.045,0.082,0.015
2026,5300866,Cameron Glenn,UT Rio Grande Valley,WR,0.024,0.0,0.045
2026,5300877,Corey Holmes,UT Rio Grande Valley,WR,0.081,0.0,0.152
2026,5300880,Aidan Jakobsohn,UT Rio Grande Valley,QB,0.243,0.127,0.341
2026,5300882,Kyran Lee,UT Rio Grande Valley,WR,0.117,0.0,0.22
2026,5300891,Gunner Naivar,UT Rio Grande Valley,WR,0.012,0.0,0.028
2026,5300903,Christian Sabsook,UT Rio Grande Valley,WR,0.032,0.0,0.061
2026,5300906,Keilan Sweeny,UT Rio Grande Valley,WR,0.018,0.0,0.036
2026,5300907,Broderick Taylor,UT Rio Grande Valley,RB,0.049,0.109,0.0
2026,5300926,TJ Lester,Marshall,RB,0.059,0.097,0.019
2026,5300928,Naeem Odeniyi,West Georgia,RB,0.036,0.063,0.017
2026,5300949,Jabari Staples,West Georgia,WR,0.018,0.0,0.031
2026,5300952,Aidan Sefa,West Georgia,TE,0.049,0.0,0.086
2026,5301028,Jaquail Smith,Colorado,RB,0.106,0.195,0.0
2026,5301029,Elias Brown,Sacramento State,RB,0.034,0.077,0.0
2026,5301047,Elijah Huddle,Sacramento State,TE,0.016,0.0,0.021
2026,5301057,Nelson Layne,North Carolina Central,QB,0.465,0.167,0.947
2026,5301072,Mark Tillman,North Carolina A&T,WR,0.021,0.0,0.038
2026,5301083,Terrence Campbell,Rhode Island,RB,0.109,0.216,0.0
2026,5301109,Kai Austin,William & Mary,WR,0.1,0.019,0.196
2026,5301110,Alfred Honesty,William & Mary,WR,0.066,0.0,0.135
2026,5301114,Carter Carroll,William & Mary,QB,0.095,0.0,0.196
2026,5301127,Gavin McIntosh,William & Mary,WR,0.026,0.0,0.053
2026,5301130,Chandler Chapman,Southern Illinois,RB,0.261,0.44,0.07
2026,5301140,Arshawn Powell,Chicago State,WR,0.07,0.0,0.126
2026,5301181,Braden Reed,Villanova,WR,0.133,0.011,0.274
2026,5301188,Tyler Womack,Villanova,RB,0.016,0.037,0.0
2026,5301189,Antonio Hunter,Howard,WR,0.052,0.011,0.095
2026,5301193,Terrell Russell,Howard,QB,0.02,0.0,0.042
2026,5301194,Zaden Jackson,Howard,WR,0.058,0.0,0.116
2026,5301199,David Parks,Howard,TE,0.013,0.0,0.026
2026,5301221,Xavier Newsom,Auburn,TE,0.024,0.0,0.059
2026,5301240,Kyree Paul,SE Louisiana,RB,0.106,0.137,0.055
2026,5301243,Lonnie Shinn,SE Louisiana,TE,0.06,0.0,0.152
2026,5301244,Calvin Smith Jr.,SE Louisiana,RB,0.139,0.235,0.014
2026,5301250,BJ Norman,UAlbany,WR,0.13,0.045,0.237
2026,5301281,Dimitri Howard,Murray State,WR,0.079,0.011,0.149
2026,5301297,Dylan Embry,Murray State,RB,0.033,0.0,0.075
2026,5301331,Ty Brown,Murray State,TE,0.036,0.0,0.069
2026,5301334,Jaxon Potter,Murray State,WR,0.069,0.0,0.138
2026,5301345,Braylon Finney,Prairie View A&M,WR,0.015,0.0,0.027
2026,5301346,Reilly Garcia,Houston Christian,QB,0.043,0.0,0.116
2026,5301347,Cayden Keeth,Houston Christian,QB,0.036,0.054,0.0
2026,5301379,Ravon Moore,Norfolk State,RB,0.026,0.0,0.06
2026,5301383,Jamison Stevens,Norfolk State,TE,0.016,0.0,0.035
2026,5301442,Jacob Soley,Indiana State,TE,0.016,0.0,0.029
2026,5301445,Max McCool,Indiana State,RB,0.101,0.182,0.032
2026,5301466,Jaylan Johnson,Indiana State,TE,0.054,0.0,0.102
2026,5301478,Griffin Broderick,North Dakota,RB,0.091,0.146,0.023
2026,5301479,Charles Langama,North Dakota,RB,0.142,0.236,0.023
2026,5301497,Nathan Hromadka,North Dakota,TE,0.02,0.0,0.051
2026,5301522,Ran Sawyer,Southern Utah,RB,0.012,0.0,0.03
2026,5301576,Kamari Maxwell,Sam Houston,WR,0.015,0.0,0.023
2026,5301596,Brooks Martin,VMI,WR,0.023,0.0,0.079
2026,5301599,Rayden Aphayvong,Stony Brook,TE,0.047,0.0,0.082
2026,5301602,Andrew Riggs,Stony Brook,TE,0.015,0.0,0.027
2026,5301612,James Dely,Stony Brook,WR,0.065,0.0,0.115
2026,5301613,Lucas Martin,Stony Brook,WR,0.031,0.0,0.054
2026,5301614,Keiden Gutierrez,Stony Brook,TE,0.086,0.0,0.153
2026,5301652,Brannon Oliver,North Alabama,WR,0.014,0.0,0.031
2026,5301657,Andrew Indorf,Towson,QB,0.483,0.077,0.894
2026,5301659,Kemarrion Battles,Towson,RB,0.227,0.436,0.059
2026,5301681,Cody Szymansky,Towson,WR,0.03,0.0,0.053
2026,5301684,Jack Mahoney,Towson,TE,0.015,0.0,0.026
2026,5301717,Cam Patterson,Lamar,WR,0.016,0.0,0.032
2026,5301719,Julian Salazar,Lamar,QB,0.129,0.074,0.194
2026,5301725,Blake Thomas,Lamar,WR,0.108,0.011,0.216
2026,5301731,Tyler Travers,Eastern Kentucky,QB,0.5,0.162,0.975
2026,5301745,AJ Johnson,Eastern Kentucky,WR,0.023,0.0,0.05
2026,5301746,Braylon Newcomb,Eastern Kentucky,WR,0.024,0.0,0.07
2026,5301747,Tyree Weatherspoon,Eastern Kentucky,WR,0.017,0.0,0.053
2026,5301767,Cortez Stone,Eastern Kentucky,RB,0.09,0.124,0.051
2026,5301771,Landon Dulaney,South Dakota State,WR,0.032,0.0,0.114
2026,5301778,Joe Kolega,South Dakota State,WR,0.029,0.0,0.083
2026,5301779,Corey Blair Jr.,South Dakota State,RB,0.135,0.197,0.047
2026,5301781,James Basinger,South Dakota State,RB,0.112,0.157,0.0
2026,5301782,Josiah Johnson,South Dakota State,RB,0.181,0.307,0.0
2026,5301792,Josh Myers,South Dakota State,RB,0.056,0.079,0.0
2026,5301811,Ben Brooks,South Dakota State,TE,0.014,0.0,0.042
2026,5301842,Ty Durham,Central Arkansas,WR,0.079,0.009,0.189
2026,5301845,Tyrell Pollard,Central Arkansas,WR,0.094,0.0,0.243
2026,5301871,Cole Keller,James Madison,TE,0.035,0.0,0.085
2026,5301873,Jeremiah Harrison,James Madison,WR,0.02,0.0,0.053
2026,5301892,Jaiden Daniels,East Tennessee State,RB,0.099,0.163,0.041
2026,5301917,Will Greene,Utah Tech,WR,0.054,0.0,0.1
2026,5301921,Isaiah Akinsanya,Utah Tech,TE,0.023,0.0,0.043
2026,5301923,Daron Tyson,Utah Tech,RB,0.029,0.063,0.0
2026,5301947,Brayden Hampsten,Utah Tech,TE,0.148,0.0,0.265
2026,5301979,Josh Perry,Western Carolina,RB,0.191,0.37,0.092
2026,5301981,Michael Rossin,Western Carolina,WR,0.106,0.038,0.155
2026,5301983,Marcus Striggles,Western Carolina,WR,0.016,0.0,0.021
2026,5301984,Josiah Thomas,New Mexico State,TE,0.03,0.0,0.05
2026,5301987,Terrance Honeywood,Wofford,WR,0.054,0.0,0.113
2026,5301989,Gerald Modest,Wofford,RB,0.357,0.619,0.1
2026,5302024,Cooper Williams,Wofford,WR,0.035,0.0,0.074
2026,5302026,Jack Ewell,Wofford,TE,0.042,0.0,0.088
2026,5302028,Colby Alexander,Wofford,WR,0.054,0.0,0.113
2026,5302041,Marquis Willis,Tarleton State,WR,0.15,0.0,0.294
2026,5302070,Colton Rodriguez,Tarleton State,WR,0.014,0.0,0.02
2026,5302082,Abijah Webb,The Citadel,WR,0.041,0.0,0.12
2026,5302115,Austyn Modrzewski,South Dakota,QB,0.411,0.057,0.944
2026,5302121,Carson Fletcher,South Dakota,RB,0.097,0.152,0.028
2026,5302124,Chris Herrin,South Dakota,TE,0.038,0.0,0.097
2026,5302130,Brayden White,South Dakota,WR,0.108,0.0,0.278
2026,5302266,Donovan Brown,San Diego State,WR,0.066,0.0,0.195
2026,5302270,Jack Lua,San Diego State,TE,0.016,0.0,0.048
2026,5302416,Nehemiah Hixon,Alabama State,WR,0.035,0.009,0.078
2026,5302419,DJ Brown,Alabama State,RB,0.056,0.083,0.0
2026,5302468,Jimmie Duncan,Northwestern State,WR,0.092,0.02,0.178
2026,5302469,Brendan Webb,Northwestern State,WR,0.092,0.029,0.167
2026,5302483,Isaiah Champagne,Incarnate Word,WR,0.125,0.0,0.218
2026,5302486,Mikey Moshier,Incarnate Word,QB,0.04,0.056,0.0
2026,5302489,Ben McCreary,Oklahoma,RB,0.1,0.158,0.0
2026,5302500,Nana Utsey,VMI,QB,0.109,0.1,0.182
2026,5302501,Ian Reynolds,VMI,QB,0.331,0.122,0.721
2026,5302525,Halim Hardnett,VMI,WR,0.059,0.024,0.148
2026,5302527,Traveion Slaughter,VMI,WR,0.114,0.105,0.148
2026,5302528,Zion Trump,VMI,WR,0.047,0.0,0.111
2026,5302607,Karlos Grier,Wagner,WR,0.058,0.01,0.112
2026,5302623,Dom DeAngelo,Wagner,WR,0.014,0.0,0.038
2026,5302638,Benjamin Newman,Wagner,QB,0.375,0.088,0.704
2026,5302641,Malik Redd,Wagner,WR,0.043,0.01,0.082
2026,5302650,Jahlun Flud,Morgan State,WR,0.017,0.0,0.029
2026,5302651,Alex Simmons,Morgan State,TE,0.039,0.0,0.077
2026,5302655,Dante Archie,Morgan State,WR,0.027,0.0,0.05
2026,5302656,Justin Perry,Morgan State,WR,0.105,0.0,0.205
2026,5302660,Rahmise Jones,Morgan State,WR,0.034,0.0,0.059
2026,5302676,William Johns,Morgan State,WR,0.018,0.0,0.033
2026,5302677,Malachi Bryant,Morgan State,TE,0.026,0.0,0.051
2026,5302733,Caleb Tucker,Charlotte,WR,0.016,0.0,0.034
2026,5302760,Tae'Sean Robinson,Delaware,WR,0.069,0.0,0.116
2026,5302795,Jay'Veon Scott,South Dakota State,RB,0.125,0.156,0.0
2026,5302825,Deshon Jenkins,Bryant,RB,0.032,0.056,0.0
2026,5302867,Logan Barnes,UConn,WR,0.019,0.0,0.042
2026,5302869,TK Davis,Massachusetts,RB,0.075,0.115,0.0
2026,5302909,Jackson Regan,UT Rio Grande Valley,RB,0.012,0.021,0.0
2026,5302914,RJ Lancaster,North Carolina Central,WR,0.065,0.013,0.171
2026,5302935,Connor Everett,North Carolina Central,TE,0.025,0.0,0.066
2026,5302942,Ethan Abberger,North Alabama,WR,0.022,0.025,0.019
2026,5303116,Andrew Korkosz,Merrimack,TE,0.029,0.0,0.056
2026,5303173,Galamama Mulbah,Merrimack,RB,0.105,0.206,0.019
2026,5303183,Bryson Broadway,Stephen F. Austin,QB,0.051,0.0,0.129
2026,5303186,JT Kitna,Stephen F. Austin,QB,0.114,0.065,0.194
2026,5303189,Braeden Mussett,Stephen F. Austin,WR,0.013,0.0,0.032
2026,5303215,Riley Ellefson,Stephen F. Austin,TE,0.013,0.0,0.032
2026,5303239,Zay Hilliard,Georgia Southern,WR,0.025,0.0,0.043
2026,5303264,Dameon Crowe,Texas State,WR,0.014,0.0,0.033
2026,5303299,Terrence Rone,Delaware State,WR,0.066,0.0,0.137
2026,5303302,Sean Weston,Delaware State,RB,0.114,0.212,0.02
2026,5303335,Maury Sullivan,Tennessee Tech,WR,0.078,0.011,0.147
2026,5303364,Garrison Davis,Arkansas-Pine Bluff,QB,0.421,0.149,0.792
2026,5303367,Jaylen Jennings,Arkansas-Pine Bluff,RB,0.211,0.383,0.0
2026,5303372,Montrell Martin,Arkansas-Pine Bluff,TE,0.019,0.0,0.04
2026,5303386,De'Ontae Clark,Arkansas-Pine Bluff,WR,0.028,0.0,0.067
2026,5303387,Ellis Stewart,Nicholls,WR,0.072,0.009,0.152
2026,5303390,Bryce Robinson,Arkansas-Pine Bluff,WR,0.017,0.0,0.038
2026,5303488,Chad Elzy Jr,SE Louisiana,RB,0.139,0.216,0.041
2026,5303820,Matt Chandler,New Haven,WR,0.056,0.0,0.115
2026,5303822,Zaon Laney,New Haven,RB,0.303,0.516,0.104
2026,5303844,Anthony Rudiman,Southern Connecticut State,RB,0.039,0.077,0.0
2026,5303870,Jason Champagne,New Haven,RB,0.016,0.029,0.0
2026,5303904,Issac Glaudin,New Haven,WR,0.092,0.011,0.177
2026,5303910,Tommy Troy,New Haven,WR,0.051,0.0,0.104
2026,5303911,Jonathan Lawson,New Haven,WR,0.051,0.034,0.07
2026,5303922,Shane Walker,New Haven,WR,0.041,0.0,0.083
2026,5303999,DJ Maultsby,South Carolina State,WR,0.015,0.0,0.043
2026,5304001,Lukas Gilland,Western Illinois,WR,0.035,0.0,0.076
2026,5304069,Norman Taylor,Mississippi Valley State,RB,0.166,0.247,0.072
2026,5304081,Christian White,Nicholls,WR,0.036,0.0,0.071
2026,5304085,Caleb Brownlow,Mississippi Valley State,WR,0.071,0.011,0.159
2026,5304114,Spencer Ferguson,Weber State,RB,0.263,0.469,0.083
2026,5304122,Robert Young,Weber State,WR,0.083,0.011,0.138
2026,5304129,Emanuel Fincher,Mercyhurst,RB,0.061,0.12,0.016
2026,5304132,Tyler Tusai,Mercyhurst,QB,0.165,0.02,0.29
2026,5304135,Camden Lewis,Mercyhurst,TE,0.065,0.029,0.097
2026,5304138,Jameir Gamble,Mercyhurst,RB,0.196,0.42,0.043
2026,5304166,Jason Woods,Mercyhurst,WR,0.038,0.0,0.065
2026,5304167,Sha'lik Hampton,Mercyhurst,TE,0.027,0.0,0.047
2026,5304323,Willie Anderson,Bethune-Cookman,WR,0.084,0.0,0.212
2026,5304536,Mekhi Moore,Long Island University,QB,0.051,0.045,0.065
2026,5304537,Mason Pickett-Hicks,South Carolina State,RB,0.188,0.276,0.043
2026,5304541,Julian Milligan,South Carolina State,RB,0.113,0.182,0.0
2026,5304549,Shawne Jones,Stetson,WR,0.077,0.015,0.153
2026,5304561,Michael Dempsey,Stetson,RB,0.128,0.16,0.104
2026,5304566,Malachi Townsend,Stetson,WR,0.051,0.0,0.104
2026,5304682,Zaivan Offord,South Carolina State,WR,0.028,0.0,0.083
2026,5304684,Malik Brightwell,South Carolina State,WR,0.023,0.012,0.043
2026,5304952,Boakai Veikei,Long Island University,WR,0.035,0.0,0.077
2026,5304953,Tristin McFarland,Long Island University,TE,0.033,0.0,0.082
2026,5304954,Santana Young,Long Island University,WR,0.017,0.0,0.042
2026,5304955,Jayden Simpson,Long Island University,WR,0.072,0.017,0.143
2026,5305159,Joseph Towler,Morgan State,WR,0.059,0.0,0.115
2026,5305431,Kieren Jackson,Florida A&M,WR,0.095,0.0,0.178
2026,5305463,Nicholas Woodford,Central Michigan,RB,0.041,0.067,0.0
2026,5305530,Ramon McKinney Jr.,South Dakota State,RB,0.08,0.112,0.0
2026,5305824,Gerard Grewe,Tennessee Tech,TE,0.016,0.0,0.03
2026,5305901,Shamar Vick,Norfolk State,WR,0.062,0.074,0.042
2026,5306440,Evan Medders,Air Force,QB,0.122,0.099,0.261
2026,5306457,Hayden Benoit,Grambling,QB,0.035,0.029,0.046
2026,5306510,Zerrick Jones,Grambling,RB,0.055,0.105,0.0
2026,5306630,Kyjuan Taylor,Florida A&M,RB,0.028,0.0,0.048
2026,5306654,Jaquan Mcgee,Texas Southern,WR,0.076,0.0,0.22
2026,5306659,Daylen Wilson,Texas Southern,WR,0.024,0.0,0.054
2026,5307005,Mason McKenzie,Boston College,QB,0.693,0.439,1.0
2026,5308438,Ashton Strother,Southern,QB,0.114,0.0,0.25
2026,5308669,Traveon Green,Incarnate Word,RB,0.02,0.028,0.0
2026,5308878,Zach Stair,Georgia State,WR,0.028,0.0,0.073
2026,5309672,Sylas Maiava-Alaimalo,Air Force,WR,0.027,0.008,0.13
2026,5310001,Paul Summers,Arkansas-Pine Bluff,WR,0.035,0.0,0.083
2026,5310132,Daniel Swinney,Sacramento State,RB,0.129,0.213,0.033
2026,5310992,Barry Kpeenu,North Dakota State,RB,0.036,0.062,0.0
2026,5311304,George Rohl,Minnesota,TE,0.014,0.0,0.031
2026,5320102,Isaiah Pina,Southern,TE,0.045,0.0,0.103
2026,5323149,Dorian Patterson,New Mexico,WR,0.028,0.0,0.074
2026,5325545,Tre Garrison,Oregon State,RB,0.021,0.053,0.009
2026,5326123,Jamal Polite Jr.,Iowa State,WR,0.018,0.0,0.053
2026,5326881,Trysten Laughlin,UTSA,TE,0.014,0.0,0.023
2026,5326902,Jerrod Williams Jr.,Furman,WR,0.016,0.0,0.035
2026,5326947,Bailen George,New Mexico,WR,0.083,0.0,0.261
2026,5327017,Amar'e Johnson,Missouri State,RB,0.089,0.135,0.0
2026,5327140,Niko Castillo,Minnesota,RB,0.055,0.103,0.0
2026,5327235,Solomon Baggett,Arkansas State,RB,0.138,0.205,0.0
2026,5327494,Nakeem Powell,Delaware,RB,0.069,0.179,0.0
2026,5327583,Tavian Dashiell,Massachusetts,WR,0.025,0.0,0.071
2026,5327585,Aedan McCarthy,Massachusetts,QB,0.1,0.0,0.286
2026,5327601,Brandon White,Kent State,RB,0.148,0.242,0.04
2026,5327618,Isaiah Watson,Colorado State,WR,0.014,0.0,0.027
2026,5327659,Trae'shawn Brown,Alabama,RB,0.084,0.131,0.018
2026,5328086,Elijah Holmes,Buffalo,QB,0.464,0.155,0.681
2026,5328488,Luke Dehnicke,Northwestern,TE,0.055,0.0,0.115
2026,5331284,Stone Furrey,South Carolina,WR,0.021,0.0,0.051
2026,5331747,Tyree Holloway,LSU,WR,0.023,0.0,0.044
2026,5332125,Tanner Vibabul,James Madison,QB,0.016,0.0,0.036
2026,5333436,Preston Hatfield,Missouri,RB,0.051,0.091,0.0
2026,5363611,Raymond Liggins III,UConn,WR,0.027,0.0,0.063
2026,5369943,Ejani Shakir,Maryland,WR,0.025,0.0,0.053
2026,5369947,Quayd Hendryx,Minnesota,WR,0.014,0.0,0.031
2026,5371961,Gordon Sellars III,Clemson,WR,0.02,0.0,0.038
2026,5372128,Matt Mayfield,Mississippi State,WR,0.013,0.0,0.024
2026,5375131,Nick Lautar,Ohio State,TE,0.014,0.0,0.026
2026,5378098,Tex Vaughn,NC State,TE,0.042,0.0,0.111
2026,5381375,Gavin Nuckolls,Georgia State,QB,0.042,0.0,0.091
2026,5381512,Jordyn Adams,SMU,WR,0.036,0.0,0.061
2026,5381523,James Lewis,Cincinnati,RB,0.025,0.042,0.0
2026,5381557,Braeden Robinson,Houston,WR,0.015,0.022,0.0
2026,5382524,Andrew Chavez,Fresno State,RB,0.018,0.035,0.0
2026,5382529,Deuce Lawrence,Wake Forest,RB,0.212,0.352,0.063
2026,5382841,LT Robinson,UL Monroe,WR,0.03,0.0,0.077
2026,5382854,CJ Phillip,UL Monroe,RB,0.037,0.051,0.019
2026,5382856,Bryson Roland,UL Monroe,RB,0.224,0.372,0.019
2026,5382857,Trevon Kinchen,UL Monroe,RB,0.028,0.053,0.0
2026,5382869,Marcellus Jackson,UL Monroe,WR,0.112,0.026,0.25
2026,5382898,Landon Varnes,Kennesaw State,QB,0.122,0.043,0.229
2026,5382987,Jaden Miller,Louisiana Tech,RB,0.069,0.127,0.0
2026,5382992,Rayshun Hurt,Louisiana Tech,RB,0.083,0.135,0.0
2026,5383050,Terrence Brown,Middle Tennessee,RB,0.042,0.0,0.068
2026,5383058,Koraun Perdue,Middle Tennessee,TE,0.033,0.0,0.054
2026,5383072,Michael Osei-Bonsu,Missouri State,TE,0.013,0.0,0.038
2026,5384625,Jack Reeves,Kansas,RB,0.026,0.039,0.0
2026,5384681,Derrick Salley Jr.,Kansas State,WR,0.069,0.0,0.185
2026,5384739,Justin Powell,Rice,RB,0.024,0.029,0.0
2026,5384797,Brett Holloway,Sam Houston,QB,0.015,0.038,0.0
2026,5384819,Kedrick Triplett,West Virginia,WR,0.016,0.0,0.083
2026,5384820,Keon Hutchins,West Virginia,WR,0.016,0.0,0.083
2026,5384821,Martavious Boswell,West Virginia,RB,0.127,0.157,0.0
2026,5384823,Armoni Weaver-Bomar,West Virginia,WR,0.036,0.018,0.111
2026,5385726,Tyren Hornes,UCF,WR,0.026,0.0,0.054
2026,5385742,Ace Cooper,Ball State,WR,0.014,0.031,0.0
2026,5385753,Jay Kastantin,Bowling Green,QB,0.483,0.164,0.978
2026,5385754,Marceles Carey,Bowling Green,RB,0.04,0.065,0.0
2026,5387611,Jaylen Andrews,Buffalo,WR,0.078,0.0,0.132
2026,5387612,Clint Walker,Buffalo,TE,0.059,0.0,0.099
2026,5387646,Myles Peters,Central Michigan,TE,0.016,0.0,0.043
2026,5388300,Demonte Greene,Temple,WR,0.016,0.0,0.056
2026,5388310,Ethan Thanthanavong,Kent State,QB,0.02,0.0,0.043
2026,5388331,Curtis Kimmons IV,Massachusetts,RB,0.152,0.212,0.054
2026,5388332,Jabari Lewis,Massachusetts,WR,0.025,0.0,0.071
2026,5388364,Price Davis,Air Force,FB,0.013,0.014,0.0
2026,5388370,Oswaldo Morales,Air Force,RB,0.013,0.014,0.0
2026,5388435,Caleb Heavner,Miami (OH),QB,0.096,0.086,0.094
2026,5388754,Gavin Griffin,Troy,RB,0.187,0.338,0.0
2026,5388765,Bryce Burgess,Troy,RB,0.014,0.026,0.0
2026,5388800,Janerious Jackson,Nevada,RB,0.017,0.024,0.0
2026,5388929,Kelan McInerney,Northern Illinois,WR,0.069,0.0,0.133
2026,5388937,Glen Weber,Northern Illinois,TE,0.024,0.0,0.048
2026,5390023,Jeremiah Nash,UTEP,WR,0.053,0.015,0.116
2026,5390417,Antojuan Woody,Florida Atlantic,WR,0.013,0.0,0.029
2026,5390418,Leonard Farrow,Florida Atlantic,RB,0.116,0.237,0.022
2026,5391236,Kari Ashley,TCU,TE,0.091,0.0,0.194
2026,5391331,Evan Blouir,Navy,QB,0.022,0.028,0.0
2026,5391358,Jacob Williams,Navy,RB,0.063,0.068,0.0
2026,5393157,Journee Tonga,BYU,RB,0.029,0.044,0.0
2026,5393160,Jared Esplin,BYU,WR,0.014,0.0,0.043
2026,5394415,Khamoni Robinson,Toledo,QB,0.105,0.067,0.161
2026,5394557,Ja'Varien Salter,Old Dominion,RB,0.085,0.136,0.0
2026,5394591,Eelijah Singleton,Southern Miss,WR,0.055,0.0,0.129
2026,5394595,Jaylen Himes,Southern Miss,WR,0.041,0.0,0.097
2026,5394596,Steven Robinson,Southern Miss,RB,0.283,0.487,0.048
2026,5397589,Elijah Alexander,Akron,TE,0.064,0.0,0.129
2026,5397590,Gentz Hilburn,Akron,WR,0.071,0.0,0.143
2026,5401457,Kenyon Shabazz,Sacramento State,WR,0.047,0.0,0.064
2026,5401458,Brian Salazar,Sacramento State,QB,0.014,0.0,0.036
2026,5402058,Jerry Harrison,Bucknell,WR,0.055,0.0,0.097
2026,5402083,Tom Arth,Bucknell,TE,0.05,0.0,0.094
2026,5402091,Peyton Way,Colgate,WR,0.013,0.0,0.034
2026,5402097,O'Shea Faison,Colgate,RB,0.102,0.147,0.049
2026,5402098,Caleb Naumann,Colgate,RB,0.06,0.077,0.039
2026,5402131,Crew Colon,Fordham,QB,0.018,0.0,0.0
2026,5402179,Samir Crosby,Georgetown,WR,0.017,0.0,0.037
2026,5402188,Liam Zelman,Holy Cross,QB,0.016,0.045,0.0
2026,5402213,Kameron Vance,Lafayette,WR,0.029,0.017,0.04
2026,5402220,Malachi Gamble,Lafayette,RB,0.073,0.167,0.0
2026,5402231,Drew Watson,Lafayette,WR,0.069,0.0,0.116
2026,5402247,Aidan Mayfield,Lehigh,RB,0.165,0.223,0.027
2026,5402260,Bryce Allen,Richmond,WR,0.094,0.0,0.181
2026,5402290,Nolan DiLucia,Villanova,QB,0.063,0.037,0.088
2026,5402298,Jake Hilton,Villanova,WR,0.077,0.0,0.167
2026,5402312,Brandon Way Jr.,Villanova,RB,0.079,0.185,0.0
2026,5402325,Khylil Johnson,William & Mary,WR,0.067,0.01,0.134
2026,5402328,Patrick Blee,William & Mary,QB,0.038,0.051,0.026
2026,5402331,Luke Vanantwerp,William & Mary,WR,0.045,0.0,0.093
2026,5402348,Jacob Mullins,William & Mary,WR,0.013,0.0,0.027
2026,5402476,TJ Smith,Charleston Southern,WR,0.059,0.0,0.122
2026,5402477,Kordell Lewis,Charleston Southern,WR,0.031,0.0,0.059
2026,5402482,Harry Smalls,Charleston Southern,RB,0.122,0.253,0.0
2026,5402512,Jackson Moseley,Charleston Southern,TE,0.016,0.0,0.03
2026,5402554,Samuel Gonzalez,Eastern Illinois,WR,0.071,0.0,0.169
2026,5402555,Eli Evans,Eastern Illinois,WR,0.029,0.033,0.026
2026,5402564,Tyren Buggs,Eastern Illinois,RB,0.077,0.111,0.039
2026,5402579,Whitten Weems,Eastern Illinois,TE,0.037,0.0,0.082
2026,5402597,Noah Triplett,Lindenwood,RB,0.101,0.171,0.019
2026,5402599,Carter Dowell,Lindenwood,RB,0.018,0.032,0.0
2026,5402628,Demetrius Pearce,Southeast Missouri State,WR,0.028,0.0,0.057
2026,5402635,Tristin Purnell,Southeast Missouri State,WR,0.056,0.01,0.104
2026,5403603,Christian Kramer,Butler,QB,0.013,0.0,0.043
2026,5403609,Spike Woods,Butler,RB,0.067,0.1,0.0
2026,5403611,Jack Linden,Butler,RB,0.08,0.12,0.0
2026,5403613,Sam Manna,Butler,RB,0.094,0.153,0.0
2026,5404620,Riley Warzynski,Drake,QB,0.759,0.283,0.949
2026,5404623,Braylon Wilson,Drake,QB,0.077,0.114,0.067
2026,5404624,Kellen Haverback,Drake,QB,0.011,0.0,0.015
2026,5404629,Marquis Monroe,Drake,RB,0.022,0.095,0.0
2026,5404657,Grayson Myer,Drake,WR,0.05,0.0,0.067
2026,5405039,Tanner Payne,Elon,QB,0.061,0.025,0.1
2026,5405043,Kamerin McDowell-Moore,Elon,RB,0.265,0.398,0.063
2026,5405046,Xavier Spadacini,Elon,RB,0.028,0.044,0.0
2026,5405072,Josiah Payton,Elon,WR,0.015,0.0,0.04
2026,5405077,Tayvion McCoy,Cal Poly,WR,0.13,0.01,0.255
2026,5405103,Jadon Anderson,Cal Poly,WR,0.019,0.01,0.028
2026,5405108,Sean Byrd,Rhode Island,WR,0.015,0.0,0.036
2026,5405186,Kae'Andre Sayles,UT Rio Grande Valley,WR,0.012,0.0,0.028
2026,5405194,An'Tiyan Neal,Stonehill,WR,0.027,0.0,0.061
2026,5405195,Jaylin Baker,Stonehill,WR,0.057,0.0,0.124
2026,5405196,Rayshaun King,Stonehill,RB,0.036,0.088,0.0
2026,5405239,Kendrick Agenor,Bryant,RB,0.132,0.204,0.039
2026,5405241,Jordan Bennett,Bryant,RB,0.116,0.185,0.026
2026,5405271,Jaxon Bell,Eastern Washington,RB,0.055,0.106,0.017
2026,5405290,Will McKissick,Eastern Washington,TE,0.027,0.0,0.05
2026,5405293,Oliver Luebkert,Eastern Washington,WR,0.057,0.0,0.1
2026,5405301,Deontae Williams,Delaware State,WR,0.026,0.024,0.029
2026,5405328,Daniel Smith,Delaware State,TE,0.022,0.0,0.044
2026,5405351,Jayden White,North Carolina A&T,WR,0.054,0.0,0.089
2026,5405369,Chaz Portis,Hampton,WR,0.064,0.01,0.129
2026,5405370,Amari Pryear,Hampton,RB,0.106,0.188,0.024
2026,5405431,Corey Rideout,Maine,WR,0.041,0.017,0.066
2026,5405435,Keyon Concepcion,Maine,WR,0.055,0.0,0.112
2026,5405446,Aidan Winter,Maine,RB,0.049,0.115,0.0
2026,5405455,Major Leak,Maine,WR,0.033,0.0,0.066
2026,5405465,Chandler Coe,Campbell,TE,0.015,0.0,0.025
2026,5405469,Khalil Price,Campbell,WR,0.015,0.0,0.025
2026,5405473,Jon Gullette,Campbell,RB,0.112,0.122,0.109
2026,5405477,Taeshon Martin,Campbell,RB,0.149,0.348,0.05
2026,5405498,Christian Campbell,Campbell,WR,0.03,0.0,0.05
2026,5405499,Aaryn Tate,Campbell,WR,0.032,0.0,0.057
2026,5405516,Damonte Bias,Idaho,RB,0.09,0.167,0.02
2026,5405522,Kenny Golston,Idaho,RB,0.036,0.079,0.0
2026,5405525,Ferrari Miller,Idaho,RB,0.13,0.229,0.04
2026,5405544,Derrick Miller,Howard,WR,0.026,0.0,0.054
2026,5405547,Naseem Pacheco,Howard,WR,0.02,0.0,0.042
2026,5405549,Jadarian Collins,Howard,WR,0.02,0.0,0.042
2026,5405550,Ryan Umphrey,Howard,QB,0.013,0.0,0.026
2026,5405591,Lawson Dixon,SE Louisiana,WR,0.067,0.0,0.164
2026,5405601,Desmen Jefferson,SE Louisiana,WR,0.034,0.0,0.087
2026,5405607,Issac Mooring III,SE Louisiana,QB,0.016,0.0,0.037
2026,5405627,Ethan Holbrook,Mercyhurst,WR,0.03,0.014,0.043
2026,5405660,Kenny Smith Jr,Monmouth,RB,0.236,0.451,0.081
2026,5405662,Christian Harrison,Monmouth,WR,0.041,0.0,0.073
2026,5405672,Frankie Tackett Jr,Monmouth,WR,0.011,0.0,0.022
2026,5405703,Eli Aragon-Cruz,Idaho State,WR,0.108,0.0,0.2
2026,5405704,Jimmy Trilla,Idaho State,WR,0.064,0.0,0.113
2026,5405721,Owen Tomich,Idaho State,WR,0.018,0.0,0.031
2026,5405732,Quentin Skillings,Illinois State,RB,0.052,0.097,0.0
2026,5405734,Albert Gooden III,Illinois State,RB,0.034,0.065,0.0
2026,5405735,Anthony Hall,Illinois State,RB,0.024,0.045,0.0
2026,5405751,Ty Carlson,New Hampshire,WR,0.065,0.0,0.128
2026,5405779,Carter Dahlke,Montana State,WR,0.036,0.01,0.067
2026,5405788,Breck Reed,Montana State,WR,0.014,0.0,0.026
2026,5405824,Frenchmon Bethea,Stony Brook,WR,0.033,0.0,0.058
2026,5405828,Dillon Mohammed,Robert Morris,QB,0.015,0.029,0.0
2026,5405829,Kendric Thomas,Robert Morris,RB,0.043,0.078,0.011
2026,5405830,Isaac Matthews IV,Robert Morris,WR,0.02,0.05,0.0
2026,5405854,Tyreke Jinks,Robert Morris,TE,0.033,0.0,0.069
2026,5405857,J'Kharri Thomas,Robert Morris,RB,0.209,0.406,0.032
2026,5405880,Sage Ingram,Northwestern State,RB,0.124,0.194,0.022
2026,5405895,Darius Haskin,Northern Arizona,WR,0.017,0.0,0.033
2026,5405896,Donivan Dixon,Northern Arizona,QB,0.113,0.063,0.143
2026,5405898,Lindsey Graves,Northern Arizona,RB,0.016,0.026,0.0
2026,5405929,Jashaun Amin,Towson,WR,0.052,0.0,0.106
2026,5405930,Xavier Pugh,Towson,RB,0.099,0.167,0.047
2026,5405931,Jacob Davis,Towson,QB,0.076,0.077,0.082
2026,5405933,Mason Cunningham,Towson,WR,0.019,0.0,0.033
2026,5405957,Xavier Colbert,Towson,TE,0.024,0.0,0.045
2026,5406177,Lynn Wyche-El,Youngstown State,WR,0.133,0.041,0.223
2026,5406179,Bryan Hunt,Youngstown State,WR,0.054,0.0,0.107
2026,5406181,Connor Smith,Youngstown State,WR,0.014,0.0,0.032
2026,5406185,Zion Neal,Youngstown State,WR,0.029,0.026,0.032
2026,5406213,Cross Watson,Morehead State,WR,0.036,0.0,0.072
2026,5406215,Blake Fisher,Morehead State,RB,0.053,0.097,0.0
2026,5406216,Kris Lloyd,Morehead State,RB,0.06,0.103,0.0
2026,5406223,Will Richardson,Morehead State,TE,0.015,0.0,0.038
2026,5406240,Mak Hoover,Morehead State,WR,0.031,0.0,0.073
2026,5406242,Delano Collins,Morehead State,WR,0.016,0.0,0.034
2026,5406244,Gabe Linkous,Morehead State,WR,0.023,0.0,0.045
2026,5406698,Adrian Cormier,Gardner-Webb,RB,0.141,0.26,0.085
2026,5407532,Amari Mcarthur,Tennessee Tech,WR,0.026,0.0,0.052
2026,5408456,Ashton Schumann,Chattanooga,WR,0.115,0.0,0.304
2026,5410232,Brevin Caldwell,Norfolk State,WR,0.061,0.0,0.145
2026,5410662,Bryce Marcus,Gardner-Webb,WR,0.013,0.0,0.019
2026,5412011,Caysen Lanza,Tennessee Tech,TE,0.013,0.0,0.027
2026,5412019,Cedric Benning Iii,Valparaiso,RB,0.086,0.182,0.029
2026,5413484,Connor Ackerley,Furman,QB,0.061,0.041,0.091
2026,5414138,Daedae Allen,Arkansas-Pine Bluff,WR,0.019,0.0,0.04
2026,5414268,Damari Heller,Presbyterian,WR,0.011,0.0,0.02
2026,5414450,Daniel Growney,UAlbany,WR,0.022,0.012,0.04
2026,5414542,Daniel White,Valparaiso,WR,0.059,0.0,0.123
2026,5414672,Darius Bailey,Portland State,WR,0.033,0.0,0.056
2026,5414870,David Hargro,Western Illinois,TE,0.054,0.0,0.122
2026,5414973,Davin Driskell,Lamar,TE,0.075,0.011,0.148
2026,5415903,Dominic Haney,Gardner-Webb,WR,0.013,0.0,0.019
2026,5416075,Donovyn Omolo,Central Arkansas,QB,0.524,0.261,0.946
2026,5417142,Eric Rasheed,Mercer,WR,0.087,0.019,0.174
2026,5418598,Greg Donaldson,Nicholls,WR,0.04,0.0,0.091
2026,5419455,Isaac Tran,Valparaiso,WR,0.017,0.0,0.035
2026,5419632,Isaiah Simmons,Marist,RB,0.156,0.261,0.057
2026,5419701,Israel Hiraldo,Western Illinois,WR,0.039,0.016,0.062
2026,5421621,Jamauri Knox,Norfolk State,WR,0.026,0.0,0.06
2026,5421924,Jareese Howard,Alabama State,RB,0.121,0.16,0.063
2026,5422379,Jayden Hibbler,Incarnate Word,RB,0.115,0.237,0.036
2026,5423820,Jordan Barnett,Morgan State,RB,0.144,0.304,0.013
2026,5425111,Kaeden Smith,Prairie View A&M,QB,0.09,0.05,0.126
2026,5426001,Kevin Lalin,Chattanooga,RB,0.366,0.541,0.116
2026,5426067,Keyon Butler,Incarnate Word,RB,0.031,0.079,0.0
2026,5426162,Khristian Means,East Tennessee State,TE,0.016,0.0,0.034
2026,5429996,Mordecai Ford,St. Thomas (MN),RB,0.124,0.16,0.092
2026,5431301,Olando Kamara,The Citadel,RB,0.041,0.068,0.0
2026,5434670,Tj Ramsey,Alabama State,RB,0.052,0.047,0.063
2026,5435768,Trevon Kemmerlin,Jackson State,WR,0.028,0.0,0.075
2026,5436002,Tristan Stitt,North Carolina Central,WR,0.051,0.0,0.13
2026,5437807,Zach Phipps,Incarnate Word,WR,0.063,0.0,0.109
2026,5437957,Zahmari Palode-Gary,Mercer,RB,0.154,0.279,0.012
2026,5438084,Zayvion Turner-Knox,Prairie View A&M,RB,0.048,0.063,0.039
2026,5438540,Attawan Mays,Robert Morris,WR,0.017,0.0,0.033
2026,5438546,Mykel Allen,Murray State,RB,0.212,0.367,0.074
2026,5438586,Trenton Walker,Murray State,WR,0.028,0.0,0.065
2026,5438595,Justus Murray Jr,UAlbany,WR,0.069,0.0,0.116
2026,5438626,Jacob Kania,Western Illinois,WR,0.059,0.0,0.133
2026,5438627,Gage Sturgill,Western Illinois,QB,0.013,0.02,0.0
2026,5438628,Xavier Coleman,Western Illinois,WR,0.031,0.0,0.062
2026,5438631,Cornell Conely,Western Illinois,WR,0.016,0.026,0.0
2026,5438683,Nathan Gray,Long Island University,RB,0.19,0.309,0.042
2026,5438702,Daveon Daniels,Long Island University,WR,0.018,0.0,0.038
2026,5438704,Gianni Marino,Long Island University,TE,0.026,0.0,0.065
2026,5438897,Christian Monfort,West Georgia,RB,0.056,0.125,0.011
2026,5438935,Brendan Ravin,Davidson,WR,0.026,0.0,0.043
2026,5438965,Makhia Sherrard,UT Martin,WR,0.055,0.019,0.11
2026,5438970,Jaydon Peete,UT Martin,RB,0.057,0.096,0.017
2026,5439022,Boobie Leavell,Chattanooga,WR,0.014,0.0,0.045
2026,5439149,Tyler Dudden,Central Arkansas,QB,0.063,0.044,0.118
2026,5439150,Que Tillman,Central Arkansas,TE,0.022,0.022,0.024
2026,5439154,Tremayne Harris Jr.,Central Arkansas,RB,0.032,0.044,0.0
2026,5439155,Enoch Assan,Central Arkansas,RB,0.048,0.067,0.0
2026,5439243,Jamaal Hall II,Houston Christian,WR,0.056,0.0,0.161
2026,5439249,Hayden Drinkard,Houston Christian,RB,0.214,0.324,0.0
2026,5439261,Nehemiah Jordan,Houston Christian,WR,0.017,0.0,0.045
2026,5439262,TJ Burch,Houston Christian,WR,0.017,0.0,0.04
2026,5439307,Chase Richardson,Nicholls,QB,0.143,0.105,0.19
2026,5439315,Keven Williams,Nicholls,RB,0.049,0.077,0.0
2026,5439345,Dezmond Ray,Mississippi Valley State,RB,0.142,0.226,0.043
2026,5439351,Christian Bond,Mississippi Valley State,WR,0.058,0.0,0.14
2026,5439371,Nicholas Buggs,Mississippi Valley State,WR,0.041,0.011,0.087
2026,5439372,Montrell Conner,Mississippi Valley State,WR,0.034,0.0,0.083
2026,5439373,Jaylen King,Mississippi Valley State,TE,0.083,0.0,0.203
2026,5439441,Da'Jean Golmond,Norfolk State,QB,0.111,0.056,0.18
2026,5439443,Ty Jackson,Norfolk State,QB,0.059,0.056,0.066
2026,5439445,Da'Sean Golmond,Norfolk State,WR,0.022,0.0,0.049
2026,5439447,Kameron Casnave,Norfolk State,RB,0.052,0.097,0.0
2026,5439484,Kaeden Gilstrap,Wofford,QB,0.018,0.0,0.037
2026,5439505,Nate Dahle,Weber State,QB,0.692,0.254,0.968
2026,5439508,Jasean Mayberry,Weber State,WR,0.064,0.0,0.105
2026,5439516,Seth Rigtrup,Weber State,RB,0.074,0.121,0.041
2026,5439519,Semisi Kinikini,Weber State,RB,0.025,0.074,0.0
2026,5439556,La'akea Kalama,Weber State,WR,0.013,0.0,0.021
2026,5439558,Porter Hadley,Weber State,WR,0.013,0.0,0.02
2026,5439618,Decedric Stokes,Northern Colorado,WR,0.014,0.0,0.025
2026,5439625,Caleb Johnson,Presbyterian,WR,0.094,0.0,0.186
2026,5439630,Jayden Torres,Presbyterian,QB,0.059,0.05,0.07
2026,5439632,Anton Smith,Presbyterian,WR,0.071,0.063,0.081
2026,5439635,Brice Johnson,Presbyterian,WR,0.1,0.025,0.174
2026,5439636,Khamari Marceus,Presbyterian,WR,0.011,0.0,0.02
2026,5439638,Jackson Burleson,Presbyterian,RB,0.118,0.213,0.035
2026,5439640,Tony O'Banner,Presbyterian,RB,0.04,0.054,0.027
2026,5439645,Tyree Pearson,Presbyterian,RB,0.053,0.054,0.054
2026,5439684,Ricky Guillory,Presbyterian,WR,0.027,0.0,0.054
2026,5439688,Ethan Medley,Presbyterian,TE,0.032,0.0,0.061
2026,5439689,Sean McNamara,Presbyterian,TE,0.011,0.0,0.02
2026,5439696,Gage Armbruster,West Florida,WR,0.03,0.0,0.087
2026,5439734,Jalile Bost,Gardner-Webb,WR,0.066,0.0,0.106
2026,5439814,Kelvin Perkins III,Austin Peay,QB,0.102,0.182,0.0
2026,5439818,Ni'Kel Lewis,Austin Peay,RB,0.102,0.152,0.043
2026,5439833,Isaac Kareem-Maman,Austin Peay,WR,0.017,0.0,0.043
2026,5439834,Xzavier Webber,Austin Peay,WR,0.034,0.0,0.087
2026,5439848,Drew Parrott,VMI,RB,0.016,0.02,0.0
2026,5439849,Jace Ballard,VMI,RB,0.018,0.0,0.063
2026,5439850,Trevin Simon,VMI,RB,0.05,0.067,0.0
2026,5439853,Adin Watters,VMI,RB,0.018,0.0,0.063
2026,5439887,Russell Tye,Valparaiso,RB,0.05,0.098,0.0
2026,5439920,Marquez Spells,Morgan State,RB,0.047,0.045,0.056
2026,5439926,James Davis III,Morgan State,TE,0.034,0.0,0.059
2026,5439927,Jaylen Burke,Morgan State,RB,0.034,0.083,0.0
2026,5439929,Chase Belin,Morgan State,RB,0.017,0.042,0.0
2026,5439937,Nick Williams,Morgan State,TE,0.018,0.0,0.033
2026,5439949,Elijah Stevenson,Morgan State,TE,0.027,0.0,0.05
2026,5439957,Lantavious Murphy,Grambling,WR,0.025,0.0,0.057
2026,5439961,Schuylar Turnbull,Grambling,QB,0.019,0.038,0.0
2026,5439964,Christopher Davis,Grambling,WR,0.019,0.0,0.038
2026,5440041,Malachi Casey,Lamar,WR,0.031,0.0,0.063
2026,5440055,Abraham Munguia,Lamar,WR,0.015,0.03,0.0
2026,5440070,Gino Addison,North Carolina Central,RB,0.145,0.195,0.053
2026,5440073,Jaylen Moore,North Carolina Central,RB,0.065,0.098,0.0
2026,5440664,Shaun Jackson,New Haven,RB,0.077,0.151,0.01
2026,5440710,Jaire Lewis,Wagner,RB,0.017,0.05,0.0
2026,5440714,Shawn James,Wagner,RB,0.127,0.15,0.115
2026,5440772,Develle Barksdale,Chicago State,WR,0.075,0.012,0.126
2026,5440773,DeArmond Mathews,Chicago State,WR,0.025,0.0,0.045
2026,5440778,Kaymen Coleman,Chicago State,WR,0.02,0.0,0.036
2026,5440790,Calvin Lee,Chicago State,RB,0.06,0.07,0.054
2026,5441133,Brenton Paul,Tennessee State,RB,0.149,0.303,0.036
2026,5441134,Jaden Jones,Tennessee State,WR,0.014,0.0,0.024
2026,5441141,Jerimiah Treadaway,Tennessee State,RB,0.037,0.066,0.014
2026,5441159,Daion Gaston,Tennessee State,WR,0.03,0.0,0.057
2026,5441193,Patrick Harding,Western Carolina,QB,0.034,0.0,0.056
2026,5441194,Joshua Balloon,Western Carolina,RB,0.017,0.0,0.028
2026,5441219,Mac Armstrong,Alabama A&M,QB,0.023,0.016,0.031
2026,5441221,Julius Robinson,Alabama A&M,WR,0.015,0.0,0.025
2026,5441225,Imari Conely,Alabama A&M,WR,0.018,0.0,0.026
2026,5441226,Byron Perrilliat,Alabama A&M,RB,0.048,0.103,0.01
2026,5441252,Kel Calixte,Mercer,WR,0.019,0.0,0.048
2026,5441258,Devon Caldwell,Mercer,RB,0.108,0.183,0.023
2026,5441260,McCord Purdy,Mercer,WR,0.037,0.0,0.095
2026,5441290,Jaden Lockhart,Jackson State,WR,0.042,0.0,0.113
2026,5441291,Tyler Arrington,Jackson State,RB,0.063,0.1,0.0
2026,5441294,Zalan Bennett,Jackson State,RB,0.089,0.14,0.0
2026,5441295,Jartavious Smart,Jackson State,WR,0.063,0.1,0.0
2026,5441315,Devon Anderson,Portland State,WR,0.077,0.048,0.103
2026,5441316,Jason Robinson Jr.,Portland State,WR,0.067,0.0,0.111
2026,5441318,Zui Shelton,Portland State,WR,0.029,0.037,0.025
2026,5441326,Niall Raby,Portland State,RB,0.063,0.133,0.008
2026,5441351,Tyson Hunt,Portland State,TE,0.02,0.0,0.033
2026,5441396,Aaron Frye,Alabama State,QB,0.07,0.071,0.071
2026,5441398,Keegan Anderson,Alabama State,QB,0.019,0.0,0.063
2026,5441413,John Austin,Alabama State,WR,0.035,0.0,0.095
2026,5441414,Daionte Hicks,Alabama State,WR,0.017,0.0,0.048
2026,5441426,Cayden Aukerman,Samford,WR,0.084,0.0,0.135
2026,5441429,Kevonte Corbin,Samford,WR,0.079,0.0,0.127
2026,5441436,Marquise Henderson,Samford,WR,0.101,0.024,0.146
2026,5441443,Bryon Martin,Samford,WR,0.039,0.0,0.057
2026,5441449,Will Shields,Samford,QB,0.013,0.0,0.019
2026,5441452,Jackson Stevens,Southern Utah,QB,0.015,0.0,0.04
2026,5441508,Josh Buckhalter,East Tennessee State,WR,0.034,0.0,0.087
2026,5441596,Jackson Fay,UC Davis,WR,0.016,0.0,0.026
2026,5441599,Coby Herman,UC Davis,RB,0.047,0.087,0.026
2026,5441620,Romelo Boykin,Abilene Christian,WR,0.09,0.0,0.162
2026,5441652,Nolan Chambers,Alcorn State,WR,0.032,0.0,0.07
2026,5441654,Joshua Tate,Alcorn State,RB,0.099,0.174,0.018
2026,5441658,Anthony Morgan,Alcorn State,RB,0.029,0.059,0.0
2026,5441674,Noel Butler,Alcorn State,WR,0.014,0.0,0.029
2026,5441684,Junior Curtis,Utah Tech,RB,0.017,0.042,0.0
2026,5441693,Isaac McMullin,Utah Tech,WR,0.022,0.0,0.04
2026,5441729,Zay Morris,Utah Tech,WR,0.056,0.0,0.106
2026,5441738,Trevor Haman,McNeese,WR,0.015,0.0,0.032
2026,5441766,Caleb Crenshaw,Stephen F. Austin,RB,0.076,0.109,0.032
2026,5441783,Anthony Colon,Stephen F. Austin,WR,0.02,0.0,0.048
2026,5441784,Sean Carter,Stephen F. Austin,WR,0.033,0.0,0.078
2026,5441850,Jalen Williams,Arkansas-Pine Bluff,RB,0.085,0.121,0.044
2026,5441857,Beau Bruins,Arkansas-Pine Bluff,RB,0.019,0.0,0.04
2026,5441874,David Brewer IV,Arkansas-Pine Bluff,WR,0.025,0.0,0.058
2026,5441875,Owen Colpeart,Arkansas-Pine Bluff,TE,0.015,0.0,0.037
2026,5441876,Troyce Grimsley,Arkansas-Pine Bluff,WR,0.019,0.036,0.0
2026,5441890,Chaney Fitzgerald,Prairie View A&M,WR,0.048,0.0,0.087
2026,5441891,Ky'Yon Harris,Prairie View A&M,RB,0.059,0.1,0.029
2026,5441948,Quay Middlebrooks,East Texas A&M,RB,0.151,0.26,0.036
2026,5441950,Micah Simpson,East Texas A&M,WR,0.108,0.021,0.214
2026,5441952,Tyler Stewart,East Texas A&M,WR,0.034,0.0,0.067
2026,5441957,Luke Glass,East Texas A&M,QB,0.015,0.0,0.042
2026,5442039,Maliek Denmark,Florida A&M,WR,0.041,0.0,0.078
2026,5442040,Armond Parker,Florida A&M,QB,0.149,0.0,0.25
2026,5442045,Jaquan Lee,Florida A&M,WR,0.098,0.0,0.194
2026,5442088,Jayden Reed,Indiana State,WR,0.077,0.012,0.135
2026,5442122,Landon Farco,Stetson,WR,0.064,0.0,0.129
2026,5442123,James Penley,Stetson,WR,0.062,0.0,0.136
2026,5442132,Ollie Howell,Stetson,RB,0.033,0.057,0.0
2026,5442169,Tanner Schmidt,Tarleton State,WR,0.075,0.0,0.147
2026,5442196,Champ Davis,Southern,RB,0.015,0.0,0.034
2026,5442201,Wyatt McCauley,Southern,QB,0.068,0.0,0.15
2026,5442202,Christian Johnson,Southern,QB,0.467,0.177,0.87
2026,5442207,Damien Henderson Jr.,Southern,WR,0.045,0.0,0.102
2026,5442214,Macario Dade Jr.,Southern,RB,0.045,0.045,0.05
2026,5442237,Floyd Jones,Southern,WR,0.091,0.0,0.2
2026,5442249,Gabriel Wiggins,Central Connecticut,RB,0.047,0.0,0.092
2026,5442380,Nick Gentilella,Sacred Heart,WR,0.028,0.0,0.077
2026,5442382,Poochie Snyder,Sacred Heart,QB,0.415,0.209,0.804
2026,5442389,Darius Chukwuemeka,Sacred Heart,RB,0.056,0.07,0.039
2026,5442410,JaKobe McKinnie,Mississippi Valley State,RB,0.029,0.053,0.0
2026,5442915,Cyrus Courtney,Northern Iowa,WR,0.023,0.0,0.054
2026,5442917,Caleb Kamara,Northern Iowa,RB,0.06,0.095,0.0
2026,5442944,Dewey Byrd,Duquesne,WR,0.022,0.0,0.045
2026,5442948,Drew Cook,Duquesne,WR,0.029,0.0,0.063
2026,5442974,Zamar Reese,San Diego,RB,0.078,0.128,0.017
2026,5442999,Luke Morgan,San Diego,WR,0.014,0.0,0.036
2026,5443047,Isaiah Daniel,Bethune-Cookman,RB,0.168,0.257,0.038
2026,5443071,Torre Costin,Bethune-Cookman,WR,0.014,0.0,0.033
2026,5443341,Troy Hillman,South Carolina State,WR,0.03,0.0,0.086
2026,5443342,Ronnie Robinson,South Carolina State,QB,0.158,0.094,0.286
2026,5443343,Nicolas Brown,South Carolina State,TE,0.014,0.0,0.037
2026,5443345,Malaqhi Jones,South Carolina State,WR,0.059,0.008,0.157
2026,5443348,Eric Paul Jr.,South Carolina State,WR,0.014,0.0,0.042
2026,5443351,Ricorian Brown,South Carolina State,RB,0.07,0.114,0.0
2026,5446579,James Lee,Arkansas State,RB,0.034,0.046,0.02
2026,5446698,Jaivyn Moore,Colorado State,WR,0.015,0.0,0.029
2026,5446708,Daven Amos,Colorado State,WR,0.014,0.0,0.027
2026,5446770,Nick Peal,Georgia,RB,0.145,0.265,0.0
